transaction_id,store_id,timestamp,amount,item_count,channel,promo_code
T007201,S05,2025-04-17 18:46,41.17,2,in_store,
T000476,S01,2025-04-20 13:02,32.14,2,online,
T002254,S02,2025-04-15 19:12,44.88,2,in_store,
T007946,S05,2025-05-14 16:10,53.23,3,online,
T001520,S01,2025-05-19 15:24,76.61,4,online,
T005009,S03,2025-05-28 19:04,21.45,2,online,
T006732,S04,2025-05-25 13:56,46.87,2,in_store,
T004143,S03,2025-04-28 17:26,62.02,4,in_store,
T002969,S02,2025-05-10 15:26,55.21,4,in_store,
T000033,S01,2025-04-08 14:07,155.18,10,in_store,
T004164,S03,2025-04-28 15:04,117.75,5,in_store,
T001239,S01,2025-05-12 13:49,17.42,1,online,
T003005,S02,2025-05-11 20:34,34.45,2,in_store,
T003050,S02,2025-05-12 09:15,20.01,2,in_store,
T006995,S05,2025-04-08 15:07,110.55,5,in_store,
T005278,S04,2025-04-11 12:05,46.94,4,in_store,
T006335,S04,2025-05-13 11:40,83.77,4,in_store,
T001733,S01,2025-05-25 15:56,30.47,3,in_store,
T002686,S02,2025-04-30 10:01,59.73,5,in_store,
T007361,S05,2025-04-22 19:04,20.21,1,in_store,
T002169,S02,2025-04-12 11:03,136.47,5,online,
T008234,S05,2025-05-26 18:49,90.45,4,in_store,
T004621,S03,2025-05-12 19:48,45.12,3,in_store,
T003470,S02,2025-05-27 20:04,62.2,2,online,
T005048,S03,2025-05-30 16:04,42.44,2,in_store,
T002209,S02,2025-04-13 13:54,34.1,2,online,
T005143,S04,2025-04-07 17:13,66.87,3,in_store,
T004265,S03,2025-05-03 13:07,17.34,2,online,
T005281,S04,2025-04-11 15:10,72.01,5,in_store,
T001169,S01,2025-05-10 18:27,128.99,6,in_store,
T006536,S04,2025-05-19 11:13,80.03,5,in_store,
T000414,S01,2025-04-18 14:55,16.0,2,in_store,
T001441,S01,2025-05-18 17:43,27.04,2,in_store,
T004443,S03,2025-05-10 14:53,44.7,2,online,SPRING25
T004005,S03,2025-04-22 10:02,25.26,1,online,
T007174,S05,2025-04-16 14:48,38.61,2,in_store,
T006949,S04,2025-06-01 17:19,89.99,4,online,
T000604,S01,2025-04-24 11:01,40.88,2,in_store,
T005642,S04,2025-04-22 18:28,63.49,4,in_store,
T002113,S02,2025-04-10 10:27,19.3,1,in_store,
T002552,S02,2025-04-25 16:07,22.75,2,online,
T001550,S01,2025-05-20 13:55,77.52,5,online,
T004093,S03,2025-04-26 17:30,44.06,2,online,
T008004,S05,2025-05-17 17:52,18.96,2,in_store,
T002740,S02,2025-05-02 10:38,27.5,2,in_store,
T005473,S04,2025-04-17 12:32,70.08,4,in_store,
T006376,S04,2025-05-14 18:09,55.7,2,in_store,
T004229,S03,2025-05-02 12:08,54.48,5,online,
T007352,S05,2025-04-22 11:26,85.51,4,in_store,
T001990,S01,2025-06-01 10:33,68.49,3,in_store,
T006336,S04,2025-05-13 18:18,98.1,4,in_store,
T006932,S04,2025-06-01 09:19,62.1,4,online,
T000786,S01,2025-04-29 16:29,50.44,2,in_store,
T007208,S05,2025-04-17 12:31,19.18,2,in_store,
T004420,S03,2025-05-09 13:20,37.22,2,online,
T007865,S05,2025-05-11 09:29,82.95,4,in_store,
T005185,S04,2025-04-09 09:28,88.78,4,in_store,
T006057,S04,2025-05-05 13:31,34.15,2,in_store,
T005838,S04,2025-04-28 11:03,10.86,2,in_store,
T000837,S01,2025-05-01 13:51,28.65,2,in_store,
T008203,S05,2025-05-25 11:43,47.18,3,in_store,
T004314,S03,2025-05-05 17:26,39.43,2,in_store,
T004675,S03,2025-05-15 09:36,119.14,5,in_store,
T003039,S02,2025-05-12 12:38,32.46,2,in_store,
T005325,S04,2025-04-13 12:48,58.32,3,online,
T000983,S01,2025-05-05 15:08,27.88,2,online,
T005372,S04,2025-04-14 14:58,46.34,2,online,
T000194,S01,2025-04-12 13:52,80.75,5,in_store,
T003496,S02,2025-05-27 20:32,20.68,1,online,
T004188,S03,2025-04-29 15:26,70.3,4,in_store,
T001161,S01,2025-05-10 10:14,47.93,2,in_store,
T001011,S01,2025-05-06 17:00,93.6,4,online,
T000790,S01,2025-04-30 12:27,34.47,2,online,
T006936,S04,2025-06-01 15:21,34.84,5,in_store,
T006243,S04,2025-05-11 18:51,28.64,2,online,
T005654,S04,2025-04-22 16:41,11.73,1,online,
T007641,S05,2025-05-03 12:16,15.62,1,in_store,
T005814,S04,2025-04-27 17:01,75.13,5,in_store,
T004101,S03,2025-04-26 16:43,79.66,5,online,
T001199,S01,2025-05-11 16:53,43.36,3,online,
T000129,S01,2025-04-10 14:52,20.4,2,in_store,
T002530,S02,2025-04-24 17:50,61.67,3,online,
T002238,S02,2025-04-14 19:08,20.42,1,online,
T002435,S02,2025-04-21 12:31,60.5,3,in_store,
T002431,S02,2025-04-21 14:44,26.91,2,in_store,
T004379,S03,2025-05-08 10:36,111.76,4,online,
T003567,S02,2025-05-30 14:04,40.45,2,in_store,
T006404,S04,2025-05-15 17:37,59.91,3,in_store,
T003752,S03,2025-04-11 10:33,39.64,3,in_store,
T003524,S02,2025-05-28 20:54,64.67,3,in_store,
T002634,S02,2025-04-28 09:13,37.92,2,in_store,
T003895,S03,2025-04-17 09:00,22.16,1,in_store,
T001312,S01,2025-05-14 19:08,20.54,2,in_store,
T003202,S02,2025-05-18 11:24,15.05,1,in_store,
T002574,S02,2025-04-26 10:21,20.76,1,in_store,
T001177,S01,2025-05-10 19:21,40.35,2,in_store,
T006489,S04,2025-05-18 20:40,77.06,3,in_store,
T005187,S04,2025-04-09 16:11,47.66,2,in_store,
T004874,S03,2025-05-23 16:28,37.29,3,in_store,
T005712,S04,2025-04-24 16:03,87.59,5,in_store,
T002106,S02,2025-04-10 14:59,35.12,2,in_store,
T002382,S02,2025-04-19 17:16,43.14,4,in_store,
T004437,S03,2025-05-10 12:43,78.67,4,in_store,SPRING25
T004305,S03,2025-05-05 09:34,17.24,1,in_store,
T001434,S01,2025-05-18 17:17,27.71,1,in_store,
T000410,S01,2025-04-18 19:08,195.7,6,in_store,
T001479,S01,2025-05-18 15:02,48.2,4,online,
T007347,S05,2025-04-21 09:19,38.58,2,in_store,
T004520,S03,2025-05-11 12:54,63.18,5,in_store,SPRING25
T000641,S01,2025-04-25 12:51,31.47,3,online,
T000852,S01,2025-05-01 17:43,53.42,2,in_store,
T007382,S05,2025-04-23 14:05,16.87,1,in_store,
T003616,S02,2025-06-01 12:52,78.88,5,online,
T005284,S04,2025-04-12 15:56,25.98,2,online,
T002461,S02,2025-04-21 10:51,19.4,1,in_store,
T006898,S04,2025-05-31 16:11,44.57,3,in_store,
T002803,S02,2025-05-04 12:10,26.89,2,in_store,
T007491,S05,2025-04-27 15:27,70.74,6,in_store,
T005796,S04,2025-04-27 15:47,59.74,3,in_store,
T006702,S04,2025-05-25 19:16,51.7,3,online,
T003755,S03,2025-04-11 18:14,42.5,2,in_store,
T008178,S05,2025-05-24 11:02,12.81,1,in_store,
T002280,S02,2025-04-16 13:40,64.01,3,online,
T005219,S04,2025-04-10 15:16,66.02,4,in_store,
T002878,S02,2025-05-07 16:51,47.41,3,in_store,
T007875,S05,2025-05-11 18:57,102.14,5,online,
T006833,S04,2025-05-29 15:52,128.11,6,in_store,
T003994,S03,2025-04-21 15:41,49.27,3,in_store,
T006204,S04,2025-05-10 17:19,33.77,2,in_store,
T000421,S01,2025-04-18 20:45,34.12,3,in_store,
T001175,S01,2025-05-10 09:45,58.59,3,in_store,
T002462,S02,2025-04-21 12:50,52.27,2,in_store,
T006809,S04,2025-05-28 18:45,70.72,4,in_store,
T007708,S05,2025-05-05 20:53,17.41,2,in_store,
T001268,S01,2025-05-13 12:36,49.58,5,in_store,
T000702,S01,2025-04-27 18:27,73.04,3,online,
T006207,S04,2025-05-10 10:56,84.67,4,online,
T006611,S04,2025-05-22 19:37,19.31,2,online,
T006161,S04,2025-05-08 20:38,92.33,4,in_store,
T003351,S02,2025-05-23 13:36,51.07,3,in_store,
T004676,S03,2025-05-15 15:08,37.88,4,online,
T000846,S01,2025-05-01 18:18,16.55,1,in_store,
T005842,S04,2025-04-28 12:28,79.54,6,in_store,
T005991,S04,2025-05-03 11:57,25.11,2,online,
T000262,S01,2025-04-14 14:20,24.84,1,in_store,
T000026,S01,2025-04-07 17:35,14.24,1,online,
T003728,S03,2025-04-10 16:34,55.85,4,in_store,
T007298,S05,2025-04-20 20:49,69.41,4,online,
T002455,S02,2025-04-21 18:30,31.71,2,in_store,
T007142,S05,2025-04-14 18:46,16.88,1,online,
T000856,S01,2025-05-01 17:16,44.92,2,online,
T003114,S02,2025-05-15 13:58,7.1,1,in_store,
T006697,S04,2025-05-25 18:59,66.62,4,online,
T007852,S05,2025-05-11 19:31,35.95,2,online,
T001966,S01,2025-05-31 15:49,98.76,7,online,
T007287,S05,2025-04-20 15:23,36.51,2,online,
T000760,S01,2025-04-28 17:49,13.25,1,in_store,
T001589,S01,2025-05-21 14:13,19.27,1,online,
T002793,S02,2025-05-04 12:57,39.84,2,in_store,
T004227,S03,2025-05-01 17:03,73.16,6,in_store,
T000782,S01,2025-04-29 16:22,42.17,3,online,
T002723,S02,2025-05-01 10:40,68.07,5,online,
T003256,S02,2025-05-20 11:17,54.07,4,in_store,
T006603,S04,2025-05-21 13:22,56.89,3,in_store,
T003487,S02,2025-05-27 15:33,141.26,5,online,
T001508,S01,2025-05-19 13:52,69.83,5,in_store,
T001832,S01,2025-05-28 14:32,48.33,3,online,
T003521,S02,2025-05-28 13:48,68.58,4,in_store,
T002725,S02,2025-05-01 15:19,51.61,4,in_store,
T007211,S05,2025-04-17 15:47,41.69,2,in_store,
T006910,S04,2025-05-31 15:47,41.44,4,in_store,
T005613,S04,2025-04-21 09:39,64.28,2,online,
T000642,S01,2025-04-25 17:00,20.16,1,online,
T007150,S05,2025-04-15 16:33,50.0,3,online,
T002388,S02,2025-04-19 20:30,47.17,2,online,
T006329,S04,2025-05-13 13:55,69.68,3,in_store,
T002000,S01,2025-06-01 20:19,70.98,4,in_store,
T005341,S04,2025-04-13 19:20,31.42,2,online,
T002802,S02,2025-05-04 13:43,91.04,3,online,
T007223,S05,2025-04-18 18:02,56.63,4,in_store,
T004740,S03,2025-05-17 15:29,89.46,4,in_store,
T005899,S04,2025-04-30 19:41,13.95,1,in_store,
T006965,S05,2025-04-07 16:20,9.52,2,in_store,
T008265,S05,2025-05-27 14:01,74.54,2,online,
T000066,S01,2025-04-09 11:28,67.67,4,in_store,
T005781,S04,2025-04-26 14:14,46.45,2,online,
T005926,S04,2025-05-01 17:58,31.86,2,in_store,
T000081,S01,2025-04-09 11:05,24.18,2,in_store,
T004063,S03,2025-04-24 20:10,32.27,1,online,
T003763,S03,2025-04-11 10:10,107.5,7,in_store,
T005274,S04,2025-04-11 11:39,69.03,3,online,
T001362,S01,2025-05-16 10:19,43.35,3,in_store,
T006477,S04,2025-05-17 19:45,34.8,2,in_store,
T002557,S02,2025-04-25 09:40,80.33,3,in_store,
T005412,S04,2025-04-15 12:38,42.7,3,in_store,
T000544,S01,2025-04-22 09:48,33.78,3,in_store,
T005728,S04,2025-04-25 18:18,67.65,3,in_store,
T001603,S01,2025-05-22 15:35,41.15,3,online,
T007353,S05,2025-04-22 16:52,121.75,6,in_store,
T007319,S05,2025-04-20 20:48,63.14,4,in_store,
T002449,S02,2025-04-21 15:48,68.27,4,in_store,
T000365,S01,2025-04-17 10:57,63.25,3,in_store,
T007007,S05,2025-04-09 09:17,87.95,5,in_store,
T006654,S04,2025-05-23 10:30,19.37,1,in_store,
T008020,S05,2025-05-18 20:25,32.03,4,in_store,
T005772,S04,2025-04-26 10:57,63.01,3,online,
T003332,S02,2025-05-23 09:56,17.97,1,in_store,
T006362,S04,2025-05-14 09:26,16.54,1,in_store,
T006081,S04,2025-05-05 15:56,42.52,4,online,
T006145,S04,2025-05-08 09:21,23.01,1,in_store,
T008187,S05,2025-05-24 11:16,63.89,5,in_store,
T007042,S05,2025-04-10 13:59,82.52,4,online,
T007278,S05,2025-04-19 12:07,25.09,2,in_store,
T005018,S03,2025-05-29 13:53,23.49,1,online,
T001324,S01,2025-05-15 11:40,37.0,2,in_store,
T004262,S03,2025-05-03 18:45,31.24,5,in_store,
T000357,S01,2025-04-17 20:33,120.87,6,in_store,
T007872,S05,2025-05-11 13:43,39.48,2,in_store,
T008240,S05,2025-05-26 17:15,51.54,3,in_store,
T006636,S04,2025-05-22 19:44,131.92,6,in_store,
T000253,S01,2025-04-13 18:05,29.31,2,in_store,
T007622,S05,2025-05-02 10:16,72.5,3,online,
T007036,S05,2025-04-10 16:22,15.2,1,online,
T000089,S01,2025-04-09 11:43,32.43,2,in_store,
T008293,S05,2025-05-28 13:46,19.07,1,online,
T001408,S01,2025-05-17 10:18,122.91,6,in_store,
T007032,S05,2025-04-10 15:19,18.25,2,in_store,
T008078,S05,2025-05-20 13:02,50.77,2,in_store,
T007101,S05,2025-04-13 20:12,49.9,2,in_store,
T006469,S04,2025-05-17 20:13,48.83,2,in_store,
T008111,S05,2025-05-21 12:57,27.31,2,in_store,
T000606,S01,2025-04-24 20:36,80.85,4,online,
T000698,S01,2025-04-27 12:34,53.0,2,in_store,
T005857,S04,2025-04-29 10:52,121.23,5,online,
T002985,S02,2025-05-10 10:49,25.7,2,online,
T003478,S02,2025-05-27 16:39,31.75,2,online,
T000485,S01,2025-04-20 10:56,136.31,4,in_store,
T005541,S04,2025-04-19 15:45,25.82,2,online,
T001643,S01,2025-05-23 17:03,45.1,3,online,
T008137,S05,2025-05-22 14:49,78.79,4,in_store,
T002190,S02,2025-04-13 15:38,40.95,4,in_store,
T006186,S04,2025-05-09 15:16,79.45,5,online,
T001774,S01,2025-05-26 19:34,64.11,3,online,
T004918,S03,2025-05-25 12:30,12.67,3,online,
T001699,S01,2025-05-24 12:19,52.25,3,in_store,
T006696,S04,2025-05-25 18:53,63.19,3,online,
T001523,S01,2025-05-19 13:05,99.48,4,in_store,
T000509,S01,2025-04-20 12:27,78.28,3,in_store,
T007932,S05,2025-05-13 10:54,116.3,5,in_store,
T001049,S01,2025-05-07 12:41,36.08,3,in_store,
T003295,S02,2025-05-21 20:11,11.85,1,in_store,
T000941,S01,2025-05-04 17:28,49.19,2,in_store,
T006095,S04,2025-05-06 13:58,19.35,2,online,
T007011,S05,2025-04-09 20:46,42.21,4,in_store,
T003711,S03,2025-04-09 16:48,80.18,5,in_store,
T006229,S04,2025-05-10 09:01,14.18,1,in_store,
T004949,S03,2025-05-26 13:10,35.46,2,in_store,
T006384,S04,2025-05-15 13:56,80.36,4,in_store,
T006665,S04,2025-05-24 13:31,35.5,3,in_store,
T001959,S01,2025-05-31 20:48,75.06,3,in_store,
T006212,S04,2025-05-10 10:08,14.8,1,in_store,
T000173,S01,2025-04-11 10:37,87.29,4,online,
T004354,S03,2025-05-06 20:07,67.35,3,in_store,
T005213,S04,2025-04-09 09:44,16.92,3,in_store,
T006339,S04,2025-05-13 20:51,70.35,3,online,
T000761,S01,2025-04-28 13:57,54.76,3,online,
T008261,S05,2025-05-26 15:50,48.35,3,online,
T001077,S01,2025-05-08 17:15,7.24,1,online,
T008164,S05,2025-05-23 10:49,223.85,9,online,
T006189,S04,2025-05-09 18:18,31.72,3,in_store,
T006211,S04,2025-05-10 12:57,113.62,4,in_store,
T000614,S01,2025-04-24 13:08,143.52,5,online,
T007447,S05,2025-04-26 15:29,59.47,4,in_store,
T001910,S01,2025-05-30 15:35,16.03,1,in_store,
T004830,S03,2025-05-21 19:40,61.4,3,online,
T004111,S03,2025-04-26 15:25,75.33,5,in_store,
T000902,S01,2025-05-03 15:28,31.99,2,online,
T001601,S01,2025-05-22 20:29,41.48,3,in_store,
T007727,S05,2025-05-06 12:22,17.29,1,in_store,
T006474,S04,2025-05-17 17:18,10.94,1,in_store,
T000522,S01,2025-04-21 16:32,134.0,7,in_store,
T007488,S05,2025-04-27 19:53,16.71,1,online,
T006975,S05,2025-04-07 19:15,10.02,1,in_store,
T004155,S03,2025-04-28 15:19,68.46,5,in_store,
T006346,S04,2025-05-13 18:32,45.23,2,in_store,
T002698,S02,2025-04-30 20:32,32.53,2,online,
T003751,S03,2025-04-11 12:48,55.39,3,online,
T005448,S04,2025-04-16 12:38,29.09,2,in_store,
T001804,S01,2025-05-27 18:29,67.82,4,in_store,
T007894,S05,2025-05-12 14:33,25.85,2,in_store,
T005445,S04,2025-04-16 09:23,77.29,4,in_store,
T002555,S02,2025-04-25 17:09,51.77,2,in_store,
T002772,S02,2025-05-03 19:37,35.44,2,online,
T001050,S01,2025-05-07 19:16,26.68,3,in_store,
T002758,S02,2025-05-02 16:37,17.0,1,online,
T000696,S01,2025-04-26 19:48,31.09,3,in_store,
T007653,S05,2025-05-04 20:45,91.12,3,in_store,
T008173,S05,2025-05-24 16:48,106.47,4,online,
T007173,S05,2025-04-16 09:58,37.32,3,in_store,
T008090,S05,2025-05-20 15:01,79.83,4,in_store,
T001651,S01,2025-05-23 13:13,29.87,3,in_store,
T006918,S04,2025-05-31 11:28,157.24,6,in_store,
T001431,S01,2025-05-18 14:35,19.94,1,in_store,
T001070,S01,2025-05-07 19:18,23.96,1,in_store,
T000146,S01,2025-04-11 14:55,75.36,5,in_store,
T002916,S02,2025-05-08 17:14,48.64,2,in_store,
T001592,S01,2025-05-21 19:07,68.03,4,online,
T004290,S03,2025-05-04 17:45,86.35,4,in_store,
T005031,S03,2025-05-29 09:20,84.05,4,online,
T000165,S01,2025-04-11 19:53,56.7,3,in_store,
T003671,S03,2025-04-07 20:39,82.33,4,online,
T001818,S01,2025-05-27 16:13,44.93,3,online,
T004903,S03,2025-05-24 14:30,28.16,4,in_store,
T006077,S04,2025-05-05 14:03,52.11,3,online,
T004870,S03,2025-05-23 20:07,107.6,5,online,
T003799,S03,2025-04-13 16:57,31.44,1,in_store,
T004073,S03,2025-04-25 10:40,48.15,2,in_store,
T008122,S05,2025-05-22 16:56,56.96,3,in_store,
T007229,S05,2025-04-18 13:59,65.67,3,in_store,
T001148,S01,2025-05-10 20:47,41.71,4,online,
T002248,S02,2025-04-14 12:53,55.06,4,in_store,
T006635,S04,2025-05-22 16:16,37.91,2,in_store,
T002315,S02,2025-04-17 09:58,78.8,5,in_store,
T003990,S03,2025-04-20 19:38,36.17,2,online,
T000906,S01,2025-05-03 18:45,34.83,2,in_store,
T007117,S05,2025-04-13 16:33,81.04,5,online,
T001018,S01,2025-05-06 20:16,58.47,4,in_store,
T002942,S02,2025-05-09 16:31,80.82,4,online,
T003873,S03,2025-04-16 09:46,40.36,2,in_store,
T007567,S05,2025-04-30 20:31,40.99,4,in_store,
T002478,S02,2025-04-22 15:57,39.76,3,in_store,
T007004,S05,2025-04-09 12:27,134.84,4,in_store,
T004473,S03,2025-05-10 15:58,92.08,5,in_store,
T001901,S01,2025-05-29 20:21,22.01,1,online,
T006122,S04,2025-05-07 10:08,21.07,1,in_store,
T001478,S01,2025-05-18 12:38,38.81,3,in_store,
T002041,S02,2025-04-07 18:35,14.11,3,in_store,
T007922,S05,2025-05-13 11:43,20.9,2,in_store,
T006792,S04,2025-05-27 11:26,71.32,4,in_store,
T007880,S05,2025-05-11 16:09,37.34,2,online,
T001159,S01,2025-05-10 19:40,51.1,3,online,
T003532,S02,2025-05-28 16:24,97.25,5,online,
T001788,S01,2025-05-26 11:30,71.79,4,in_store,
T006073,S04,2025-05-05 11:48,9.14,1,online,
T007900,S05,2025-05-12 11:39,50.03,2,in_store,
T005813,S04,2025-04-27 15:34,33.33,2,online,
T003834,S03,2025-04-15 15:45,104.24,4,online,
T004714,S03,2025-05-17 12:52,67.0,4,in_store,
T006780,S04,2025-05-27 12:30,79.33,4,online,
T007501,S05,2025-04-28 17:54,46.62,3,online,
T005969,S04,2025-05-02 17:58,59.87,2,online,
T007417,S05,2025-04-24 15:14,30.1,2,in_store,
T008354,S05,2025-05-30 10:47,20.32,2,in_store,
T000896,S01,2025-05-03 20:42,60.37,3,in_store,
T005131,S04,2025-04-07 14:48,48.43,3,in_store,
T003037,S02,2025-05-12 10:49,48.78,3,online,
T001815,S01,2025-05-27 12:51,65.13,5,online,
T003276,S02,2025-05-21 14:27,40.47,3,in_store,
T003145,S02,2025-05-16 13:03,21.92,2,in_store,
T000915,S01,2025-05-03 15:42,92.44,5,in_store,
T005698,S04,2025-04-24 17:59,19.34,2,in_store,
T006401,S04,2025-05-15 16:21,47.31,3,in_store,
T002043,S02,2025-04-07 11:07,67.66,3,in_store,
T007550,S05,2025-04-30 11:23,58.53,3,in_store,
T004461,S03,2025-05-10 13:27,39.21,2,online,SPRING25
T000951,S01,2025-05-04 16:07,33.93,2,in_store,
T000087,S01,2025-04-09 10:44,39.78,3,in_store,
T002389,S02,2025-04-19 13:19,56.01,3,online,
T001098,S01,2025-05-08 16:17,28.47,2,in_store,
T002614,S02,2025-04-27 10:13,54.12,3,in_store,
T002417,S02,2025-04-20 10:33,31.2,2,in_store,
T005179,S04,2025-04-08 20:57,64.29,3,online,
T006774,S04,2025-05-27 19:39,37.35,3,in_store,
T004967,S03,2025-05-27 12:24,43.36,3,online,
T007109,S05,2025-04-13 17:10,55.43,5,in_store,
T001243,S01,2025-05-12 18:19,47.25,3,in_store,
T000094,S01,2025-04-09 19:16,53.44,2,in_store,
T006034,S04,2025-05-04 09:30,25.38,2,in_store,
T007258,S05,2025-04-19 13:22,64.9,3,in_store,
T003848,S03,2025-04-15 11:57,41.6,2,in_store,
T004545,S03,2025-05-11 15:16,39.74,2,in_store,SPRING25
T000483,S01,2025-04-20 14:33,14.84,1,in_store,
T004355,S03,2025-05-06 11:22,42.56,2,in_store,
T007439,S05,2025-04-25 17:37,71.96,3,in_store,
T007377,S05,2025-04-23 14:43,86.71,4,in_store,
T007626,S05,2025-05-03 15:10,80.4,4,in_store,
T005309,S04,2025-04-12 15:51,42.64,3,in_store,
T006134,S04,2025-05-07 13:07,89.19,4,in_store,
T001296,S01,2025-05-14 12:58,49.3,2,in_store,
T002473,S02,2025-04-22 17:24,18.99,1,in_store,
T006599,S04,2025-05-21 11:46,102.15,5,in_store,
T002237,S02,2025-04-14 13:39,82.73,3,in_store,
T006866,S04,2025-05-30 12:24,22.62,2,online,
T008460,S09,2025-04-22 17:15,70.49,5,in_store,
T002313,S02,2025-04-17 20:44,7.54,1,online,
T007327,S05,2025-04-20 10:18,6.21,3,online,
T007231,S05,2025-04-18 12:13,104.39,4,in_store,
T001632,S01,2025-05-22 12:33,61.92,4,online,
T004098,S03,2025-04-26 13:46,31.64,4,online,
T006176,S04,2025-05-09 09:29,70.88,4,in_store,
T007035,S05,2025-04-10 12:50,15.58,1,in_store,
T007009,S05,2025-04-09 16:48,50.61,3,in_store,
T006093,S04,2025-05-06 14:27,17.3,3,in_store,
T007104,S05,2025-04-13 13:10,78.41,3,online,
T007568,S05,2025-04-30 20:22,24.07,2,in_store,
T004266,S03,2025-05-03 10:59,43.13,2,in_store,
T004292,S03,2025-05-04 12:52,29.2,1,online,
T004883,S03,2025-05-23 16:53,18.71,1,in_store,
T006479,S04,2025-05-18 17:13,21.36,2,in_store,
T007098,S05,2025-04-13 18:10,51.98,2,in_store,
T001022,S01,2025-05-06 09:06,55.5,3,in_store,
T007458,S05,2025-04-26 17:55,55.76,4,in_store,
T004135,S03,2025-04-27 09:56,11.38,2,in_store,
T006594,S04,2025-05-21 10:22,31.57,2,online,
T003782,S03,2025-04-13 12:34,17.19,1,in_store,
T006585,S04,2025-05-21 19:41,34.86,3,online,
T002220,S02,2025-04-13 09:13,45.45,4,in_store,
T005285,S04,2025-04-12 10:24,48.36,3,in_store,
T006068,S04,2025-05-05 18:37,29.78,3,in_store,
T001936,S01,2025-05-31 15:12,69.58,3,in_store,
T005819,S04,2025-04-27 18:50,69.04,4,in_store,
T005423,S04,2025-04-16 19:15,72.58,4,in_store,
T000257,S01,2025-04-14 17:11,96.36,4,in_store,
T003803,S03,2025-04-13 18:06,13.78,1,in_store,
T004791,S03,2025-05-19 11:38,61.23,3,in_store,
T006192,S04,2025-05-10 16:52,59.97,4,in_store,
T001962,S01,2025-05-31 10:14,32.87,2,in_store,
T001560,S01,2025-05-20 20:02,72.36,4,in_store,
T003701,S03,2025-04-08 16:10,24.7,1,in_store,
T004057,S03,2025-04-24 12:39,75.19,4,online,
T006297,S04,2025-05-12 15:04,72.67,3,in_store,
T001076,S01,2025-05-08 17:17,91.53,6,in_store,
T007768,S05,2025-05-08 20:24,51.62,2,in_store,
T007829,S05,2025-05-10 09:59,37.38,2,in_store,
T008202,S05,2025-05-25 15:06,139.27,5,online,
T007817,S05,2025-05-09 09:48,75.49,3,in_store,
T008427,S05,2025-06-01 17:55,74.64,6,online,
T004848,S03,2025-05-22 12:42,45.6,3,in_store,
T007588,S05,2025-05-01 12:24,28.81,2,in_store,
T006622,S04,2025-05-22 14:18,53.65,3,online,
T004898,S03,2025-05-24 16:39,20.2,1,in_store,
T004251,S03,2025-05-03 15:04,24.9,1,online,
T006710,S04,2025-05-25 18:30,60.61,4,in_store,
T001036,S01,2025-05-07 15:17,139.9,6,in_store,
T007483,S05,2025-04-27 18:53,83.08,4,online,
T005935,S04,2025-05-01 18:59,12.96,1,in_store,
T003228,S02,2025-05-19 16:36,63.95,3,online,
T003374,S02,2025-05-24 10:31,55.24,4,online,
T001740,S01,2025-05-25 20:57,135.17,6,online,
T005121,S04,2025-04-07 20:29,26.61,1,in_store,
T001251,S01,2025-05-13 18:13,11.1,1,in_store,
T004611,S03,2025-05-12 17:33,73.23,4,in_store,
T000681,S01,2025-04-26 19:55,44.41,2,in_store,
T001432,S01,2025-05-18 20:44,32.91,2,in_store,
T005677,S04,2025-04-23 12:53,52.44,2,online,
T007255,S05,2025-04-19 10:32,27.89,2,in_store,
T008066,S05,2025-05-19 17:30,64.48,4,in_store,
T006438,S04,2025-05-16 16:57,96.64,4,in_store,
T006088,S04,2025-05-06 15:47,48.12,3,online,
T003298,S02,2025-05-21 19:26,15.68,1,in_store,
T004287,S03,2025-05-04 15:07,57.25,3,online,
T000994,S01,2025-05-05 13:14,79.47,7,in_store,
T006653,S04,2025-05-23 13:31,12.41,2,in_store,
T002166,S02,2025-04-12 09:31,18.39,2,in_store,
T005565,S04,2025-04-20 20:28,35.38,3,in_store,
T004645,S03,2025-05-13 19:06,98.62,5,online,
T005626,S04,2025-04-21 14:05,67.19,4,in_store,
T001375,S01,2025-05-16 10:15,79.86,3,online,
T001835,S01,2025-05-28 15:46,33.04,2,in_store,
T001975,S01,2025-05-31 10:43,47.02,3,in_store,
T003592,S02,2025-05-31 10:46,27.33,2,in_store,
T001331,S01,2025-05-15 16:56,44.35,3,in_store,
T001692,S01,2025-05-24 12:33,29.3,2,in_store,
T003942,S03,2025-04-19 19:42,11.34,1,in_store,
T004286,S03,2025-05-04 10:12,75.71,3,online,
T000432,S01,2025-04-18 19:16,81.36,4,in_store,
T004915,S03,2025-05-25 16:32,65.97,3,in_store,
T001633,S01,2025-05-22 10:55,27.91,1,online,
T002635,S02,2025-04-28 13:52,47.46,3,online,
T003328,S02,2025-05-22 19:11,75.04,4,online,
T001743,S01,2025-05-25 15:43,37.12,3,in_store,
T008331,S05,2025-05-29 13:06,49.18,2,online,
T008419,S05,2025-06-01 12:06,67.09,4,in_store,
T008466,S09,2025-05-05 20:03,40.2,2,in_store,
T000643,S01,2025-04-25 20:54,57.33,3,online,
T001512,S01,2025-05-19 14:39,69.41,3,in_store,
T002448,S02,2025-04-21 11:59,83.58,4,in_store,
T001989,S01,2025-06-01 15:46,39.01,2,in_store,
T005012,S03,2025-05-28 19:36,32.58,2,in_store,
T006848,S04,2025-05-29 16:42,51.77,3,online,
T005268,S04,2025-04-11 18:57,104.15,4,online,
T002467,S02,2025-04-22 16:32,92.68,4,in_store,
T000974,S01,2025-05-05 12:55,13.24,1,in_store,
T004210,S03,2025-04-30 09:40,63.39,4,in_store,
T004056,S03,2025-04-24 18:41,31.85,2,in_store,
T004374,S03,2025-05-07 19:55,43.23,2,in_store,
T004890,S03,2025-05-24 14:33,103.5,5,in_store,
T003540,S02,2025-05-29 18:02,32.69,3,in_store,
T001332,S01,2025-05-15 16:43,19.67,1,in_store,
T003502,S02,2025-05-27 15:24,38.11,3,online,
T006131,S04,2025-05-07 11:42,121.43,5,in_store,
T004373,S03,2025-05-07 19:39,93.34,5,in_store,
T004148,S03,2025-04-28 17:19,82.06,5,in_store,
T002265,S02,2025-04-15 19:43,46.44,2,online,
T001257,S01,2025-05-13 16:13,44.08,2,in_store,
T000247,S01,2025-04-13 15:28,28.36,2,in_store,
T002375,S02,2025-04-19 19:47,74.84,5,online,
T007455,S05,2025-04-26 16:32,100.07,6,in_store,
T004462,S03,2025-05-10 15:38,66.92,3,in_store,SPRING25
T008072,S05,2025-05-19 12:08,84.4,4,in_store,
T006470,S04,2025-05-17 19:14,34.58,2,in_store,
T003396,S02,2025-05-24 16:18,51.29,4,in_store,
T005330,S04,2025-04-13 10:17,32.14,2,online,
T002590,S02,2025-04-26 15:23,47.02,2,in_store,
T008366,S05,2025-05-30 10:39,19.89,1,in_store,
T005968,S04,2025-05-02 16:14,25.58,2,in_store,
T001397,S01,2025-05-17 19:36,42.82,3,online,
T002147,S02,2025-04-12 18:12,106.25,4,online,
T008082,S05,2025-05-20 13:26,37.03,3,in_store,
T006639,S04,2025-05-22 19:38,20.25,1,online,
T003019,S02,2025-05-11 09:22,68.97,5,in_store,
T001600,S01,2025-05-22 20:03,37.94,3,online,
T004440,S03,2025-05-10 12:20,59.08,3,in_store,SPRING25
T005713,S04,2025-04-24 18:10,51.08,3,in_store,
T006605,S04,2025-05-21 13:17,26.0,1,in_store,
T000374,S01,2025-04-17 15:15,87.54,3,in_store,
T007365,S05,2025-04-22 12:05,37.77,4,online,
T005068,S03,2025-05-30 14:07,41.89,2,in_store,
T002736,S02,2025-05-02 10:00,19.54,3,in_store,
T003614,S02,2025-05-31 15:19,18.79,1,in_store,
T006000,S04,2025-05-03 18:40,34.59,2,in_store,
T002440,S02,2025-04-21 11:55,53.4,2,in_store,
T000088,S01,2025-04-09 10:15,59.02,5,in_store,
T005970,S04,2025-05-02 10:39,56.01,3,online,
T004857,S03,2025-05-22 11:09,81.31,4,online,
T008108,S05,2025-05-21 09:18,17.47,1,in_store,
T002203,S02,2025-04-13 15:57,43.94,2,in_store,
T006495,S04,2025-05-18 16:55,41.82,3,online,
T001763,S01,2025-05-26 15:51,54.79,3,in_store,
T000104,S01,2025-04-09 10:21,67.4,3,in_store,
T000240,S01,2025-04-13 11:34,37.61,3,in_store,
T004184,S03,2025-04-29 09:22,141.21,7,in_store,
T005495,S04,2025-04-18 15:22,14.26,1,in_store,
T003558,S02,2025-05-29 11:01,63.41,4,in_store,
T004893,S03,2025-05-24 19:02,17.62,1,online,
T002348,S02,2025-04-18 19:37,36.37,2,online,
T003901,S03,2025-04-18 20:53,16.97,2,in_store,
T000528,S01,2025-04-21 16:34,40.6,2,in_store,
T003243,S02,2025-05-20 16:02,70.05,3,in_store,
T001381,S01,2025-05-16 18:06,38.29,2,in_store,
T005808,S04,2025-04-27 10:33,52.67,2,in_store,
T004698,S03,2025-05-16 17:25,47.75,2,in_store,
T005374,S04,2025-04-14 13:18,59.26,5,in_store,
T005707,S04,2025-04-24 14:47,53.54,5,in_store,
T003151,S02,2025-05-16 19:32,44.29,2,in_store,
T004329,S03,2025-05-06 20:17,14.06,1,in_store,
T000480,S01,2025-04-20 17:41,51.27,3,in_store,
T005844,S04,2025-04-28 14:32,37.41,2,in_store,
T002618,S02,2025-04-27 14:32,76.39,4,in_store,
T000249,S01,2025-04-13 16:32,82.99,4,in_store,
T005385,S04,2025-04-14 14:51,38.67,2,in_store,
T000478,S01,2025-04-20 14:27,34.6,2,in_store,
T004014,S03,2025-04-22 10:24,78.59,4,in_store,
T000519,S01,2025-04-21 18:08,57.35,3,in_store,
T006043,S04,2025-05-04 17:47,18.97,1,in_store,
T003462,S02,2025-05-26 13:04,35.49,3,online,
T002648,S02,2025-04-28 10:44,42.92,3,in_store,
T004313,S03,2025-05-05 17:46,15.64,1,online,
T007874,S05,2025-05-11 12:46,23.14,2,in_store,
T002263,S02,2025-04-15 13:15,23.25,1,online,
T003011,S02,2025-05-11 09:48,73.42,4,online,
T002581,S02,2025-04-26 11:13,118.4,3,in_store,
T003174,S02,2025-05-17 12:59,36.01,2,online,
T001455,S01,2025-05-18 16:10,27.76,1,online,
T003801,S03,2025-04-13 16:42,19.16,1,online,
T007661,S05,2025-05-04 11:42,17.07,1,in_store,
T000238,S01,2025-04-13 16:46,171.51,6,in_store,
T007121,S05,2025-04-13 18:42,28.33,2,in_store,
T005885,S04,2025-04-29 16:12,56.94,3,online,
T002507,S02,2025-04-23 19:47,47.14,2,in_store,
T007003,S05,2025-04-09 18:09,25.07,2,in_store,
T005236,S04,2025-04-10 18:31,10.84,1,in_store,
T004321,S03,2025-05-05 12:26,67.95,3,in_store,
T006257,S04,2025-05-11 14:25,45.77,4,in_store,
T003941,S03,2025-04-19 11:03,71.26,5,online,
T006802,S04,2025-05-28 11:21,54.94,3,in_store,
T001205,S01,2025-05-11 19:41,94.82,6,in_store,
T002339,S02,2025-04-18 20:32,73.21,3,online,
T007175,S05,2025-04-16 09:01,48.13,3,in_store,
T001770,S01,2025-05-26 13:16,113.24,4,in_store,
T003190,S02,2025-05-17 14:08,25.14,1,in_store,
T001449,S01,2025-05-18 09:17,19.0,1,in_store,
T000153,S01,2025-04-11 20:27,41.76,2,online,
T006669,S04,2025-05-24 18:05,30.04,2,in_store,
T002397,S02,2025-04-20 10:08,50.08,3,in_store,
T000220,S01,2025-04-13 11:50,83.89,3,online,
T005086,S03,2025-05-31 15:58,68.28,3,online,
T005030,S03,2025-05-29 15:41,40.43,3,in_store,
T001582,S01,2025-05-21 11:35,51.79,3,in_store,
T006227,S04,2025-05-10 15:09,31.17,2,in_store,
T008398,S05,2025-05-31 17:29,52.69,3,in_store,
T001703,S01,2025-05-24 20:19,16.01,2,in_store,
T000858,S01,2025-05-01 19:08,79.54,4,in_store,
T002057,S02,2025-04-08 19:22,33.48,2,online,
T003632,S02,2025-06-01 11:28,25.55,2,in_store,
T002595,S02,2025-04-26 13:01,54.01,2,in_store,
T000141,S01,2025-04-10 15:27,59.68,3,online,
T007443,S05,2025-04-26 13:44,42.83,4,online,
T000723,S01,2025-04-27 14:07,68.92,3,online,
T001717,S01,2025-05-25 15:21,14.84,1,in_store,
T006551,S04,2025-05-20 12:19,50.29,3,in_store,
T001654,S01,2025-05-23 20:48,14.8,1,online,
T003322,S02,2025-05-22 19:33,11.18,1,online,
T000168,S01,2025-04-11 19:17,41.94,4,in_store,
T004807,S03,2025-05-20 13:50,29.12,3,in_store,
T004603,S03,2025-05-11 13:13,275.73,9,in_store,
T007882,S05,2025-05-11 14:01,21.92,1,in_store,
T004070,S03,2025-04-25 10:47,31.45,2,in_store,
T005367,S04,2025-04-14 16:06,15.69,1,in_store,
T004452,S03,2025-05-10 17:43,114.97,6,in_store,SPRING25
T006682,S04,2025-05-24 09:04,95.35,4,in_store,
T008389,S05,2025-05-31 11:42,75.22,4,in_store,
T005182,S04,2025-04-08 17:55,56.55,3,online,
T001809,S01,2025-05-27 18:39,29.79,4,in_store,
T008405,S05,2025-06-01 15:50,16.42,1,online,
T006248,S04,2025-05-11 19:03,21.72,2,online,
T002672,S02,2025-04-29 16:25,98.34,4,in_store,
T005070,S03,2025-05-31 09:16,84.01,5,in_store,
T006181,S04,2025-05-09 18:42,85.31,4,in_store,
T006109,S04,2025-05-06 16:44,24.56,1,in_store,
T008360,S05,2025-05-30 20:33,34.0,2,in_store,
T003722,S03,2025-04-10 19:58,72.16,4,online,
T001535,S01,2025-05-20 15:14,27.61,3,online,
T003163,S02,2025-05-17 11:06,13.0,1,in_store,
T004352,S03,2025-05-06 11:06,33.17,2,in_store,
T000344,S01,2025-04-16 11:25,30.52,2,in_store,
T000337,S01,2025-04-16 15:57,49.19,3,in_store,
T001006,S01,2025-05-06 16:14,99.16,4,online,
T001066,S01,2025-05-07 17:29,116.07,6,in_store,
T000354,S01,2025-04-16 12:39,20.78,3,in_store,
T006386,S04,2025-05-15 14:34,33.08,3,in_store,
T000481,S01,2025-04-20 10:27,20.86,1,in_store,
T003838,S03,2025-04-15 15:45,55.48,3,in_store,
T002149,S02,2025-04-12 19:15,52.13,5,in_store,
T004345,S03,2025-05-06 09:02,51.41,3,online,
T006835,S04,2025-05-29 13:11,26.96,2,online,
T001219,S01,2025-05-11 20:07,17.23,1,online,
T000676,S01,2025-04-26 17:56,42.12,2,in_store,
T005710,S04,2025-04-24 11:57,86.06,4,in_store,
T002289,S02,2025-04-16 10:09,25.49,3,in_store,
T005719,S04,2025-04-24 14:15,98.07,4,online,
T000301,S01,2025-04-15 19:40,99.98,5,in_store,
T004833,S03,2025-05-21 18:05,86.86,4,in_store,
T000595,S01,2025-04-23 12:21,75.38,3,in_store,
T006832,S04,2025-05-29 19:49,74.15,4,in_store,
T007110,S05,2025-04-13 17:16,77.25,4,in_store,
T003400,S02,2025-05-25 10:43,19.94,1,in_store,
T002092,S02,2025-04-10 13:07,51.99,4,in_store,
T000110,S01,2025-04-10 19:05,127.54,5,online,
T006845,S04,2025-05-29 20:23,51.37,4,online,
T007061,S05,2025-04-11 20:42,67.0,3,online,
T005124,S04,2025-04-07 17:04,27.81,3,in_store,
T002958,S02,2025-05-09 17:17,35.29,3,in_store,
T006053,S04,2025-05-04 17:44,47.27,3,online,
T005129,S04,2025-04-07 17:46,83.31,4,in_store,
T003992,S03,2025-04-21 18:36,33.69,3,in_store,
T007139,S05,2025-04-14 13:09,25.37,2,online,
T005791,S04,2025-04-26 10:39,46.04,2,in_store,
T004998,S03,2025-05-28 14:56,39.21,4,in_store,
T005295,S04,2025-04-12 19:03,83.78,4,in_store,
T001040,S01,2025-05-07 18:35,31.29,2,in_store,
T004187,S03,2025-04-29 15:10,77.42,6,in_store,
T002756,S02,2025-05-02 20:00,48.99,2,in_store,
T000283,S01,2025-04-14 18:18,59.02,3,in_store,
T003548,S02,2025-05-29 20:01,90.15,4,in_store,
T007983,S05,2025-05-16 14:44,59.84,4,in_store,
T007320,S05,2025-04-20 10:56,98.86,7,online,
T002194,S02,2025-04-13 15:53,36.02,2,in_store,
T000730,S01,2025-04-27 14:01,70.6,5,in_store,
T007566,S05,2025-04-30 09:44,70.92,5,in_store,
T005947,S04,2025-05-01 12:36,14.49,1,in_store,
T002421,S02,2025-04-20 16:41,32.22,2,online,
T001518,S01,2025-05-19 10:54,95.2,5,in_store,
T006589,S04,2025-05-21 16:46,97.68,4,online,
T001091,S01,2025-05-08 09:45,35.54,4,in_store,
T001953,S01,2025-05-31 18:26,31.13,2,in_store,
T001393,S01,2025-05-17 12:15,23.28,5,online,
T007701,S05,2025-05-05 13:39,17.88,2,online,
T001626,S01,2025-05-22 18:53,25.96,3,in_store,
T002223,S02,2025-04-14 19:23,23.44,1,online,
T003695,S03,2025-04-08 19:03,15.59,1,in_store,
T006633,S04,2025-05-22 16:32,74.49,4,in_store,
T008200,S05,2025-05-25 11:36,78.79,3,in_store,
T005275,S04,2025-04-11 16:17,101.86,5,in_store,
T001401,S01,2025-05-17 19:13,87.75,6,online,
T004544,S03,2025-05-11 16:45,170.79,8,online,SPRING25
T002192,S02,2025-04-13 13:19,46.63,3,online,
T004497,S03,2025-05-10 19:31,58.67,5,in_store,SPRING25
T000211,S01,2025-04-12 15:23,49.76,4,in_store,
T004037,S03,2025-04-23 10:39,44.0,3,online,
T007625,S05,2025-05-03 13:55,87.26,4,online,
T005257,S04,2025-04-11 17:12,20.25,1,in_store,
T000728,S01,2025-04-27 16:20,27.38,2,in_store,
T006264,S04,2025-05-11 13:19,70.02,3,in_store,
T004021,S03,2025-04-23 14:19,93.23,6,online,
T006846,S04,2025-05-29 18:32,35.15,2,in_store,
T006178,S04,2025-05-09 17:07,53.67,2,in_store,
T000433,S01,2025-04-18 11:07,52.78,4,in_store,
T005597,S04,2025-04-20 16:43,86.95,4,in_store,
T001739,S01,2025-05-25 16:35,69.44,6,in_store,
T000571,S01,2025-04-23 11:14,32.65,2,in_store,
T000542,S01,2025-04-22 17:15,32.36,2,online,
T002709,S02,2025-05-01 13:30,16.51,2,online,
T006970,S05,2025-04-07 18:20,6.64,1,in_store,
T007954,S05,2025-05-15 09:40,39.53,2,online,
T004334,S03,2025-05-06 11:54,34.39,3,in_store,
T005674,S04,2025-04-23 18:26,38.09,2,in_store,
T006814,S04,2025-05-28 15:53,61.95,5,in_store,
T001528,S01,2025-05-19 16:57,17.25,1,in_store,
T003113,S02,2025-05-14 17:01,25.3,1,online,
T007569,S05,2025-04-30 16:25,26.88,1,in_store,
T004086,S03,2025-04-25 10:21,70.92,5,in_store,
T007754,S05,2025-05-07 16:30,20.84,2,in_store,
T002516,S02,2025-04-23 11:04,162.14,8,online,
T005002,S03,2025-05-28 15:42,22.46,1,online,
T004177,S03,2025-04-29 10:54,46.69,4,in_store,
T007998,S05,2025-05-17 11:14,84.09,3,online,
T001768,S01,2025-05-26 10:25,35.18,2,online,
T007190,S05,2025-04-16 17:56,51.09,3,in_store,
T002587,S02,2025-04-26 20:45,8.12,1,in_store,
T005627,S04,2025-04-21 15:09,101.52,5,in_store,
T006213,S04,2025-05-10 20:29,36.48,3,online,
T000091,S01,2025-04-09 10:34,76.41,5,in_store,
T003842,S03,2025-04-15 18:02,71.29,3,online,
T003692,S03,2025-04-08 17:20,22.43,1,online,
T001588,S01,2025-05-21 13:24,36.65,2,in_store,
T005010,S03,2025-05-28 15:14,59.46,3,in_store,
T007305,S05,2025-04-20 14:08,46.78,2,in_store,
T006050,S04,2025-05-04 13:55,69.68,3,in_store,
T002885,S02,2025-05-07 17:35,168.45,8,in_store,
T005054,S03,2025-05-30 09:27,22.66,1,in_store,
T003510,S02,2025-05-28 14:32,116.46,6,online,
T003056,S02,2025-05-12 13:44,27.54,2,online,
T002508,S02,2025-04-23 09:30,38.51,2,online,
T006775,S04,2025-05-27 20:33,38.39,2,online,
T002447,S02,2025-04-21 20:20,77.39,4,online,
T006263,S04,2025-05-11 18:44,70.24,5,in_store,
T002593,S02,2025-04-26 17:24,61.32,4,in_store,
T002949,S02,2025-05-09 11:02,73.39,4,in_store,
T003393,S02,2025-05-24 18:45,31.65,3,in_store,
T004694,S03,2025-05-16 13:17,55.42,2,in_store,
T000881,S01,2025-05-02 14:53,15.35,1,in_store,
T007200,S05,2025-04-17 14:53,8.62,1,in_store,
T006105,S04,2025-05-06 11:58,120.45,4,in_store,
T002867,S02,2025-05-07 19:53,60.12,5,in_store,
T002796,S02,2025-05-04 13:37,55.8,3,in_store,
T001648,S01,2025-05-23 10:25,40.19,4,online,
T006317,S04,2025-05-12 09:48,56.48,3,online,
T007030,S05,2025-04-10 12:32,116.61,7,in_store,
T007230,S05,2025-04-18 13:24,66.08,3,in_store,
T008224,S05,2025-05-25 12:24,39.21,2,in_store,
T006860,S04,2025-05-30 13:28,136.89,6,in_store,
T003054,S02,2025-05-12 14:10,26.8,1,in_store,
T004361,S03,2025-05-07 14:05,61.71,3,in_store,
T002628,S02,2025-04-27 18:54,83.58,4,online,
T007167,S05,2025-04-16 13:22,15.3,2,in_store,
T008255,S05,2025-05-26 17:54,49.88,3,in_store,
T001729,S01,2025-05-25 14:13,52.08,2,online,
T001800,S01,2025-05-27 19:11,50.49,4,in_store,
T006719,S04,2025-05-25 20:49,33.29,2,in_store,
T007683,S05,2025-05-04 10:36,76.39,4,online,
T008471,S09,2025-05-29 18:37,29.95,3,in_store,
T002487,S02,2025-04-22 15:38,129.13,6,in_store,
T006030,S04,2025-05-04 10:59,58.01,3,in_store,
T004852,S03,2025-05-22 18:04,20.17,1,in_store,
T002708,S02,2025-05-01 12:19,56.35,3,in_store,
T006165,S04,2025-05-08 11:33,52.11,3,in_store,
T001254,S01,2025-05-13 19:11,37.54,3,in_store,
T007595,S05,2025-05-01 11:28,25.42,2,in_store,
T007636,S05,2025-05-03 20:51,26.99,1,online,
T002048,S02,2025-04-08 09:35,55.27,3,in_store,
T007380,S05,2025-04-23 13:30,66.46,4,in_store,
T001367,S01,2025-05-16 16:55,91.91,5,in_store,
T003454,S02,2025-05-26 17:38,132.66,4,in_store,
T002416,S02,2025-04-20 13:52,58.12,3,in_store,
T005921,S04,2025-04-30 16:53,128.11,6,online,
T006781,S04,2025-05-27 14:29,50.98,2,in_store,
T008152,S05,2025-05-23 11:34,14.45,1,in_store,
T004034,S03,2025-04-23 12:47,34.33,2,in_store,
T001418,S01,2025-05-17 10:53,78.44,4,in_store,
T000845,S01,2025-05-01 16:01,21.81,1,in_store,
T000632,S01,2025-04-25 10:01,45.35,2,in_store,
T003534,S02,2025-05-28 14:51,39.01,2,in_store,
T000847,S01,2025-05-01 12:09,47.08,3,in_store,
T001896,S01,2025-05-29 18:12,68.83,5,in_store,
T000460,S01,2025-04-19 13:09,58.87,3,online,
T007324,S05,2025-04-20 12:28,110.33,8,in_store,
T004985,S03,2025-05-27 20:55,80.6,3,in_store,
T003175,S02,2025-05-17 17:54,59.27,2,online,
T007170,S05,2025-04-16 14:58,58.38,3,in_store,
T001334,S01,2025-05-15 17:58,33.78,2,in_store,
T005806,S04,2025-04-27 19:25,53.99,3,online,
T000802,S01,2025-04-30 13:01,77.16,5,in_store,
T006964,S05,2025-04-07 19:05,43.95,2,in_store,
T001986,S01,2025-06-01 18:52,30.81,1,in_store,
T004486,S03,2025-05-10 09:20,52.2,2,in_store,SPRING25
T003211,S02,2025-05-18 18:58,29.67,2,in_store,
T000515,S01,2025-04-21 18:33,99.22,3,in_store,
T003414,S02,2025-05-25 11:16,109.08,5,in_store,
T008470,S09,2025-05-13 11:16,68.43,2,online,
T007393,S05,2025-04-23 13:09,116.09,5,in_store,
T008025,S05,2025-05-18 15:00,20.05,1,online,
T004214,S03,2025-05-01 09:41,46.51,3,online,
T002402,S02,2025-04-20 20:57,62.69,4,in_store,
T003098,S02,2025-05-14 20:11,139.57,6,in_store,
T000691,S01,2025-04-26 19:50,47.15,2,in_store,
T002395,S02,2025-04-19 16:26,152.46,5,in_store,
T004958,S03,2025-05-26 20:11,31.29,3,in_store,
T003093,S02,2025-05-14 09:48,58.19,3,in_store,
T002318,S02,2025-04-17 12:30,38.97,2,in_store,
T003264,S02,2025-05-20 11:32,14.75,2,in_store,
T002460,S02,2025-04-21 13:44,13.68,1,online,
T004606,S03,2025-05-11 18:35,184.3,7,in_store,SPRING25
T007288,S05,2025-04-20 12:52,42.79,2,in_store,
T006320,S04,2025-05-12 10:03,35.76,3,in_store,
T002900,S02,2025-05-08 15:17,85.66,5,in_store,
T007952,S05,2025-05-14 10:46,27.68,2,online,
T002726,S02,2025-05-01 09:32,7.22,1,in_store,
T003435,S02,2025-05-25 11:37,142.38,5,in_store,
T000905,S01,2025-05-03 10:47,50.48,5,in_store,
T003291,S02,2025-05-21 20:11,106.9,5,in_store,
T002957,S02,2025-05-09 09:37,14.57,1,in_store,
T000134,S01,2025-04-10 14:59,11.31,1,in_store,
T005924,S04,2025-05-01 19:50,226.36,6,in_store,
T005037,S03,2025-05-29 13:36,54.95,2,in_store,
T001197,S01,2025-05-11 16:58,32.15,3,in_store,
T003468,S02,2025-05-27 14:35,31.37,2,in_store,
T001104,S01,2025-05-08 17:23,34.2,2,in_store,
T006443,S04,2025-05-17 15:50,31.37,2,in_store,
T002588,S02,2025-04-26 19:35,79.45,3,in_store,
T007933,S05,2025-05-13 16:13,48.96,3,online,
T008024,S05,2025-05-18 12:57,12.62,2,in_store,
T007812,S05,2025-05-09 11:21,44.88,3,in_store,
T008050,S05,2025-05-18 10:02,63.22,3,online,
T002249,S02,2025-04-14 17:09,42.67,2,in_store,
T007256,S05,2025-04-19 20:56,37.38,3,in_store,
T001612,S01,2025-05-22 19:49,30.82,1,in_store,
T004300,S03,2025-05-04 18:11,29.57,2,in_store,
T006266,S04,2025-05-11 10:57,28.22,2,in_store,
T003741,S03,2025-04-10 16:50,83.68,3,in_store,
T000883,S01,2025-05-02 14:52,12.1,1,online,
T008309,S05,2025-05-28 18:10,44.13,2,online,
T007441,S05,2025-04-25 10:48,10.54,1,in_store,
T001715,S01,2025-05-25 18:47,52.16,3,in_store,
T002860,S02,2025-05-06 17:59,69.39,3,in_store,
T003277,S02,2025-05-21 11:40,43.89,5,online,
T008328,S05,2025-05-29 12:07,201.17,7,in_store,
T002682,S02,2025-04-30 20:20,40.29,2,online,
T007149,S05,2025-04-15 12:32,54.17,3,online,
T003265,S02,2025-05-20 18:55,26.57,2,in_store,
T002987,S02,2025-05-10 09:12,20.32,1,online,
T007299,S05,2025-04-20 15:50,25.58,2,online,
T006245,S04,2025-05-11 15:37,59.93,4,in_store,
T006371,S04,2025-05-14 13:12,100.35,4,in_store,
T000347,S01,2025-04-16 19:22,31.08,2,online,
T005923,S04,2025-05-01 18:49,58.44,4,online,
T003088,S02,2025-05-13 19:08,50.7,3,in_store,
T002119,S02,2025-04-11 11:51,43.35,3,in_store,
T002592,S02,2025-04-26 20:17,62.87,3,online,
T006712,S04,2025-05-25 16:32,67.56,5,in_store,
T003594,S02,2025-05-31 19:22,63.14,3,in_store,
T001014,S01,2025-05-06 12:21,81.26,3,online,
T004297,S03,2025-05-04 17:52,24.23,2,online,
T003504,S02,2025-05-27 19:24,41.06,3,in_store,
T002813,S02,2025-05-04 16:43,51.14,3,in_store,
T001727,S01,2025-05-25 18:31,18.47,1,in_store,
T004411,S03,2025-05-09 18:35,34.24,3,in_store,
T001606,S01,2025-05-22 16:29,85.91,4,in_store,
T002015,S01,2025-06-01 18:02,30.53,3,online,
T002840,S02,2025-05-06 11:48,21.93,1,in_store,
T006167,S04,2025-05-08 18:37,37.41,2,in_store,
T003364,S02,2025-05-24 09:31,29.56,2,in_store,
T001658,S01,2025-05-23 11:38,62.74,4,in_store,
T002394,S02,2025-04-19 16:59,36.72,2,online,
T006591,S04,2025-05-21 18:05,78.99,4,in_store,
T008447,S09,2025-05-23 17:08,20.37,3,online,
T000244,S01,2025-04-13 16:39,71.92,4,in_store,
T008330,S05,2025-05-29 16:09,45.01,3,online,
T002469,S02,2025-04-22 10:16,39.7,2,online,
T006432,S04,2025-05-16 09:54,14.25,3,online,
T003890,S03,2025-04-17 16:10,36.84,2,in_store,
T005918,S04,2025-04-30 12:20,66.86,3,online,
T002084,S02,2025-04-09 20:07,36.61,2,online,
T001227,S01,2025-05-12 09:14,109.18,7,in_store,
T002828,S02,2025-05-05 17:03,102.14,7,online,
T003824,S03,2025-04-14 16:22,14.89,1,in_store,
T004469,S03,2025-05-10 19:50,100.32,6,online,SPRING25
T003309,S02,2025-05-22 17:39,24.59,3,online,
T005817,S04,2025-04-27 14:19,50.32,4,online,
T004865,S03,2025-05-22 11:49,39.66,2,in_store,
T007531,S05,2025-04-29 14:48,60.61,4,in_store,
T003258,S02,2025-05-20 15:13,128.76,6,in_store,
T000049,S01,2025-04-08 13:48,52.64,3,online,
T001264,S01,2025-05-13 19:59,17.21,2,in_store,
T003689,S03,2025-04-08 12:25,31.48,2,in_store,
T003001,S02,2025-05-11 11:54,65.08,4,online,
T004814,S03,2025-05-20 12:46,59.06,2,in_store,
T007854,S05,2025-05-11 10:34,71.44,6,online,
T007213,S05,2025-04-17 12:46,25.99,3,in_store,
T000200,S01,2025-04-12 16:06,105.48,5,in_store,
T007966,S05,2025-05-15 16:14,22.38,1,online,
T007585,S05,2025-05-01 17:00,34.71,2,in_store,
T004171,S03,2025-04-29 09:07,30.95,3,in_store,
T007619,S05,2025-05-02 12:30,78.44,3,in_store,
T000656,S01,2025-04-26 12:11,88.1,4,in_store,
T006867,S04,2025-05-30 09:53,47.17,3,in_store,
T002819,S02,2025-05-05 18:29,10.37,1,online,
T000963,S01,2025-05-04 17:14,39.52,2,in_store,
T006825,S04,2025-05-28 17:04,104.97,5,in_store,
T002864,S02,2025-05-07 17:56,105.53,4,online,
T008299,S05,2025-05-28 19:42,33.22,2,online,
T002064,S02,2025-04-08 18:51,32.26,4,in_store,
T003909,S03,2025-04-18 10:33,78.38,4,in_store,
T004862,S03,2025-05-22 12:44,76.03,3,online,
T005745,S04,2025-04-25 12:38,18.95,1,online,
T004085,S03,2025-04-25 11:27,85.15,5,in_store,
T006904,S04,2025-05-31 12:17,18.2,2,online,
T000111,S01,2025-04-10 20:12,41.0,3,in_store,
T003987,S03,2025-04-20 11:39,23.23,2,in_store,
T002587,S02,2025-04-26 20:45,8.12,1,in_store,
T007330,S05,2025-04-21 10:15,31.13,3,in_store,
T006108,S04,2025-05-06 14:51,20.66,1,in_store,
T007274,S05,2025-04-19 09:18,45.5,3,in_store,
T007436,S05,2025-04-25 14:09,25.7,2,online,
T003296,S02,2025-05-21 19:44,92.68,5,in_store,
T000318,S01,2025-04-15 14:21,117.17,6,in_store,
T006556,S04,2025-05-20 18:44,29.8,2,in_store,
T004123,S03,2025-04-27 19:32,98.45,5,in_store,
T001958,S01,2025-05-31 12:28,14.04,1,in_store,
T001999,S01,2025-06-01 12:12,62.83,4,in_store,
T005948,S04,2025-05-02 17:41,30.47,2,in_store,
T005557,S04,2025-04-19 14:33,28.02,2,in_store,
T001670,S01,2025-05-23 20:26,3.0,2,in_store,
T000448,S01,2025-04-19 13:16,31.44,2,in_store,
T005733,S04,2025-04-25 14:43,82.34,3,in_store,
T000279,S01,2025-04-14 14:07,54.45,4,in_store,
T004971,S03,2025-05-27 20:46,21.49,2,online,
T002554,S02,2025-04-25 14:09,49.27,2,in_store,
T005206,S04,2025-04-09 19:27,37.95,2,in_store,
T001676,S01,2025-05-24 20:32,58.08,5,in_store,
T006394,S04,2025-05-15 20:53,48.75,3,in_store,
T002101,S02,2025-04-10 14:06,78.73,4,online,
T002768,S02,2025-05-03 16:48,59.4,4,in_store,
T006787,S04,2025-05-27 15:18,82.02,5,in_store,
T000464,S01,2025-04-19 14:25,52.33,3,online,
T000106,S01,2025-04-09 18:24,81.02,4,in_store,
T006338,S04,2025-05-13 15:27,42.13,3,in_store,
T007676,S05,2025-05-04 10:12,75.2,4,in_store,
T002533,S02,2025-04-24 18:07,147.12,6,online,
T003475,S02,2025-05-27 09:05,18.31,1,online,
T004136,S03,2025-04-27 14:23,49.05,3,in_store,
T001821,S01,2025-05-27 14:00,60.74,4,in_store,
T000758,S01,2025-04-28 17:30,54.91,2,in_store,
T007877,S05,2025-05-11 17:30,8.81,2,in_store,
T005364,S04,2025-04-14 13:02,32.23,2,in_store,
T005304,S04,2025-04-12 11:14,29.12,2,online,
T002941,S02,2025-05-09 09:31,73.54,4,in_store,
T004565,S03,2025-05-11 17:03,130.72,7,in_store,SPRING25
T007215,S05,2025-04-17 18:33,67.14,3,in_store,
T004431,S03,2025-05-09 20:19,31.62,2,in_store,
T007748,S05,2025-05-07 09:27,85.56,7,in_store,
T002778,S02,2025-05-03 17:53,52.47,2,in_store,
T004466,S03,2025-05-10 13:25,39.78,4,in_store,SPRING25
T006378,S04,2025-05-14 13:54,71.09,4,in_store,
T003626,S02,2025-06-01 19:40,52.15,2,in_store,
T001615,S01,2025-05-22 10:01,69.15,4,online,
T004581,S03,2025-05-11 20:02,75.67,7,in_store,SPRING25
T003863,S03,2025-04-16 09:54,122.54,5,online,
T008220,S05,2025-05-25 18:28,54.33,3,in_store,
T005879,S04,2025-04-29 12:49,141.36,6,online,
T004512,S03,2025-05-10 13:05,88.63,4,in_store,
T002164,S02,2025-04-12 17:10,43.11,3,in_store,
T006714,S04,2025-05-25 14:07,146.38,5,in_store,
T002327,S02,2025-04-17 14:53,50.84,3,in_store,
T007250,S05,2025-04-19 13:22,46.43,3,in_store,
T000172,S01,2025-04-11 19:01,67.82,3,in_store,
T008042,S05,2025-05-18 20:20,91.21,4,in_store,
T006554,S04,2025-05-20 18:40,61.96,4,in_store,
T004337,S03,2025-05-06 13:00,63.97,3,online,
T002274,S02,2025-04-15 15:14,11.96,1,in_store,
T006382,S04,2025-05-15 15:49,82.0,4,in_store,
T008362,S05,2025-05-30 20:21,133.78,7,online,
T000163,S01,2025-04-11 16:08,72.01,3,in_store,
T008009,S05,2025-05-17 18:48,24.68,1,in_store,
T006486,S04,2025-05-18 20:09,36.57,2,in_store,
T001997,S01,2025-06-01 12:59,90.6,6,in_store,
T000416,S01,2025-04-18 16:25,14.38,1,in_store,
T006563,S04,2025-05-20 19:52,39.95,2,in_store,
T006120,S04,2025-05-07 10:04,86.36,4,in_store,
T001913,S01,2025-05-30 20:58,79.91,4,in_store,
T003916,S03,2025-04-18 09:39,22.36,1,in_store,
T006063,S04,2025-05-05 11:00,69.85,4,in_store,
T001937,S01,2025-05-31 12:19,40.05,3,in_store,
T007720,S05,2025-05-06 10:30,29.94,2,in_store,
T006587,S04,2025-05-21 15:27,35.64,2,in_store,
T002386,S02,2025-04-19 17:07,39.7,4,in_store,
T005169,S04,2025-04-08 18:21,37.06,2,in_store,
T002787,S02,2025-05-03 18:27,28.45,3,in_store,
T002429,S02,2025-04-21 17:27,45.82,3,in_store,
T002241,S02,2025-04-14 11:46,46.86,3,in_store,
T000492,S01,2025-04-20 11:21,137.14,9,in_store,
T000457,S01,2025-04-19 12:27,71.63,5,in_store,
T005099,S03,2025-06-01 11:12,38.45,2,in_store,
T001539,S01,2025-05-20 20:37,33.03,2,online,
T000472,S01,2025-04-19 15:44,24.66,2,in_store,
T006958,S05,2025-04-07 14:46,53.52,2,online,
T005440,S04,2025-04-16 10:22,47.33,5,in_store,
T004243,S03,2025-05-02 13:46,28.61,2,in_store,
T003219,S02,2025-05-18 11:22,59.81,3,online,
T006462,S04,2025-05-17 20:41,17.23,1,online,
T003331,S02,2025-05-23 09:16,69.29,3,online,
T005729,S04,2025-04-25 14:04,50.31,3,in_store,
T004413,S03,2025-05-09 19:40,25.95,1,in_store,
T006638,S04,2025-05-22 13:49,175.72,6,in_store,
T002409,S02,2025-04-20 11:03,84.24,4,online,
T002322,S02,2025-04-17 09:16,48.62,3,online,
T000252,S01,2025-04-13 16:40,20.51,1,online,
T001116,S01,2025-05-09 14:21,64.18,5,in_store,
T000844,S01,2025-05-01 09:06,27.27,2,online,
T007437,S05,2025-04-25 15:56,20.14,1,in_store,
T007077,S05,2025-04-12 15:46,43.62,2,in_store,
T008167,S05,2025-05-24 11:13,48.87,4,in_store,
T004031,S03,2025-04-23 14:00,65.64,5,in_store,
T002507,S02,2025-04-23 19:47,47.14,2,in_store,
T003850,S03,2025-04-15 20:32,22.26,1,online,
T005976,S04,2025-05-02 14:42,107.94,5,in_store,
T002792,S02,2025-05-03 16:42,30.65,3,in_store,
T008127,S05,2025-05-22 12:40,47.06,3,in_store,
T003283,S02,2025-05-21 10:29,27.87,3,online,
T003445,S02,2025-05-26 13:20,37.88,5,in_store,
T005194,S04,2025-04-09 18:59,14.23,2,in_store,
T001105,S01,2025-05-09 14:55,49.5,2,in_store,
T005398,S04,2025-04-15 16:55,195.59,6,in_store,
T000808,S01,2025-04-30 14:40,84.32,4,in_store,
T006637,S04,2025-05-22 19:59,100.8,4,online,
T008304,S05,2025-05-28 12:42,70.09,5,in_store,
T004065,S03,2025-04-24 11:24,58.23,3,online,
T001680,S01,2025-05-24 18:28,21.22,2,in_store,
T003698,S03,2025-04-08 10:30,70.01,3,in_store,
T000925,S01,2025-05-03 12:25,42.12,4,online,
T004752,S03,2025-05-17 19:35,81.06,4,online,
T002863,S02,2025-05-06 09:26,88.17,3,in_store,
T008215,S05,2025-05-25 10:38,138.12,5,in_store,
T000751,S01,2025-04-28 18:32,58.12,3,in_store,
T006190,S04,2025-05-09 10:25,27.4,1,in_store,
T008363,S05,2025-05-30 15:37,48.47,3,in_store,
T006491,S04,2025-05-18 17:44,57.24,4,in_store,
T000792,S01,2025-04-30 14:41,117.73,5,online,
T007543,S05,2025-04-29 15:03,84.2,6,online,
T002294,S02,2025-04-16 17:34,97.8,5,in_store,
T004047,S03,2025-04-24 13:53,55.34,3,in_store,
T006497,S04,2025-05-18 09:28,76.24,4,in_store,
T003781,S03,2025-04-13 12:43,66.54,5,in_store,
T006979,S05,2025-04-08 12:04,55.76,3,in_store,
T006582,S04,2025-05-20 17:14,25.52,1,online,
T005425,S04,2025-04-16 16:02,106.22,5,online,
T006966,S05,2025-04-07 20:48,12.26,1,in_store,
T003697,S03,2025-04-08 09:21,33.8,2,online,
T002284,S02,2025-04-16 18:40,26.27,2,in_store,
T008437,S09,2025-04-28 12:42,43.56,3,in_store,
T004957,S03,2025-05-26 19:27,30.7,2,in_store,
T004573,S03,2025-05-11 19:01,99.65,4,online,
T007045,S05,2025-04-11 11:56,123.45,5,in_store,
T003300,S02,2025-05-22 16:47,13.05,1,in_store,
T001245,S01,2025-05-12 13:38,78.28,4,online,
T004787,S03,2025-05-19 20:10,65.24,5,online,
T003341,S02,2025-05-23 15:43,141.23,6,online,
T008123,S05,2025-05-22 16:07,67.55,4,in_store,
T000248,S01,2025-04-13 15:22,38.59,2,in_store,
T005370,S04,2025-04-14 09:01,37.64,2,in_store,
T000250,S01,2025-04-13 19:05,13.8,1,in_store,
T000961,S01,2025-05-04 15:30,43.79,2,in_store,
T007787,S05,2025-05-08 15:36,57.56,4,in_store,
T002623,S02,2025-04-27 17:50,113.3,7,online,
T004433,S03,2025-05-10 10:08,145.35,6,in_store,SPRING25
T007350,S05,2025-04-21 16:10,20.87,1,in_store,
T006847,S04,2025-05-29 18:30,41.02,3,in_store,
T002641,S02,2025-04-28 15:04,15.2,1,in_store,
T005313,S04,2025-04-12 11:56,15.87,2,in_store,
T007540,S05,2025-04-29 18:28,42.22,3,in_store,
T002620,S02,2025-04-27 09:31,73.57,4,in_store,
T006529,S04,2025-05-19 10:07,13.93,1,online,
T007660,S05,2025-05-04 16:00,134.61,6,online,
T002131,S02,2025-04-11 10:24,34.0,2,in_store,
T002980,S02,2025-05-10 15:09,28.37,2,in_store,
T006519,S04,2025-05-19 13:40,40.19,2,in_store,
T000196,S01,2025-04-12 15:38,75.5,6,online,
T002267,S02,2025-04-15 20:20,13.89,1,in_store,
T000400,S01,2025-04-18 15:13,69.25,3,online,
T004774,S03,2025-05-18 19:12,78.9,4,in_store,
T006718,S04,2025-05-25 16:20,31.96,3,online,
T003846,S03,2025-04-15 20:56,37.91,3,in_store,
T001530,S01,2025-05-19 17:56,54.35,3,online,
T004624,S03,2025-05-12 15:37,21.23,2,in_store,
T006858,S04,2025-05-30 15:44,19.55,1,online,
T006127,S04,2025-05-07 18:42,66.32,4,in_store,
T003832,S03,2025-04-15 14:55,48.53,4,in_store,
T003325,S02,2025-05-22 13:48,57.63,3,in_store,
T005243,S04,2025-04-10 20:09,25.5,3,in_store,
T004342,S03,2025-05-06 11:04,37.51,4,in_store,
T008375,S05,2025-05-31 11:28,98.08,3,in_store,
T003659,S03,2025-04-07 10:02,22.27,2,in_store,
T003352,S02,2025-05-23 12:04,24.13,2,in_store,
T007228,S05,2025-04-18 11:12,85.53,6,in_store,
T005203,S04,2025-04-09 15:34,21.67,2,online,
T007793,S05,2025-05-08 17:02,40.18,4,in_store,
T003893,S03,2025-04-17 15:07,116.08,6,in_store,
T003957,S03,2025-04-20 16:31,99.44,5,online,
T004860,S03,2025-05-22 12:51,28.37,2,in_store,
T004651,S03,2025-05-14 13:31,59.45,3,in_store,
T001069,S01,2025-05-07 16:20,53.62,2,in_store,
T008266,S05,2025-05-27 14:39,16.94,1,in_store,
T003014,S02,2025-05-11 17:26,42.72,2,in_store,
T002782,S02,2025-05-03 17:07,33.02,2,in_store,
T003474,S02,2025-05-27 19:48,33.53,2,online,
T004159,S03,2025-04-28 19:36,30.77,2,in_store,
T003073,S02,2025-05-13 11:10,49.58,2,in_store,
T005017,S03,2025-05-29 11:37,72.6,4,in_store,
T007438,S05,2025-04-25 11:04,67.43,4,in_store,
T000036,S01,2025-04-08 15:39,58.24,4,in_store,
T004559,S03,2025-05-11 12:41,197.51,8,in_store,SPRING25
T003416,S02,2025-05-25 18:26,63.07,5,in_store,
T002810,S02,2025-05-04 14:44,46.29,3,in_store,
T006056,S04,2025-05-05 19:41,44.48,3,in_store,
T006870,S04,2025-05-30 16:19,30.91,2,in_store,
T007883,S05,2025-05-11 09:59,56.39,3,in_store,
T002650,S02,2025-04-28 19:52,18.55,1,in_store,
T004540,S03,2025-05-11 14:18,215.3,11,in_store,
T006418,S04,2025-05-16 09:33,16.12,1,in_store,
T006895,S04,2025-05-31 09:38,43.23,2,online,
T001189,S01,2025-05-11 19:08,19.34,1,in_store,
T002560,S02,2025-04-25 17:28,62.75,3,online,
T002995,S02,2025-05-11 17:19,81.25,3,in_store,
T004332,S03,2025-05-06 17:39,29.57,2,online,
T005388,S04,2025-04-14 20:06,79.29,4,in_store,
T004594,S03,2025-05-11 19:14,62.81,6,in_store,SPRING25
T005303,S04,2025-04-12 18:19,50.02,2,in_store,
T000982,S01,2025-05-05 10:30,17.77,2,in_store,
T004767,S03,2025-05-18 19:56,17.65,1,online,
T006651,S04,2025-05-23 12:49,47.94,3,in_store,
T000266,S01,2025-04-14 17:05,87.45,3,in_store,
T000209,S01,2025-04-12 12:00,74.48,3,in_store,
T002341,S02,2025-04-18 09:19,20.44,1,online,
T000034,S01,2025-04-08 16:55,19.2,1,in_store,
T003281,S02,2025-05-21 20:26,43.92,2,online,
T005775,S04,2025-04-26 14:31,63.78,2,in_store,
T001126,S01,2025-05-09 19:49,96.23,5,online,
T004124,S03,2025-04-27 15:38,21.38,2,in_store,
T003305,S02,2025-05-22 18:36,58.66,4,online,
T007336,S05,2025-04-21 09:22,101.19,6,online,
T007485,S05,2025-04-27 17:27,110.26,4,online,
T002051,S02,2025-04-08 17:41,43.98,2,online,
T007532,S05,2025-04-29 10:57,12.35,1,in_store,
T003972,S03,2025-04-20 16:49,200.31,7,online,
T005691,S04,2025-04-23 20:03,69.53,2,in_store,
T007282,S05,2025-04-19 18:04,31.77,2,in_store,
T005429,S04,2025-04-16 12:56,32.31,2,in_store,
T007840,S05,2025-05-10 13:51,49.43,6,online,
T006147,S04,2025-05-08 10:20,51.69,4,in_store,
T005291,S04,2025-04-12 11:29,24.66,2,in_store,
T004152,S03,2025-04-28 09:03,52.31,3,in_store,
T004151,S03,2025-04-28 11:58,69.56,4,in_store,
T006389,S04,2025-05-15 19:21,82.9,4,in_store,
T000770,S01,2025-04-29 19:25,54.74,3,online,
T008370,S05,2025-05-31 10:32,42.25,2,in_store,
T002511,S02,2025-04-23 11:03,17.81,1,in_store,
T003679,S03,2025-04-07 14:10,38.26,2,in_store,
T007492,S05,2025-04-27 12:53,42.58,2,online,
T001121,S01,2025-05-09 11:24,109.76,5,online,
T005493,S04,2025-04-18 10:14,77.05,3,in_store,
T004677,S03,2025-05-15 14:42,35.85,2,in_store,
T000037,S01,2025-04-08 20:35,72.34,5,in_store,
T004666,S03,2025-05-15 15:19,17.87,1,online,
T003499,S02,2025-05-27 20:40,44.79,2,in_store,
T007463,S05,2025-04-26 20:42,68.5,3,online,
T007831,S05,2025-05-10 14:56,75.86,5,in_store,
T006721,S04,2025-05-25 09:34,123.07,6,in_store,
T004634,S03,2025-05-13 15:04,191.74,7,in_store,
T001647,S01,2025-05-23 18:05,77.59,4,in_store,
T002678,S02,2025-04-29 11:00,17.55,1,in_store,
T006274,S04,2025-05-11 20:15,62.98,4,in_store,
T002373,S02,2025-04-19 13:10,47.68,3,online,
T004804,S03,2025-05-20 09:45,13.52,2,in_store,
T008037,S05,2025-05-18 17:25,33.97,2,in_store,
T001358,S01,2025-05-16 10:12,59.3,5,in_store,
T007296,S05,2025-04-20 10:52,32.87,3,in_store,
T000978,S01,2025-05-05 11:14,27.5,1,in_store,
T003213,S02,2025-05-18 09:29,103.03,5,in_store,
T003665,S03,2025-04-07 09:45,51.32,3,online,
T001255,S01,2025-05-13 19:20,54.04,4,in_store,
T006429,S04,2025-05-16 19:02,11.91,1,in_store,
T008010,S05,2025-05-17 09:24,45.11,2,online,
T007338,S05,2025-04-21 17:32,68.68,4,online,
T003149,S02,2025-05-16 15:01,75.87,4,in_store,
T007912,S05,2025-05-13 13:40,25.9,3,online,
T000237,S01,2025-04-13 17:54,68.75,3,in_store,
T002528,S02,2025-04-24 15:04,90.63,5,online,
T000338,S01,2025-04-16 19:39,36.64,2,in_store,
T002142,S02,2025-04-11 11:11,58.19,4,in_store,
T001295,S01,2025-05-14 09:58,30.64,3,online,
T006160,S04,2025-05-08 13:32,25.35,1,in_store,
T001353,S01,2025-05-16 09:11,60.98,3,online,
T002568,S02,2025-04-25 13:54,46.73,2,online,
T003055,S02,2025-05-12 13:26,17.95,1,in_store,
T005609,S04,2025-04-21 15:42,40.89,5,in_store,
T004317,S03,2025-05-05 17:10,75.62,4,in_store,
T005896,S04,2025-04-30 09:17,62.91,4,in_store,
T003004,S02,2025-05-11 10:43,34.81,2,online,
T000006,S01,2025-04-07 14:00,29.27,2,online,
T003165,S02,2025-05-17 10:51,49.92,2,in_store,
T003657,S03,2025-04-07 11:22,24.14,2,in_store,
T004038,S03,2025-04-23 12:17,60.5,3,in_store,
T003703,S03,2025-04-09 14:41,67.39,7,in_store,
T008345,S05,2025-05-29 14:59,90.79,6,in_store,
T000666,S01,2025-04-26 14:42,47.27,3,online,
T004920,S03,2025-05-25 10:43,38.21,2,in_store,
T007780,S05,2025-05-08 20:59,60.77,3,in_store,
T003156,S02,2025-05-16 13:03,22.28,2,online,
T005337,S04,2025-04-13 20:37,34.98,2,in_store,
T004133,S03,2025-04-27 20:35,9.01,1,online,
T007895,S05,2025-05-12 19:12,58.22,2,in_store,
T008315,S05,2025-05-29 16:19,55.39,2,in_store,
T002533,S02,2025-04-24 18:07,147.12,6,online,
T002627,S02,2025-04-27 15:31,10.09,1,online,
T007496,S05,2025-04-27 18:22,84.76,4,in_store,
T007546,S05,2025-04-29 20:14,34.22,3,in_store,
T004069,S03,2025-04-24 18:47,37.52,2,online,
T005329,S04,2025-04-13 12:46,9.03,1,online,
T003995,S03,2025-04-21 17:47,20.91,1,in_store,
T000390,S01,2025-04-17 17:37,58.8,3,online,
T005959,S04,2025-05-02 18:46,6.43,2,online,
T003636,S02,2025-06-01 20:52,30.56,2,in_store,
T005061,S03,2025-05-30 16:26,87.46,3,in_store,
T003138,S02,2025-05-16 13:31,24.28,2,in_store,
T005621,S04,2025-04-21 13:30,75.78,4,in_store,
T000603,S01,2025-04-24 20:49,17.42,1,online,
T002629,S02,2025-04-27 17:45,20.45,2,in_store,
T006615,S04,2025-05-22 11:43,45.2,3,in_store,
T000003,S01,2025-04-07 17:47,15.06,1,online,
T001112,S01,2025-05-09 12:31,29.69,2,in_store,
T001341,S01,2025-05-15 16:53,10.67,2,in_store,
T006323,S04,2025-05-12 11:37,25.71,2,online,
T008129,S05,2025-05-22 11:22,32.97,2,online,
T006698,S04,2025-05-25 18:51,90.46,5,online,
T003141,S02,2025-05-16 14:58,62.05,4,in_store,
T006576,S04,2025-05-20 10:05,14.84,1,in_store,
T002093,S02,2025-04-10 13:20,55.11,4,in_store,
T004356,S03,2025-05-07 18:03,69.42,3,in_store,
T004150,S03,2025-04-28 12:24,97.33,5,online,
T001501,S01,2025-05-19 17:11,44.13,3,in_store,
T003066,S02,2025-05-13 14:09,39.52,2,online,
T005743,S04,2025-04-25 12:55,48.34,2,in_store,
T005681,S04,2025-04-23 11:57,31.86,2,online,
T001755,S01,2025-05-25 18:38,32.43,2,in_store,
T000375,S01,2025-04-17 10:30,23.4,1,in_store,
T001477,S01,2025-05-18 10:44,65.4,4,in_store,
T001808,S01,2025-05-27 15:51,96.78,4,online,
T007466,S05,2025-04-26 10:34,50.33,3,in_store,
T005789,S04,2025-04-26 13:28,21.8,2,in_store,
T000429,S01,2025-04-18 17:33,40.98,2,in_store,
T000580,S01,2025-04-23 18:29,22.82,1,in_store,
T001207,S01,2025-05-11 13:50,83.48,6,online,
T003377,S02,2025-05-24 18:13,42.33,4,in_store,
T000407,S01,2025-04-18 10:27,49.59,5,in_store,
T001233,S01,2025-05-12 20:30,134.89,5,in_store,
T002766,S02,2025-05-03 18:04,58.24,5,online,
T001491,S01,2025-05-19 10:50,70.61,3,in_store,
T007291,S05,2025-04-20 13:26,24.04,1,in_store,
T007307,S05,2025-04-20 19:11,46.88,3,online,
T007519,S05,2025-04-28 11:20,70.58,4,online,
T008298,S05,2025-05-28 10:17,29.08,2,in_store,
T007425,S05,2025-04-24 09:17,55.21,4,online,
T004194,S03,2025-04-30 18:07,34.77,3,in_store,
T003443,S02,2025-05-26 18:46,37.67,2,online,
T002771,S02,2025-05-03 09:25,25.83,1,online,
T008196,S05,2025-05-24 20:58,76.42,4,in_store,
T002932,S02,2025-05-09 20:10,23.34,2,in_store,
T007435,S05,2025-04-25 12:47,51.8,2,online,
T000078,S01,2025-04-09 11:53,18.18,1,in_store,
T007280,S05,2025-04-19 14:19,37.02,3,in_store,
T003090,S02,2025-05-13 09:11,45.85,2,in_store,
T006539,S04,2025-05-19 18:45,76.06,5,in_store,
T001101,S01,2025-05-08 14:23,106.28,5,in_store,
T004766,S03,2025-05-18 13:35,59.64,3,online,
T001719,S01,2025-05-25 18:40,22.83,2,in_store,
T007948,S05,2025-05-14 20:06,30.84,2,in_store,
T007559,S05,2025-04-30 10:19,56.96,3,online,
T002354,S02,2025-04-18 11:37,93.27,5,in_store,
T002201,S02,2025-04-13 15:00,59.28,2,in_store,
T000340,S01,2025-04-16 16:16,96.44,4,in_store,
T005332,S04,2025-04-13 13:13,32.98,2,online,
T001080,S01,2025-05-08 11:31,46.69,3,in_store,
T006198,S04,2025-05-10 14:20,52.28,2,in_store,
T006302,S04,2025-05-12 20:24,57.65,2,in_store,
T005632,S04,2025-04-22 14:32,45.94,2,in_store,
T000985,S01,2025-05-05 16:41,30.6,2,online,
T001935,S01,2025-05-31 20:13,82.28,4,in_store,
T004897,S03,2025-05-24 16:19,75.28,5,in_store,
T000309,S01,2025-04-15 17:56,52.23,3,in_store,
T004834,S03,2025-05-21 13:15,19.13,1,in_store,
T001291,S01,2025-05-14 11:57,157.99,5,in_store,
T001042,S01,2025-05-07 14:01,26.75,2,in_store,
T000326,S01,2025-04-16 18:52,63.07,3,online,
T002630,S02,2025-04-27 15:51,16.68,1,online,
T006075,S04,2025-05-05 13:16,16.34,1,online,
T002038,S02,2025-04-07 13:21,20.77,2,online,
T008007,S05,2025-05-17 11:47,55.61,3,in_store,
T003590,S02,2025-05-31 14:11,135.69,5,in_store,
T005753,S04,2025-04-26 13:21,128.3,6,online,
T006272,S04,2025-05-11 16:58,55.88,2,in_store,
T006451,S04,2025-05-17 15:45,116.16,7,in_store,
T005258,S04,2025-04-11 10:05,22.39,1,in_store,
T003562,S02,2025-05-29 14:40,20.86,2,online,
T002568,S02,2025-04-25 13:54,46.73,2,online,
T007328,S05,2025-04-20 19:48,23.12,2,in_store,
T007738,S05,2025-05-06 12:53,45.53,3,in_store,
T003612,S02,2025-05-31 11:12,38.53,4,in_store,
T002474,S02,2025-04-22 10:46,58.15,3,in_store,
T006395,S04,2025-05-15 14:04,92.26,7,in_store,
T001117,S01,2025-05-09 20:00,26.95,2,in_store,
T007554,S05,2025-04-30 10:47,79.38,4,in_store,
T007172,S05,2025-04-16 14:57,57.69,3,in_store,
T005159,S04,2025-04-08 11:49,19.16,1,in_store,
T003010,S02,2025-05-11 13:23,83.55,4,in_store,
T000048,S01,2025-04-08 17:29,61.13,3,in_store,
T005494,S04,2025-04-18 13:43,54.96,3,online,
T003485,S02,2025-05-27 10:50,106.88,5,in_store,
T005755,S04,2025-04-26 17:32,14.11,1,in_store,
T000651,S01,2025-04-25 19:23,76.93,5,in_store,
T008092,S05,2025-05-21 17:16,69.96,3,online,
T000768,S01,2025-04-29 09:00,29.68,3,online,
T006239,S04,2025-05-11 10:50,17.36,1,in_store,
T006533,S04,2025-05-19 20:22,130.06,6,online,
T005507,S04,2025-04-18 18:33,40.93,2,in_store,
T006890,S04,2025-05-31 15:41,52.93,3,in_store,
T007652,S05,2025-05-04 18:25,70.04,3,in_store,
T004160,S03,2025-04-28 20:03,32.3,2,in_store,
T001912,S01,2025-05-30 10:56,69.43,5,in_store,
T001900,S01,2025-05-29 18:31,54.55,3,online,
T000670,S01,2025-04-26 20:50,68.48,4,in_store,
T008420,S05,2025-06-01 11:05,48.13,4,online,
T006914,S04,2025-05-31 11:43,116.08,5,online,
T006444,S04,2025-05-17 14:31,52.0,3,in_store,
T004843,S03,2025-05-21 14:20,61.52,3,in_store,
T004680,S03,2025-05-15 10:55,60.23,3,in_store,
T002005,S01,2025-06-01 18:45,26.8,3,in_store,
T002168,S02,2025-04-12 10:09,12.6,1,online,
T006150,S04,2025-05-08 11:19,20.8,2,in_store,
T001095,S01,2025-05-08 20:38,28.77,1,online,
T000002,S01,2025-04-07 11:39,102.55,5,in_store,
T003516,S02,2025-05-28 11:53,35.97,3,in_store,
T003503,S02,2025-05-27 18:27,65.84,3,in_store,
T003285,S02,2025-05-21 09:49,23.95,2,in_store,
T005810,S04,2025-04-27 10:01,13.23,1,in_store,
T001249,S01,2025-05-13 19:45,60.68,3,in_store,
T006251,S04,2025-05-11 17:23,90.17,4,online,
T001974,S01,2025-05-31 16:46,49.96,4,in_store,
T002002,S01,2025-06-01 10:11,35.34,2,online,
T001445,S01,2025-05-18 20:24,31.43,2,online,
T007591,S05,2025-05-01 18:16,43.73,2,online,
T006612,S04,2025-05-22 18:55,55.53,3,in_store,
T007097,S05,2025-04-13 10:58,67.65,4,in_store,
T004913,S03,2025-05-24 14:22,15.8,1,in_store,
T008372,S05,2025-05-31 15:22,56.84,2,in_store,
T003936,S03,2025-04-19 10:12,80.68,3,online,
T001168,S01,2025-05-10 14:20,94.3,4,in_store,
T007663,S05,2025-05-04 20:36,69.93,2,in_store,
T005294,S04,2025-04-12 17:58,32.44,1,in_store,
T003914,S03,2025-04-18 18:58,18.09,2,in_store,
T001459,S01,2025-05-18 16:28,47.92,2,in_store,
T008428,S05,2025-06-01 10:38,58.32,2,online,
T004043,S03,2025-04-23 16:44,25.43,1,in_store,
T006816,S04,2025-05-28 17:38,117.76,6,online,
T003128,S02,2025-05-15 18:30,64.41,3,online,
T004459,S03,2025-05-10 13:57,25.38,4,online,SPRING25
T007494,S05,2025-04-27 16:03,58.24,3,online,
T000914,S01,2025-05-03 15:25,56.66,3,in_store,
T007891,S05,2025-05-12 19:45,59.83,4,online,
T001026,S01,2025-05-06 17:01,62.01,2,online,
T007138,S05,2025-04-14 13:29,82.6,3,online,
T006222,S04,2025-05-10 10:36,109.72,5,in_store,
T001969,S01,2025-05-31 17:32,129.39,5,in_store,
T002279,S02,2025-04-16 09:39,15.13,1,online,
T007209,S05,2025-04-17 09:05,59.94,4,in_store,
T001451,S01,2025-05-18 17:04,40.34,2,in_store,
T000103,S01,2025-04-09 13:14,12.56,1,online,
T007909,S05,2025-05-13 16:36,73.14,3,in_store,
T002882,S02,2025-05-07 11:38,29.51,2,in_store,
T004269,S03,2025-05-03 12:50,65.25,4,online,
T001753,S01,2025-05-25 16:31,48.88,3,online,
T004296,S03,2025-05-04 11:42,44.99,3,online,
T001047,S01,2025-05-07 17:14,35.53,3,online,
T000366,S01,2025-04-17 10:54,9.39,1,in_store,
T001779,S01,2025-05-26 20:36,25.92,2,online,
T004799,S03,2025-05-20 13:23,51.94,2,in_store,
T003818,S03,2025-04-14 11:46,69.06,4,in_store,
T004240,S03,2025-05-02 09:23,21.72,1,in_store,
T008305,S05,2025-05-28 17:31,43.5,3,online,
T000710,S01,2025-04-27 19:45,101.25,4,online,
T003074,S02,2025-05-13 10:22,92.37,3,online,
T008413,S05,2025-06-01 19:55,82.9,5,online,
T000747,S01,2025-04-28 14:03,52.63,3,in_store,
T002788,S02,2025-05-03 15:17,39.75,2,online,
T001244,S01,2025-05-12 16:37,11.31,1,in_store,
T008091,S05,2025-05-20 12:21,43.16,3,in_store,
T001092,S01,2025-05-08 16:27,47.78,2,in_store,
T002937,S02,2025-05-09 17:54,41.8,3,in_store,
T000608,S01,2025-04-24 17:16,32.98,2,in_store,
T003699,S03,2025-04-08 16:55,25.11,2,in_store,
T006242,S04,2025-05-11 09:19,14.5,1,in_store,
T007848,S05,2025-05-10 19:25,19.83,1,online,
T001533,S01,2025-05-20 16:06,93.34,6,online,
T000054,S01,2025-04-08 19:35,57.89,5,in_store,
T003376,S02,2025-05-24 14:06,81.15,4,in_store,
T000409,S01,2025-04-18 20:41,32.28,2,online,
T006184,S04,2025-05-09 20:48,56.63,3,in_store,
T005747,S04,2025-04-25 20:47,90.17,5,in_store,
T001494,S01,2025-05-19 19:40,87.23,4,in_store,
T000270,S01,2025-04-14 12:03,96.69,5,in_store,
T001275,S01,2025-05-13 11:05,40.34,4,in_store,
T002519,S02,2025-04-24 20:53,33.69,2,in_store,
T004828,S03,2025-05-21 16:45,18.06,2,in_store,
T003817,S03,2025-04-14 13:38,47.89,3,online,
T002175,S02,2025-04-12 20:14,32.31,4,online,
T001305,S01,2025-05-14 09:13,112.72,5,online,
T008088,S05,2025-05-20 11:11,59.6,3,in_store,
T005421,S04,2025-04-16 18:09,88.29,5,online,
T007236,S05,2025-04-18 14:35,114.87,4,online,
T004479,S03,2025-05-10 10:10,83.44,4,in_store,SPRING25
T005437,S04,2025-04-16 16:07,54.47,3,online,
T005344,S04,2025-04-13 19:51,30.05,2,in_store,
T003218,S02,2025-05-18 17:31,56.35,2,in_store,
T002837,S02,2025-05-05 16:57,76.44,5,in_store,
T002677,S02,2025-04-29 13:13,59.96,5,in_store,
T007014,S05,2025-04-09 10:10,22.67,1,in_store,
T006130,S04,2025-05-07 19:24,68.21,5,in_store,
T002246,S02,2025-04-14 11:07,39.13,2,in_store,
T007627,S05,2025-05-03 13:42,55.47,3,in_store,
T007017,S05,2025-04-09 09:23,119.64,4,in_store,
T006784,S04,2025-05-27 13:51,65.76,4,in_store,
T005591,S04,2025-04-20 13:54,30.27,2,online,
T004741,S03,2025-05-17 10:24,73.29,4,online,
T004011,S03,2025-04-22 19:35,12.73,1,in_store,
T004923,S03,2025-05-25 17:32,43.38,3,in_store,
T001059,S01,2025-05-07 11:16,74.65,3,in_store,
T006911,S04,2025-05-31 11:53,113.35,4,in_store,
T000729,S01,2025-04-27 20:56,19.29,1,in_store,
T008310,S05,2025-05-28 17:28,24.01,1,in_store,
T005847,S04,2025-04-28 17:35,26.52,2,in_store,
T001735,S01,2025-05-25 14:15,63.16,4,online,
T007511,S05,2025-04-28 09:17,101.52,7,online,
T007972,S05,2025-05-15 09:46,64.11,4,online,
T006880,S04,2025-05-30 09:25,69.53,4,in_store,
T006993,S05,2025-04-08 13:32,57.47,3,in_store,
T003344,S02,2025-05-23 11:48,29.49,1,in_store,
T008319,S05,2025-05-29 13:41,33.69,3,online,
T006295,S04,2025-05-12 11:08,10.7,1,in_store,
T005571,S04,2025-04-20 15:32,85.45,9,online,
T002561,S02,2025-04-25 13:26,58.63,2,in_store,
T004458,S03,2025-05-10 18:01,70.7,6,in_store,
T004972,S03,2025-05-27 19:49,45.59,4,online,
T007761,S05,2025-05-07 17:10,40.63,2,in_store,
T001879,S01,2025-05-29 09:53,23.37,3,in_store,
T006553,S04,2025-05-20 20:58,67.76,4,in_store,
T007506,S05,2025-04-28 12:51,61.82,2,online,
T002905,S02,2025-05-08 15:03,45.78,2,in_store,
T003441,S02,2025-05-26 16:51,28.35,2,online,
T002089,S02,2025-04-10 09:40,42.8,4,in_store,
T000205,S01,2025-04-12 18:16,64.23,4,in_store,
T004716,S03,2025-05-17 13:45,35.39,3,online,
T007166,S05,2025-04-16 18:27,35.03,2,in_store,
T004982,S03,2025-05-27 09:47,24.67,1,online,
T005122,S04,2025-04-07 10:19,45.08,3,in_store,
T003912,S03,2025-04-18 12:50,40.31,3,in_store,
T006747,S04,2025-05-26 19:01,32.7,2,in_store,
T004271,S03,2025-05-04 13:07,35.13,3,in_store,
T004941,S03,2025-05-26 12:28,20.65,2,online,
T001527,S01,2025-05-19 17:11,51.02,3,in_store,
T005410,S04,2025-04-15 19:39,85.17,5,online,
T004552,S03,2025-05-11 13:45,98.65,6,in_store,SPRING25
T000161,S01,2025-04-11 09:18,64.61,4,online,
T002292,S02,2025-04-16 19:34,134.75,5,in_store,
T004365,S03,2025-05-07 18:23,13.31,1,in_store,
T005501,S04,2025-04-18 20:13,63.23,3,in_store,
T008124,S05,2025-05-22 19:52,30.11,3,online,
T002981,S02,2025-05-10 12:16,92.17,5,in_store,
T006609,S04,2025-05-22 18:38,81.08,3,in_store,
T003528,S02,2025-05-28 13:48,20.58,1,in_store,
T002144,S02,2025-04-11 13:49,75.71,3,in_store,
T007682,S05,2025-05-04 14:20,37.86,2,in_store,
T007981,S05,2025-05-16 10:53,32.35,2,in_store,
T004823,S03,2025-05-21 11:43,36.02,2,online,
T001783,S01,2025-05-26 20:05,56.38,3,in_store,
T004134,S03,2025-04-27 19:30,58.66,3,in_store,
T000543,S01,2025-04-22 11:38,82.71,3,in_store,
T001194,S01,2025-05-11 15:57,53.01,3,in_store,
T002762,S02,2025-05-03 14:08,59.61,2,in_store,
T002695,S02,2025-04-30 09:42,87.64,4,in_store,
T000763,S01,2025-04-28 19:09,87.77,3,in_store,
T000015,S01,2025-04-07 15:21,42.88,3,in_store,
T006707,S04,2025-05-25 15:14,89.9,5,in_store,
T007176,S05,2025-04-16 16:15,58.08,2,online,
T001060,S01,2025-05-07 10:44,60.91,4,in_store,
T003807,S03,2025-04-14 20:44,65.05,3,in_store,
T004020,S03,2025-04-23 09:46,158.71,5,in_store,
T001635,S01,2025-05-22 15:03,81.99,4,online,
T001620,S01,2025-05-22 20:54,28.86,1,in_store,
T000748,S01,2025-04-28 18:32,38.81,2,online,
T003767,S03,2025-04-12 18:52,10.85,1,online,
T003343,S02,2025-05-23 19:44,29.17,2,in_store,
T000319,S01,2025-04-15 13:56,30.6,2,in_store,
T001316,S01,2025-05-14 12:15,31.58,3,in_store,
T008112,S05,2025-05-21 14:54,41.09,3,in_store,
T008245,S05,2025-05-26 17:27,36.57,2,in_store,
T006728,S04,2025-05-25 14:24,42.31,2,in_store,
T003444,S02,2025-05-26 18:20,33.72,2,in_store,
T000169,S01,2025-04-11 19:53,30.22,2,online,
T001004,S01,2025-05-06 12:52,56.13,4,online,
T007118,S05,2025-04-13 10:33,36.27,3,online,
T006749,S04,2025-05-26 09:43,41.7,3,in_store,
T004248,S03,2025-05-02 15:34,80.48,4,online,
T006415,S04,2025-05-16 20:04,61.11,3,online,
T000588,S01,2025-04-23 17:51,42.69,3,online,
T007846,S05,2025-05-10 13:08,64.82,5,online,
T006225,S04,2025-05-10 12:52,11.58,1,online,
T003007,S02,2025-05-11 20:07,37.35,3,in_store,
T008264,S05,2025-05-27 20:09,6.09,1,online,
T005174,S04,2025-04-08 18:07,33.29,3,in_store,
T004338,S03,2025-05-06 10:12,59.39,3,in_store,
T004116,S03,2025-04-27 09:30,51.45,4,in_store,
T008364,S05,2025-05-30 16:02,36.62,3,in_store,
T004102,S03,2025-04-26 16:59,44.76,4,online,
T004423,S03,2025-05-09 12:20,53.1,2,in_store,
T004689,S03,2025-05-15 17:47,62.92,4,online,
T004509,S03,2025-05-10 16:58,96.16,7,in_store,SPRING25
T003835,S03,2025-04-15 20:47,24.22,2,in_store,
T002095,S02,2025-04-10 11:53,105.92,5,in_store,
T004747,S03,2025-05-17 09:46,20.34,1,online,
T001636,S01,2025-05-22 09:47,22.51,2,in_store,
T007598,S05,2025-05-02 19:40,27.57,2,online,
T006194,S04,2025-05-10 10:26,56.43,3,in_store,
T004902,S03,2025-05-24 16:58,70.31,3,in_store,
T005436,S04,2025-04-16 14:31,52.55,2,in_store,
T004725,S03,2025-05-17 20:38,55.82,3,in_store,
T004106,S03,2025-04-26 16:15,63.62,6,in_store,
T002601,S02,2025-04-26 19:27,65.05,3,in_store,
T006600,S04,2025-05-21 11:28,25.26,3,online,
T000688,S01,2025-04-26 14:44,27.41,2,online,
T006029,S04,2025-05-04 13:36,50.46,2,online,
T002496,S02,2025-04-23 09:15,45.48,2,in_store,
T007611,S05,2025-05-02 14:34,46.1,2,in_store,
T005972,S04,2025-05-02 13:46,21.43,1,in_store,
T001378,S01,2025-05-16 20:05,88.37,4,in_store,
T004691,S03,2025-05-16 11:14,37.9,2,online,
T007536,S05,2025-04-29 19:15,180.35,6,in_store,
T008019,S05,2025-05-18 13:57,28.47,2,online,
T002759,S02,2025-05-02 20:55,41.14,3,in_store,
T006493,S04,2025-05-18 13:00,35.16,2,online,
T007367,S05,2025-04-22 16:03,58.97,2,online,
T001392,S01,2025-05-17 19:08,47.35,2,in_store,
T004496,S03,2025-05-10 10:40,84.12,4,in_store,SPRING25
T002286,S02,2025-04-16 18:38,81.02,4,in_store,
T007456,S05,2025-04-26 20:21,128.68,6,in_store,
T000853,S01,2025-05-01 18:10,26.64,2,online,
T008242,S05,2025-05-26 16:54,14.26,1,in_store,
T001973,S01,2025-05-31 15:58,86.68,5,in_store,
T002589,S02,2025-04-26 19:47,83.64,3,in_store,
T001949,S01,2025-05-31 10:07,77.99,4,online,
T000145,S01,2025-04-11 11:40,57.3,3,in_store,
T005475,S04,2025-04-17 10:22,105.58,5,in_store,
T001644,S01,2025-05-23 14:37,33.15,2,online,
T004414,S03,2025-05-09 20:53,38.2,3,online,
T001751,S01,2025-05-25 19:21,49.04,3,online,
T000222,S01,2025-04-13 18:57,16.74,1,online,
T000028,S01,2025-04-07 17:43,37.13,3,online,
T001235,S01,2025-05-12 18:34,37.17,2,online,
T005977,S04,2025-05-03 14:41,38.44,4,online,
T005549,S04,2025-04-19 09:54,36.94,3,in_store,
T001823,S01,2025-05-27 19:52,37.46,3,in_store,
T002165,S02,2025-04-12 18:14,13.29,2,in_store,
T005302,S04,2025-04-12 20:36,129.83,5,online,
T000971,S01,2025-05-05 14:37,25.98,2,in_store,
T007257,S05,2025-04-19 14:49,34.82,3,online,
T002794,S02,2025-05-04 13:06,69.79,5,online,
T002996,S02,2025-05-11 19:35,78.05,4,in_store,
T004376,S03,2025-05-08 09:00,61.4,3,online,
T006299,S04,2025-05-12 10:31,68.41,4,online,
T007192,S05,2025-04-16 20:13,24.92,2,online,
T002976,S02,2025-05-10 11:17,34.31,3,in_store,
T000686,S01,2025-04-26 19:38,54.61,3,in_store,
T005140,S04,2025-04-07 11:08,32.9,2,in_store,
T004272,S03,2025-05-04 09:08,40.66,6,online,
T001831,S01,2025-05-28 18:22,42.71,3,in_store,
T004284,S03,2025-05-04 15:15,47.53,2,in_store,
T001824,S01,2025-05-27 11:21,69.21,5,in_store,
T002565,S02,2025-04-25 15:27,97.97,6,in_store,
T001668,S01,2025-05-23 15:11,47.17,3,online,
T005170,S04,2025-04-08 10:13,24.62,4,online,
T005389,S04,2025-04-15 11:27,10.68,1,in_store,
T007629,S05,2025-05-03 18:37,173.59,6,in_store,
T004224,S03,2025-05-01 15:16,28.69,2,in_store,
T001365,S01,2025-05-16 10:21,102.35,7,in_store,
T007401,S05,2025-04-24 20:53,70.97,2,in_store,
T000671,S01,2025-04-26 17:15,60.1,4,online,
T005890,S04,2025-04-29 17:38,19.15,1,online,
T003230,S02,2025-05-19 15:48,32.78,3,in_store,
T004988,S03,2025-05-27 12:42,137.11,6,in_store,
T002727,S02,2025-05-01 11:12,90.54,5,in_store,
T007984,S05,2025-05-16 20:09,40.5,2,in_store,
T003849,S03,2025-04-15 14:28,49.01,3,in_store,
T005350,S04,2025-04-13 11:52,41.68,2,in_store,
T003206,S02,2025-05-18 14:15,20.5,1,in_store,
T001577,S01,2025-05-21 11:29,53.18,4,online,
T005578,S04,2025-04-20 17:30,83.91,4,online,
T005439,S04,2025-04-16 18:32,18.59,1,in_store,
T004132,S03,2025-04-27 11:03,41.07,3,online,
T002735,S02,2025-05-02 19:26,50.29,2,in_store,
T000396,S01,2025-04-17 19:07,35.71,3,in_store,
T006940,S04,2025-06-01 18:22,97.4,4,in_store,
T006452,S04,2025-05-17 13:59,19.92,2,online,
T005715,S04,2025-04-24 15:48,26.93,1,in_store,
T004241,S03,2025-05-02 12:56,70.72,4,in_store,
T004859,S03,2025-05-22 10:45,18.78,1,in_store,
T000243,S01,2025-04-13 10:08,65.6,2,in_store,
T005040,S03,2025-05-29 18:12,46.79,3,in_store,
T006646,S04,2025-05-23 15:52,53.06,4,online,
T001911,S01,2025-05-30 13:25,103.28,5,in_store,
T002586,S02,2025-04-26 16:14,67.93,3,online,
T004428,S03,2025-05-09 10:14,95.89,5,in_store,
T003284,S02,2025-05-21 11:46,89.87,4,in_store,
T004268,S03,2025-05-03 09:14,57.2,3,in_store,
T003520,S02,2025-05-28 17:06,33.49,2,in_store,
T006771,S04,2025-05-27 13:36,56.88,3,online,
T006685,S04,2025-05-24 19:59,37.33,5,in_store,
T004554,S03,2025-05-11 19:39,19.5,3,in_store,SPRING25
T006280,S04,2025-05-11 19:50,53.9,3,online,
T007614,S05,2025-05-02 11:56,102.39,5,online,
T006183,S04,2025-05-09 18:44,86.47,4,in_store,
T004311,S03,2025-05-05 14:26,13.52,1,online,
T008456,S09,2025-04-11 11:55,95.83,6,in_store,
T001850,S01,2025-05-28 12:59,16.43,1,in_store,
T004722,S03,2025-05-17 14:28,15.88,1,in_store,
T000459,S01,2025-04-19 17:52,21.65,2,in_store,
T005768,S04,2025-04-26 10:12,43.14,2,online,
T001982,S01,2025-06-01 14:17,81.74,3,in_store,
T004358,S03,2025-05-07 20:07,106.11,5,in_store,
T004083,S03,2025-04-25 12:04,38.01,2,in_store,
T000980,S01,2025-05-05 16:40,97.21,4,online,
T002621,S02,2025-04-27 13:56,12.06,1,in_store,
T004783,S03,2025-05-19 20:15,39.37,2,in_store,
T005794,S04,2025-04-27 18:19,63.11,3,in_store,
T008391,S05,2025-05-31 09:15,75.31,3,in_store,
T005606,S04,2025-04-21 12:38,64.4,3,online,
T001854,S01,2025-05-28 14:12,26.76,3,in_store,
T003194,S02,2025-05-18 19:55,24.0,1,online,
T006473,S04,2025-05-17 14:30,59.21,2,online,
T005736,S04,2025-04-25 09:59,57.78,3,in_store,
T001880,S01,2025-05-29 12:41,44.06,2,in_store,
T006126,S04,2025-05-07 09:37,80.69,3,in_store,
T002228,S02,2025-04-14 20:58,71.14,5,in_store,
T006830,S04,2025-05-29 15:02,40.3,3,online,
T002384,S02,2025-04-19 18:30,19.73,1,in_store,
T006686,S04,2025-05-24 19:57,22.21,2,in_store,
T003902,S03,2025-04-18 20:40,88.18,4,in_store,
T002896,S02,2025-05-08 20:26,81.64,4,online,
T007556,S05,2025-04-30 12:51,29.45,2,in_store,
T004222,S03,2025-05-01 12:25,19.16,2,in_store,
T008185,S05,2025-05-24 09:23,32.23,3,in_store,
T000179,S01,2025-04-12 14:11,32.81,2,in_store,
T001568,S01,2025-05-21 18:04,76.37,5,in_store,
T005779,S04,2025-04-26 14:14,72.31,5,online,
T007665,S05,2025-05-04 18:26,66.8,3,in_store,
T001214,S01,2025-05-11 16:26,42.84,4,online,
T000082,S01,2025-04-09 09:44,72.62,4,in_store,
T002024,S01,2025-06-01 16:40,29.41,2,online,
T008174,S05,2025-05-24 16:12,86.47,4,in_store,
T006824,S04,2025-05-28 13:58,21.65,2,in_store,
T002855,S02,2025-05-06 10:02,32.44,3,in_store,
T003718,S03,2025-04-09 16:23,25.82,4,online,
T000957,S01,2025-05-04 16:09,90.77,5,in_store,
T003275,S02,2025-05-21 13:34,21.36,2,online,
T000778,S01,2025-04-29 15:03,65.23,5,in_store,
T000701,S01,2025-04-27 12:47,46.96,2,in_store,
T004937,S03,2025-05-25 13:02,55.11,3,online,
T007936,S05,2025-05-14 19:39,42.54,3,online,
T005247,S04,2025-04-10 09:07,84.27,4,in_store,
T007292,S05,2025-04-20 10:01,15.95,3,in_store,
T004681,S03,2025-05-15 13:35,63.71,3,in_store,
T002004,S01,2025-06-01 10:15,37.21,2,in_store,
T008181,S05,2025-05-24 11:11,49.31,2,in_store,
T005050,S03,2025-05-30 20:06,136.29,6,online,
T000647,S01,2025-04-25 12:07,64.19,6,in_store,
T005759,S04,2025-04-26 18:42,61.75,3,in_store,
T000700,S01,2025-04-27 09:13,38.4,4,online,
T000749,S01,2025-04-28 19:32,104.86,6,online,
T005256,S04,2025-04-11 17:02,73.74,4,in_store,
T000371,S01,2025-04-17 09:54,16.66,1,in_store,
T005754,S04,2025-04-26 18:39,64.27,4,in_store,
T001488,S01,2025-05-19 11:56,36.21,2,in_store,
T003459,S02,2025-05-26 14:45,29.12,2,in_store,
T005612,S04,2025-04-21 16:43,44.72,2,in_store,
T001861,S01,2025-05-28 12:06,51.94,2,online,
T007446,S05,2025-04-26 13:03,38.8,3,in_store,
T005788,S04,2025-04-26 11:15,63.44,2,in_store,
T007709,S05,2025-05-05 09:57,70.27,4,online,
T002544,S02,2025-04-25 13:29,38.47,3,online,
T003233,S02,2025-05-19 11:10,42.17,3,in_store,
T007276,S05,2025-04-19 16:54,34.44,2,in_store,
T005716,S04,2025-04-24 20:05,42.28,2,in_store,
T001216,S01,2025-05-11 10:33,54.89,2,online,
T007179,S05,2025-04-16 17:48,89.28,6,online,
T006875,S04,2025-05-30 13:54,67.57,3,in_store,
T000765,S01,2025-04-29 19:46,30.56,3,in_store,
T006465,S04,2025-05-17 19:43,39.39,2,in_store,
T001157,S01,2025-05-10 09:52,14.25,1,in_store,
T004954,S03,2025-05-26 18:57,30.19,3,in_store,
T007442,S05,2025-04-25 14:27,56.68,3,in_store,
T002607,S02,2025-04-27 17:43,52.52,4,in_store,
T000739,S01,2025-04-28 13:38,75.99,3,in_store,
T003900,S03,2025-04-18 17:30,82.06,3,in_store,
T007601,S05,2025-05-02 16:23,49.47,3,online,
T000216,S01,2025-04-12 10:22,91.74,5,online,
T004226,S03,2025-05-01 19:53,59.77,4,in_store,
T003373,S02,2025-05-24 09:50,21.04,2,in_store,
T005358,S04,2025-04-13 10:46,61.5,5,online,
T006631,S04,2025-05-22 19:45,15.32,1,in_store,
T000986,S01,2025-05-05 10:46,63.01,3,in_store,
T007422,S05,2025-04-24 19:19,31.94,4,in_store,
T006624,S04,2025-05-22 18:00,51.8,3,online,
T005110,S03,2025-06-01 12:34,49.19,4,in_store,
T004801,S03,2025-05-20 18:20,26.54,2,in_store,
T007989,S05,2025-05-16 09:10,13.9,1,in_store,
T004370,S03,2025-05-07 12:15,85.24,6,in_store,
T008339,S05,2025-05-29 10:44,104.97,5,in_store,
T005007,S03,2025-05-28 11:55,74.22,2,online,
T004120,S03,2025-04-27 16:01,44.88,3,in_store,
T003217,S02,2025-05-18 14:14,114.85,5,in_store,
T002576,S02,2025-04-26 20:50,24.09,1,in_store,
T004619,S03,2025-05-12 12:58,46.42,3,in_store,
T007577,S05,2025-04-30 15:09,71.59,4,in_store,
T005400,S04,2025-04-15 09:38,37.29,2,online,
T002017,S01,2025-06-01 17:03,23.09,1,in_store,
T004697,S03,2025-05-16 16:11,15.79,1,in_store,
T003413,S02,2025-05-25 12:45,100.2,5,in_store,
T000305,S01,2025-04-15 17:09,14.39,1,online,
T007702,S05,2025-05-05 11:02,107.24,4,in_store,
T003982,S03,2025-04-20 20:33,40.49,1,in_store,
T006577,S04,2025-05-20 12:05,29.47,3,in_store,
T006862,S04,2025-05-30 12:51,88.05,4,in_store,
T004708,S03,2025-05-16 19:27,47.65,5,online,
T006657,S04,2025-05-24 12:41,65.67,3,in_store,
T000112,S01,2025-04-10 10:24,38.59,2,in_store,
T003408,S02,2025-05-25 15:21,23.09,2,in_store,
T007681,S05,2025-05-04 13:44,25.91,1,online,
T005973,S04,2025-05-02 14:40,53.52,3,in_store,
T001515,S01,2025-05-19 17:12,52.57,4,in_store,
T005064,S03,2025-05-30 18:41,24.2,2,in_store,
T006387,S04,2025-05-15 09:42,33.54,1,online,
T006087,S04,2025-05-06 19:15,39.83,2,in_store,
T001279,S01,2025-05-13 19:17,36.93,4,in_store,
T003676,S03,2025-04-07 20:13,33.36,2,online,
T003052,S02,2025-05-12 10:57,43.45,3,online,
T006244,S04,2025-05-11 15:44,54.06,3,online,
T006041,S04,2025-05-04 15:32,134.12,7,in_store,
T004475,S03,2025-05-10 18:53,68.37,4,in_store,SPRING25
T007555,S05,2025-04-30 19:49,61.34,3,online,
T001543,S01,2025-05-20 16:17,85.63,4,in_store,
T004739,S03,2025-05-17 13:53,24.85,3,in_store,
T002486,S02,2025-04-22 13:50,90.69,4,online,
T001320,S01,2025-05-14 14:32,58.24,4,in_store,
T004591,S03,2025-05-11 11:58,77.61,4,in_store,
T007714,S05,2025-05-05 11:22,68.24,3,in_store,
T007583,S05,2025-05-01 16:19,88.53,5,online,
T002622,S02,2025-04-27 09:06,40.95,3,in_store,
T002959,S02,2025-05-10 14:03,29.3,2,in_store,
T006884,S04,2025-05-31 10:40,54.14,5,online,
T004002,S03,2025-04-21 14:41,67.16,3,in_store,
T007251,S05,2025-04-19 09:20,38.38,5,online,
T001996,S01,2025-06-01 16:36,65.66,4,online,
T000184,S01,2025-04-12 10:24,88.85,4,online,
T004715,S03,2025-05-17 09:37,41.58,4,in_store,
T004348,S03,2025-05-06 11:00,69.59,3,in_store,
T007581,S05,2025-05-01 13:47,52.86,4,online,
T004302,S03,2025-05-04 20:19,49.3,4,in_store,
T002722,S02,2025-05-01 09:11,40.51,2,in_store,
T005765,S04,2025-04-26 12:44,28.43,2,in_store,
T008039,S05,2025-05-18 10:57,37.35,2,in_store,
T001093,S01,2025-05-08 19:21,18.12,2,in_store,
T000921,S01,2025-05-03 14:57,13.06,1,online,
T003868,S03,2025-04-16 19:47,121.36,6,online,
T002344,S02,2025-04-18 13:33,58.43,4,in_store,
T000806,S01,2025-04-30 14:10,66.24,3,in_store,
T004162,S03,2025-04-28 15:06,58.31,3,online,
T002268,S02,2025-04-15 19:07,119.83,5,online,
T005519,S04,2025-04-18 13:52,31.48,2,in_store,
T001972,S01,2025-05-31 18:07,67.91,4,online,
T006586,S04,2025-05-21 10:33,62.7,3,in_store,
T007839,S05,2025-05-10 14:10,65.94,3,in_store,
T001509,S01,2025-05-19 18:56,20.59,1,online,
T005444,S04,2025-04-16 14:19,26.41,2,in_store,
T003034,S02,2025-05-12 12:00,18.38,1,in_store,
T003450,S02,2025-05-26 19:50,45.93,2,in_store,
T004485,S03,2025-05-10 12:11,119.53,5,in_store,SPRING25
T000138,S01,2025-04-10 11:12,81.41,4,in_store,
T002761,S02,2025-05-02 12:23,59.34,4,online,
T000946,S01,2025-05-04 10:47,130.56,5,in_store,
T004587,S03,2025-05-11 10:46,159.83,7,in_store,SPRING25
T002784,S02,2025-05-03 10:44,109.64,6,in_store,
T001068,S01,2025-05-07 12:01,31.34,2,in_store,
T008343,S05,2025-05-29 18:43,100.06,6,in_store,
T001671,S01,2025-05-23 16:34,172.68,6,in_store,
T004917,S03,2025-05-25 20:12,56.54,4,in_store,
T007010,S05,2025-04-09 17:45,74.0,4,online,
T003418,S02,2025-05-25 10:36,14.39,1,in_store,
T007197,S05,2025-04-17 17:31,38.9,3,in_store,
T006460,S04,2025-05-17 17:29,23.36,2,in_store,
T001262,S01,2025-05-13 15:28,78.58,5,in_store,
T000221,S01,2025-04-13 09:34,24.46,1,online,
T004140,S03,2025-04-28 11:11,28.75,3,online,
T006994,S05,2025-04-08 17:07,76.52,4,in_store,
T002834,S02,2025-05-05 16:30,28.09,2,in_store,
T003634,S02,2025-06-01 10:52,41.1,3,in_store,
T000541,S01,2025-04-22 10:52,119.44,4,online,
T002690,S02,2025-04-30 15:50,41.85,3,in_store,
T008371,S05,2025-05-31 16:19,60.22,3,in_store,
T006716,S04,2025-05-25 09:28,89.45,4,in_store,
T008204,S05,2025-05-25 19:57,29.78,3,in_store,
T004743,S03,2025-05-17 10:55,20.08,1,in_store,
T001023,S01,2025-05-06 13:45,86.07,5,online,
T001067,S01,2025-05-07 18:37,55.86,3,in_store,
T004357,S03,2025-05-07 13:37,43.22,4,in_store,
T006606,S04,2025-05-21 19:34,17.32,1,online,
T002562,S02,2025-04-25 18:22,26.99,4,online,
T003880,S03,2025-04-16 20:40,34.11,2,online,
T007589,S05,2025-05-01 14:52,57.25,3,online,
T006757,S04,2025-05-26 14:53,79.11,4,in_store,
T007992,S05,2025-05-16 15:26,51.23,2,in_store,
T001873,S01,2025-05-29 13:38,49.58,3,in_store,
T000807,S01,2025-04-30 15:11,25.32,3,in_store,
T000657,S01,2025-04-26 12:11,48.47,2,in_store,
T004285,S03,2025-05-04 12:08,50.36,3,in_store,
T005279,S04,2025-04-11 11:29,56.92,3,online,
T000450,S01,2025-04-19 14:06,39.27,3,in_store,
T003648,S02,2025-06-01 14:57,150.29,6,in_store,
T007222,S05,2025-04-18 10:53,53.58,5,in_store,
T006276,S04,2025-05-11 19:57,68.41,3,in_store,
T005298,S04,2025-04-12 13:50,41.68,3,in_store,
T003785,S03,2025-04-13 15:28,27.14,2,in_store,
T008296,S05,2025-05-28 11:58,87.72,4,online,
T008041,S05,2025-05-18 10:57,24.43,1,online,
T003923,S03,2025-04-19 14:21,97.55,5,online,
T004720,S03,2025-05-17 15:13,51.34,4,online,
T001046,S01,2025-05-07 17:45,126.58,5,online,
T003862,S03,2025-04-16 19:54,95.59,4,in_store,
T006182,S04,2025-05-09 13:24,41.9,3,in_store,
T004772,S03,2025-05-18 10:09,42.98,2,in_store,
T000016,S01,2025-04-07 14:24,55.9,3,online,
T005079,S03,2025-05-31 17:51,34.9,2,in_store,
T001677,S01,2025-05-24 10:51,123.73,6,online,
T001342,S01,2025-05-15 13:40,45.38,4,in_store,
T003843,S03,2025-04-15 15:30,35.72,2,in_store,
T005624,S04,2025-04-21 14:58,15.13,1,in_store,
T007143,S05,2025-04-14 14:15,43.04,2,in_store,
T007225,S05,2025-04-18 13:36,47.2,2,in_store,
T005085,S03,2025-05-31 13:48,62.89,4,in_store,
T001725,S01,2025-05-25 19:19,99.42,6,in_store,
T005041,S03,2025-05-29 12:42,63.87,3,in_store,
T000888,S01,2025-05-03 18:02,29.03,2,in_store,
T002874,S02,2025-05-07 10:08,59.13,5,in_store,
T004723,S03,2025-05-17 15:12,46.28,3,in_store,
T000027,S01,2025-04-07 09:13,100.14,4,online,
T006903,S04,2025-05-31 19:26,55.06,3,online,
T004849,S03,2025-05-22 14:45,111.58,4,in_store,
T006269,S04,2025-05-11 09:05,190.37,6,in_store,
T005509,S04,2025-04-18 17:34,9.43,1,online,
T001892,S01,2025-05-29 15:29,57.91,2,in_store,
T002202,S02,2025-04-13 18:04,104.03,5,in_store,
T002146,S02,2025-04-11 17:26,13.86,1,online,
T000327,S01,2025-04-16 13:03,44.45,2,online,
T000821,S01,2025-05-01 12:57,78.15,4,in_store,
T001554,S01,2025-05-20 17:46,62.14,3,online,
T007041,S05,2025-04-10 09:50,39.08,2,in_store,
T003830,S03,2025-04-15 13:26,50.4,3,in_store,
T000343,S01,2025-04-16 13:46,72.93,4,in_store,
T007667,S05,2025-05-04 10:08,38.5,2,in_store,
T007136,S05,2025-04-14 09:43,3.0,3,in_store,
T000818,S01,2025-05-01 12:34,58.01,2,in_store,
T001963,S01,2025-05-31 18:03,38.86,2,online,
T001904,S01,2025-05-29 13:29,89.23,4,in_store,
T001265,S01,2025-05-13 18:45,79.07,3,online,
T007694,S05,2025-05-05 17:41,9.35,1,in_store,
T005036,S03,2025-05-29 20:25,50.57,3,in_store,
T006789,S04,2025-05-27 17:24,30.07,2,in_store,
T001462,S01,2025-05-18 09:44,73.33,3,online,
T006045,S04,2025-05-04 17:38,12.9,1,in_store,
T000777,S01,2025-04-29 14:50,29.14,2,online,
T003543,S02,2025-05-29 10:23,24.28,2,in_store,
T003517,S02,2025-05-28 13:40,33.09,2,online,
T001611,S01,2025-05-22 13:29,59.03,3,in_store,
T005956,S04,2025-05-02 10:02,74.85,4,in_store,
T000880,S01,2025-05-02 11:43,17.04,1,online,
T005913,S04,2025-04-30 19:48,34.85,2,online,
T003321,S02,2025-05-22 12:10,39.75,2,in_store,
T000720,S01,2025-04-27 15:42,16.43,1,online,
T008121,S05,2025-05-22 14:24,25.97,2,in_store,
T004854,S03,2025-05-22 09:24,43.4,2,in_store,
T000484,S01,2025-04-20 10:37,175.7,7,online,
T003479,S02,2025-05-27 20:23,38.15,3,online,
T006324,S04,2025-05-12 20:25,18.37,1,online,
T001170,S01,2025-05-10 14:22,48.32,3,in_store,
T001118,S01,2025-05-09 20:51,29.07,2,in_store,
T006841,S04,2025-05-29 09:55,19.4,2,online,
T003738,S03,2025-04-10 16:57,71.96,3,online,
T001906,S01,2025-05-30 13:22,65.85,4,online,
T005336,S04,2025-04-13 12:12,13.87,1,in_store,
T000727,S01,2025-04-27 10:46,25.96,1,in_store,
T000056,S01,2025-04-08 10:36,32.43,2,in_store,
T001447,S01,2025-05-18 11:06,25.48,2,in_store,
T003123,S02,2025-05-15 11:13,27.61,1,online,
T007638,S05,2025-05-03 16:42,53.89,2,in_store,
T004299,S03,2025-05-04 09:58,24.23,1,online,
T000064,S01,2025-04-08 16:00,44.04,2,in_store,
T008080,S05,2025-05-20 11:19,38.99,2,in_store,
T005522,S04,2025-04-18 20:35,40.33,2,online,
T007371,S05,2025-04-22 15:06,103.43,3,in_store,
T003488,S02,2025-05-27 15:48,54.17,2,in_store,
T001745,S01,2025-05-25 09:28,51.73,2,in_store,
T006405,S04,2025-05-15 20:07,37.37,3,in_store,
T003806,S03,2025-04-14 11:59,39.6,3,in_store,
T007576,S05,2025-04-30 16:46,48.88,2,in_store,
T000255,S01,2025-04-13 16:48,88.15,4,online,
T006237,S04,2025-05-10 15:59,42.46,4,in_store,
T001387,S01,2025-05-16 12:45,49.41,2,in_store,
T004367,S03,2025-05-07 18:11,120.23,5,online,
T000927,S01,2025-05-03 15:15,35.33,3,in_store,
T007370,S05,2025-04-22 11:37,62.44,4,online,
T000675,S01,2025-04-26 17:43,101.66,4,in_store,
T005255,S04,2025-04-11 11:54,52.06,3,online,
T008176,S05,2025-05-24 16:02,26.01,2,online,
T006838,S04,2025-05-29 15:00,208.57,8,online,
T000965,S01,2025-05-05 19:50,58.25,2,online,
T001769,S01,2025-05-26 12:09,161.16,6,in_store,
T008162,S05,2025-05-23 17:20,39.58,2,in_store,
T001073,S01,2025-05-08 15:12,28.07,2,in_store,
T006200,S04,2025-05-10 20:59,4.51,1,online,
T000043,S01,2025-04-08 17:07,15.47,1,in_store,
T001726,S01,2025-05-25 13:53,35.49,3,online,
T003984,S03,2025-04-20 12:59,84.01,3,in_store,
T001111,S01,2025-05-09 12:47,48.11,2,in_store,
T005811,S04,2025-04-27 16:17,70.44,5,in_store,
T003105,S02,2025-05-14 17:14,81.42,5,online,
T002218,S02,2025-04-13 18:26,28.52,3,in_store,
T007363,S05,2025-04-22 17:49,102.23,5,in_store,
T002111,S02,2025-04-10 18:40,24.73,2,in_store,
T006525,S04,2025-05-19 17:12,36.91,2,online,
T002703,S02,2025-04-30 09:44,67.93,4,in_store,
T005542,S04,2025-04-19 14:48,14.27,1,in_store,
T007477,S05,2025-04-27 14:47,17.93,1,online,
T007870,S05,2025-05-11 09:45,81.32,4,in_store,
T002072,S02,2025-04-09 15:09,16.16,2,in_store,
T001438,S01,2025-05-18 17:52,17.44,2,in_store,
T000527,S01,2025-04-21 17:55,19.63,1,in_store,
T005826,S04,2025-04-28 14:24,36.23,2,in_store,
T004383,S03,2025-05-08 16:33,56.89,3,in_store,
T007947,S05,2025-05-14 12:11,49.49,3,in_store,
T002217,S02,2025-04-13 14:07,95.02,4,in_store,
T000126,S01,2025-04-10 15:13,66.22,5,online,
T005770,S04,2025-04-26 19:23,62.76,3,in_store,
T007801,S05,2025-05-09 15:03,75.24,5,in_store,
T000757,S01,2025-04-28 16:13,89.25,7,in_store,
T004239,S03,2025-05-02 12:36,48.86,3,in_store,
T004463,S03,2025-05-10 20:41,38.65,3,online,SPRING25
T001775,S01,2025-05-26 12:00,26.77,2,in_store,
T005577,S04,2025-04-20 20:47,47.02,3,online,
T005706,S04,2025-04-24 19:45,28.87,3,online,
T007191,S05,2025-04-16 14:09,71.69,7,in_store,
T006135,S04,2025-05-07 13:17,28.14,2,online,
T003319,S02,2025-05-22 13:51,42.71,3,in_store,
T005241,S04,2025-04-10 12:25,79.26,5,in_store,
T001980,S01,2025-06-01 19:35,49.49,2,online,
T005532,S04,2025-04-19 20:38,99.61,5,in_store,
T007333,S05,2025-04-21 16:16,38.99,2,online,
T007664,S05,2025-05-04 13:07,21.4,3,in_store,
T004788,S03,2025-05-19 16:37,39.62,4,online,
T007075,S05,2025-04-12 13:22,54.6,5,online,
T004844,S03,2025-05-21 20:01,39.81,5,online,
T008289,S05,2025-05-27 09:55,44.37,3,in_store,
T004993,S03,2025-05-28 18:34,34.73,3,online,
T006325,S04,2025-05-12 12:01,44.09,2,in_store,
T004157,S03,2025-04-28 13:07,37.08,2,online,
T002615,S02,2025-04-27 17:19,100.75,4,in_store,
T004615,S03,2025-05-12 10:54,125.6,5,in_store,
T006889,S04,2025-05-31 12:43,22.82,1,in_store,
T004969,S03,2025-05-27 10:20,58.66,3,online,
T002404,S02,2025-04-20 14:08,89.33,3,online,
T007879,S05,2025-05-11 14:52,61.59,3,in_store,
T006195,S04,2025-05-10 11:11,89.87,4,online,
T004810,S03,2025-05-20 14:29,97.01,7,in_store,
T000804,S01,2025-04-30 18:14,46.5,3,in_store,
T001075,S01,2025-05-08 20:39,91.96,4,online,
T001856,S01,2025-05-28 11:50,142.55,5,in_store,
T008312,S05,2025-05-28 18:38,76.34,3,online,
T007504,S05,2025-04-28 20:26,22.04,3,online,
T000084,S01,2025-04-09 20:05,48.76,2,in_store,
T003867,S03,2025-04-16 18:40,59.44,4,in_store,
T001807,S01,2025-05-27 10:09,44.74,3,online,
T008047,S05,2025-05-18 10:07,29.02,4,online,
T002018,S01,2025-06-01 11:28,66.22,3,online,
T004492,S03,2025-05-10 15:33,65.76,5,in_store,SPRING25
T000798,S01,2025-04-30 18:25,82.83,5,online,
T003552,S02,2025-05-29 09:30,34.16,3,online,
T008153,S05,2025-05-23 16:42,100.7,5,online,
T001082,S01,2025-05-08 16:52,22.44,3,online,
T000654,S01,2025-04-26 18:47,43.18,2,online,
T000287,S01,2025-04-14 11:48,59.64,4,in_store,
T006980,S05,2025-04-08 19:35,67.02,4,in_store,
T005059,S03,2025-05-30 14:36,51.87,4,online,
T004404,S03,2025-05-08 16:15,36.64,3,online,
T001758,S01,2025-05-25 10:53,91.71,3,in_store,
T006725,S04,2025-05-25 18:40,17.03,2,in_store,
T000235,S01,2025-04-13 13:14,94.7,4,in_store,
T007736,S05,2025-05-06 17:53,42.66,2,in_store,
T008273,S05,2025-05-27 11:04,56.04,4,online,
T004558,S03,2025-05-11 17:33,204.63,7,in_store,SPRING25
T001878,S01,2025-05-29 13:08,19.96,1,in_store,
T008386,S05,2025-05-31 16:06,91.28,4,in_store,
T007427,S05,2025-04-25 18:53,38.76,3,in_store,
T002691,S02,2025-04-30 20:25,101.54,4,online,
T006915,S04,2025-05-31 10:31,57.81,4,in_store,
T004861,S03,2025-05-22 11:21,47.92,5,in_store,
T004344,S03,2025-05-06 16:19,17.94,1,in_store,
T008462,S09,2025-05-21 12:08,147.87,6,in_store,
T003140,S02,2025-05-16 10:48,36.96,3,in_store,
T003816,S03,2025-04-14 10:43,77.97,4,in_store,
T004822,S03,2025-05-21 14:25,88.41,6,online,
T007074,S05,2025-04-12 19:45,66.36,2,online,
T003861,S03,2025-04-16 17:01,113.95,5,online,
T005837,S04,2025-04-28 11:55,25.0,3,in_store,
T007918,S05,2025-05-13 12:59,81.23,4,in_store,
T003645,S02,2025-06-01 12:50,71.8,4,in_store,
T002109,S02,2025-04-10 19:53,24.76,2,in_store,
T001960,S01,2025-05-31 11:43,148.25,5,online,
T000012,S01,2025-04-07 18:54,80.69,4,in_store,
T002799,S02,2025-05-04 14:37,20.5,1,online,
T003924,S03,2025-04-19 12:08,20.9,3,in_store,
T001001,S01,2025-05-06 20:44,14.26,1,in_store,
T005778,S04,2025-04-26 18:20,108.69,4,in_store,
T008442,S09,2025-05-10 20:57,14.26,1,online,
T005787,S04,2025-04-26 16:24,96.14,4,in_store,
T008306,S05,2025-05-28 13:26,73.92,3,in_store,
T001920,S01,2025-05-30 14:48,27.38,2,in_store,
T004170,S03,2025-04-29 19:42,70.01,4,in_store,
T008383,S05,2025-05-31 15:24,38.83,2,in_store,
T003209,S02,2025-05-18 09:55,13.33,1,online,
T000797,S01,2025-04-30 17:25,81.26,3,in_store,
T002829,S02,2025-05-05 18:13,71.81,4,in_store,
T004885,S03,2025-05-23 09:01,81.74,3,in_store,
T005490,S04,2025-04-18 15:30,101.06,5,in_store,
T005042,S03,2025-05-29 10:21,49.91,4,in_store,
T004653,S03,2025-05-14 12:57,126.67,4,online,
T004349,S03,2025-05-06 13:00,18.28,3,in_store,
T007808,S05,2025-05-09 09:23,50.43,4,online,
T002319,S02,2025-04-17 10:57,75.12,3,in_store,
T003663,S03,2025-04-07 15:58,41.45,3,in_store,
T006748,S04,2025-05-26 11:22,71.85,5,online,
T007833,S05,2025-05-10 15:40,56.54,3,in_store,
T000373,S01,2025-04-17 20:23,35.5,5,in_store,
T004818,S03,2025-05-21 09:09,43.27,2,online,
T003179,S02,2025-05-17 18:59,57.73,4,in_store,
T006217,S04,2025-05-10 16:58,40.16,4,in_store,
T005104,S03,2025-06-01 13:48,41.76,3,online,
T002681,S02,2025-04-29 10:33,56.77,3,in_store,
T002461,S02,2025-04-21 10:51,19.4,1,in_store,
T006791,S04,2025-05-27 17:23,109.91,5,online,
T004768,S03,2025-05-18 14:43,83.7,3,online,
T000458,S01,2025-04-19 16:41,20.85,2,in_store,
T006240,S04,2025-05-11 15:04,59.3,2,online,
T004066,S03,2025-04-24 11:53,55.95,3,in_store,
T006092,S04,2025-05-06 10:29,74.09,3,in_store,
T006187,S04,2025-05-09 17:24,13.08,1,in_store,
T001985,S01,2025-06-01 18:35,40.72,3,in_store,
T007685,S05,2025-05-05 12:19,72.47,4,online,
T005503,S04,2025-04-18 12:20,31.86,4,in_store,
T006162,S04,2025-05-08 14:31,58.36,5,in_store,
T005833,S04,2025-04-28 10:47,56.5,2,in_store,
T005220,S04,2025-04-10 10:06,66.76,4,in_store,
T001695,S01,2025-05-24 10:01,40.7,3,in_store,
T006659,S04,2025-05-24 18:28,38.42,2,in_store,
T001000,S01,2025-05-06 12:56,57.95,4,in_store,
T003491,S02,2025-05-27 09:04,16.26,1,in_store,
T001366,S01,2025-05-16 10:25,26.61,3,in_store,
T007358,S05,2025-04-22 12:39,184.86,6,online,
T007000,S05,2025-04-09 18:37,46.21,2,online,
T008418,S05,2025-06-01 12:50,167.93,8,in_store,
T003981,S03,2025-04-20 19:31,86.49,4,in_store,
T002901,S02,2025-05-08 09:30,32.61,3,in_store,
T008252,S05,2025-05-26 17:50,50.26,3,in_store,
T000083,S01,2025-04-09 19:47,27.08,1,online,
T005351,S04,2025-04-13 15:42,18.39,2,online,
T004278,S03,2025-05-04 09:17,28.27,2,online,
T004658,S03,2025-05-14 15:12,70.38,3,online,
T007884,S05,2025-05-11 12:45,104.05,6,in_store,
T007514,S05,2025-04-28 16:10,79.81,4,in_store,
T006684,S04,2025-05-24 17:47,29.79,3,in_store,
T002123,S02,2025-04-11 19:03,56.16,3,in_store,
T005658,S04,2025-04-22 20:38,7.75,1,in_store,
T006912,S04,2025-05-31 11:42,45.96,2,in_store,
T000805,S01,2025-04-30 17:41,56.93,3,in_store,
T005903,S04,2025-04-30 13:17,43.98,4,in_store,
T006547,S04,2025-05-20 11:19,36.57,2,in_store,
T000069,S01,2025-04-09 15:03,44.81,2,in_store,
T007044,S05,2025-04-11 10:41,61.29,5,online,
T001115,S01,2025-05-09 11:08,66.01,3,online,
T001318,S01,2025-05-14 17:10,29.9,2,online,
T003828,S03,2025-04-14 11:25,43.04,2,in_store,
T006663,S04,2025-05-24 17:43,61.35,3,in_store,
T002907,S02,2025-05-08 20:10,25.05,2,online,
T007716,S05,2025-05-06 14:13,109.94,5,online,
T000967,S01,2025-05-05 13:04,51.09,2,online,
T004607,S03,2025-05-12 09:49,90.07,3,online,
T004536,S03,2025-05-11 12:36,103.39,3,in_store,SPRING25
T002367,S02,2025-04-19 15:58,45.84,3,online,
T000214,S01,2025-04-12 17:47,21.14,1,online,
T008237,S05,2025-05-26 11:28,33.79,2,in_store,
T002738,S02,2025-05-02 14:41,61.82,2,online,
T002515,S02,2025-04-23 15:14,90.81,4,in_store,
T005540,S04,2025-04-19 11:09,20.98,1,in_store,
T003577,S02,2025-05-30 10:26,116.6,5,in_store,
T000887,S01,2025-05-03 20:44,49.59,2,in_store,
T006153,S04,2025-05-08 13:21,33.41,2,in_store,
T001137,S01,2025-05-10 10:30,7.08,1,in_store,
T007116,S05,2025-04-13 09:45,112.58,4,in_store,
T005678,S04,2025-04-23 12:27,57.21,4,in_store,
T000714,S01,2025-04-27 16:57,37.27,2,in_store,
T007059,S05,2025-04-11 20:55,40.5,2,in_store,
T004456,S03,2025-05-10 11:33,65.08,4,online,SPRING25
T004363,S03,2025-05-07 10:01,90.07,4,online,
T001826,S01,2025-05-27 18:54,23.99,1,in_store,
T002674,S02,2025-04-29 11:43,85.36,5,online,
T000447,S01,2025-04-19 12:58,69.34,4,online,
T005100,S03,2025-06-01 17:36,37.25,2,in_store,
T000061,S01,2025-04-08 17:02,44.69,4,in_store,
T000910,S01,2025-05-03 10:05,31.4,3,in_store,
T008365,S05,2025-05-30 11:46,19.13,1,in_store,
T004825,S03,2025-05-21 20:16,113.84,5,in_store,
T006687,S04,2025-05-24 11:53,11.09,1,in_store,
T004081,S03,2025-04-25 20:38,33.61,2,in_store,
T005908,S04,2025-04-30 12:18,109.78,5,online,
T005453,S04,2025-04-16 16:38,97.52,3,in_store,
T007196,S05,2025-04-17 16:22,22.51,2,in_store,
T007706,S05,2025-05-05 10:36,18.3,1,in_store,
T002476,S02,2025-04-22 11:59,35.35,6,in_store,
T001682,S01,2025-05-24 13:46,14.98,1,online,
T004797,S03,2025-05-19 11:03,78.39,4,in_store,
T004403,S03,2025-05-08 16:06,50.74,3,online,
T006769,S04,2025-05-27 10:55,57.89,3,online,
T008117,S05,2025-05-22 09:06,33.28,2,online,
T005846,S04,2025-04-28 20:45,111.65,7,in_store,
T003348,S02,2025-05-23 17:20,29.02,1,in_store,
T007184,S05,2025-04-16 15:08,50.4,2,online,
T002525,S02,2025-04-24 17:03,97.6,4,in_store,
T005531,S04,2025-04-19 16:48,19.88,2,in_store,
T006579,S04,2025-05-20 12:46,38.56,3,online,
T003112,S02,2025-05-14 15:05,23.75,2,in_store,
T000122,S01,2025-04-10 09:19,40.96,2,online,
T000159,S01,2025-04-11 13:29,103.21,5,in_store,
T003465,S02,2025-05-26 12:30,26.48,2,in_store,
T000307,S01,2025-04-15 20:37,25.47,2,in_store,
T007471,S05,2025-04-27 16:45,56.22,3,in_store,
T001212,S01,2025-05-11 20:16,17.8,1,online,
T007272,S05,2025-04-19 14:06,109.62,5,in_store,
T005128,S04,2025-04-07 09:49,106.73,4,in_store,
T002894,S02,2025-05-08 19:25,41.86,3,in_store,
T006411,S04,2025-05-16 12:10,33.3,2,in_store,
T000926,S01,2025-05-03 11:21,41.26,2,online,
T005045,S03,2025-05-30 18:47,28.74,1,in_store,
T006854,S04,2025-05-29 18:44,11.97,1,in_store,
T007788,S05,2025-05-08 09:46,68.52,4,in_store,
T004965,S03,2025-05-26 10:33,63.64,3,in_store,
T002027,S02,2025-04-07 09:07,27.09,2,in_store,
T004467,S03,2025-05-10 18:06,91.21,8,in_store,SPRING25
T008465,S09,2025-05-28 15:26,16.54,1,in_store,
T007920,S05,2025-05-13 11:19,64.08,4,in_store,
T002070,S02,2025-04-09 20:40,93.19,2,in_store,
T000506,S01,2025-04-20 17:54,46.48,2,online,
T000918,S01,2025-05-03 18:40,70.87,3,in_store,
T005878,S04,2025-04-29 15:33,11.12,1,in_store,
T003905,S03,2025-04-18 15:54,47.85,2,in_store,
T005861,S04,2025-04-29 19:37,26.67,2,in_store,
T001422,S01,2025-05-17 12:57,67.26,3,in_store,
T004175,S03,2025-04-29 20:43,39.72,2,online,
T006934,S04,2025-06-01 13:16,27.38,2,in_store,
T005607,S04,2025-04-21 20:56,17.3,1,in_store,
T004792,S03,2025-05-19 12:50,56.0,4,online,
T005482,S04,2025-04-17 17:07,48.32,3,in_store,
T005955,S04,2025-05-02 13:26,75.2,3,online,
T004626,S03,2025-05-12 11:20,30.49,2,in_store,
T002022,S01,2025-06-01 14:47,114.39,5,in_store,
T008130,S05,2025-05-22 13:42,48.16,5,in_store,
T005700,S04,2025-04-24 09:41,28.24,3,in_store,
T007002,S05,2025-04-09 18:05,68.71,4,in_store,
T005802,S04,2025-04-27 18:31,133.17,7,online,
T002742,S02,2025-05-02 16:19,20.79,2,in_store,
T007849,S05,2025-05-10 12:47,38.57,2,online,
T001410,S01,2025-05-17 18:24,17.01,1,in_store,
T006454,S04,2025-05-17 14:51,93.03,4,online,
T002222,S02,2025-04-14 16:46,63.6,2,online,
T006191,S04,2025-05-09 16:31,71.51,3,in_store,
T001927,S01,2025-05-30 20:39,24.57,1,online,
T006572,S04,2025-05-20 11:07,78.88,5,online,
T002129,S02,2025-04-11 17:39,96.36,4,in_store,
T002572,S02,2025-04-26 19:12,39.81,4,in_store,
T003780,S03,2025-04-12 10:54,31.26,4,online,
T007560,S05,2025-04-30 17:18,114.28,6,in_store,
T000924,S01,2025-05-03 10:45,22.75,2,in_store,
T000585,S01,2025-04-23 11:11,64.8,4,online,
T002960,S02,2025-05-10 19:14,87.15,3,online,
T008457,S09,2025-04-08 18:21,51.71,2,online,
T006018,S04,2025-05-04 19:23,23.92,1,in_store,
T007399,S05,2025-04-24 10:47,44.71,2,online,
T003115,S02,2025-05-15 18:55,84.27,4,online,
T004600,S03,2025-05-11 09:24,176.29,7,in_store,
T008135,S05,2025-05-22 17:39,33.21,2,in_store,
T006208,S04,2025-05-10 11:55,64.5,4,online,
T004174,S03,2025-04-29 16:39,50.95,3,in_store,
T008468,S09,2025-05-02 12:04,23.99,1,in_store,
T003223,S02,2025-05-18 12:27,112.61,4,in_store,
T002899,S02,2025-05-08 09:24,39.07,2,in_store,
T004235,S03,2025-05-02 10:32,19.96,1,online,
T007822,S05,2025-05-10 12:07,30.49,3,in_store,
T002360,S02,2025-04-19 12:21,59.58,3,in_store,
T003250,S02,2025-05-20 12:32,110.42,6,in_store,
T004764,S03,2025-05-18 16:00,107.96,6,online,
T005966,S04,2025-05-02 18:56,43.4,3,online,
T001481,S01,2025-05-18 16:23,66.46,3,in_store,
T002580,S02,2025-04-26 09:54,33.78,2,in_store,
T003287,S02,2025-05-21 14:46,92.21,5,in_store,
T005652,S04,2025-04-22 19:26,60.56,2,online,
T004935,S03,2025-05-25 13:41,41.08,2,in_store,
T005489,S04,2025-04-18 14:59,62.83,3,in_store,
T003415,S02,2025-05-25 20:01,83.41,4,in_store,
T001870,S01,2025-05-29 19:20,86.58,6,in_store,
T000232,S01,2025-04-13 09:55,18.52,3,in_store,
T004598,S03,2025-05-11 12:37,61.05,4,in_store,
T003560,S02,2025-05-29 09:24,29.87,2,in_store,
T001443,S01,2025-05-18 13:53,41.87,2,in_store,
T002305,S02,2025-04-16 17:15,53.02,3,online,
T004022,S03,2025-04-23 13:29,28.97,2,in_store,
T004847,S03,2025-05-22 13:06,99.25,4,online,
T004146,S03,2025-04-28 16:12,60.19,2,in_store,
T007283,S05,2025-04-19 11:05,81.18,7,in_store,
T005933,S04,2025-05-01 10:55,37.71,3,in_store,
T003252,S02,2025-05-20 11:27,23.22,2,online,
T002520,S02,2025-04-24 15:51,82.83,4,in_store,
T002132,S02,2025-04-11 10:43,98.55,5,in_store,
T007584,S05,2025-05-01 19:52,46.55,2,in_store,
T000857,S01,2025-05-01 16:20,27.65,2,online,
T001844,S01,2025-05-28 15:09,93.86,4,in_store,
T004679,S03,2025-05-15 17:56,29.34,1,in_store,
T001347,S01,2025-05-15 11:05,37.47,3,online,
T006010,S04,2025-05-03 12:15,26.78,2,in_store,
T003960,S03,2025-04-20 16:29,52.45,3,in_store,
T007322,S05,2025-04-20 13:48,61.09,5,online,
T004578,S03,2025-05-11 15:36,62.96,7,in_store,SPRING25
T006172,S04,2025-05-09 18:47,181.19,6,in_store,
T003857,S03,2025-04-16 10:58,86.71,5,in_store,
T006906,S04,2025-05-31 09:17,42.79,3,online,
T002785,S02,2025-05-03 17:30,97.58,4,in_store,
T004504,S03,2025-05-10 10:23,56.51,3,online,SPRING25
T008008,S05,2025-05-17 16:19,35.18,2,in_store,
T004082,S03,2025-04-25 18:22,96.27,4,in_store,
T007958,S05,2025-05-15 16:50,58.63,4,in_store,
T005375,S04,2025-04-14 20:59,42.28,3,online,
T006374,S04,2025-05-14 12:02,37.21,3,in_store,
T007705,S05,2025-05-05 19:03,84.95,4,online,
T006314,S04,2025-05-12 10:20,44.69,2,online,
T002199,S02,2025-04-13 16:45,44.61,3,in_store,
T007603,S05,2025-05-02 10:41,59.0,3,in_store,
T007861,S05,2025-05-11 19:24,10.67,1,online,
T001754,S01,2025-05-25 14:48,32.83,2,in_store,
T002861,S02,2025-05-06 12:24,46.51,3,in_store,
T008018,S05,2025-05-17 12:12,47.6,2,in_store,
T006919,S04,2025-05-31 09:59,38.02,2,in_store,
T005555,S04,2025-04-19 19:59,26.25,2,online,
T004346,S03,2025-05-06 17:34,50.29,3,in_store,
T000288,S01,2025-04-14 14:19,89.69,4,in_store,
T003100,S02,2025-05-14 13:42,68.06,4,in_store,
T000948,S01,2025-05-04 16:23,80.45,5,in_store,
T000919,S01,2025-05-03 20:44,62.63,4,in_store,
T006619,S04,2025-05-22 16:28,27.89,3,in_store,
T001335,S01,2025-05-15 20:13,32.46,2,in_store,
T007400,S05,2025-04-24 12:45,40.61,3,online,
T005192,S04,2025-04-09 10:58,27.42,2,in_store,
T003539,S02,2025-05-29 18:48,14.54,4,online,
T008003,S05,2025-05-17 18:42,19.53,3,in_store,
T001811,S01,2025-05-27 18:46,36.9,3,in_store,
T003282,S02,2025-05-21 11:56,57.95,3,online,
T007232,S05,2025-04-18 19:54,65.99,4,online,
T006555,S04,2025-05-20 17:49,108.91,7,in_store,
T008223,S05,2025-05-25 17:20,66.36,4,online,
T007181,S05,2025-04-16 19:53,21.54,1,in_store,
T001513,S01,2025-05-19 20:20,11.5,1,online,
T006327,S04,2025-05-13 14:32,76.97,4,in_store,
T007843,S05,2025-05-10 09:11,109.21,5,online,
T000938,S01,2025-05-04 10:24,61.42,3,in_store,
T004746,S03,2025-05-17 11:45,32.13,2,online,
T005035,S03,2025-05-29 15:46,61.39,2,in_store,
T000997,S01,2025-05-05 18:43,29.53,2,online,
T007233,S05,2025-04-18 18:43,109.3,5,online,
T003897,S03,2025-04-17 15:06,10.4,1,online,
T007610,S05,2025-05-02 19:32,30.51,2,in_store,
T002283,S02,2025-04-16 14:57,107.38,4,online,
T000128,S01,2025-04-10 10:15,131.91,7,in_store,
T007527,S05,2025-04-29 16:23,16.34,1,in_store,
T002966,S02,2025-05-10 13:20,81.94,5,online,
T005925,S04,2025-05-01 18:38,52.8,5,in_store,
T008238,S05,2025-05-26 14:35,59.12,2,in_store,
T005246,S04,2025-04-10 13:46,16.98,1,online,
T006347,S04,2025-05-13 12:07,62.03,5,in_store,
T005999,S04,2025-05-03 14:06,28.75,2,in_store,
T001587,S01,2025-05-21 12:22,63.27,4,in_store,
T005461,S04,2025-04-17 14:23,17.33,1,in_store,
T008131,S05,2025-05-22 20:24,38.73,3,in_store,
T001580,S01,2025-05-21 11:48,45.07,2,online,
T001797,S01,2025-05-26 12:06,14.36,1,in_store,
T001382,S01,2025-05-16 20:38,55.54,3,in_store,
T005740,S04,2025-04-25 17:57,76.9,5,in_store,
T004340,S03,2025-05-06 20:27,92.73,5,in_store,
T004831,S03,2025-05-21 11:14,60.03,3,in_store,
T006241,S04,2025-05-11 15:48,20.8,1,in_store,
T006006,S04,2025-05-03 17:44,26.15,2,in_store,
T001564,S01,2025-05-21 18:18,37.29,3,in_store,
T000717,S01,2025-04-27 19:16,57.31,3,in_store,
T007133,S05,2025-04-14 10:48,158.64,8,online,
T000271,S01,2025-04-14 16:14,36.44,2,online,
T006500,S04,2025-05-18 13:36,46.87,4,in_store,
T007876,S05,2025-05-11 11:04,138.49,5,online,
T007195,S05,2025-04-17 18:10,17.33,1,in_store,
T001483,S01,2025-05-19 16:34,50.69,4,in_store,
T003965,S03,2025-04-20 19:15,54.47,3,online,
T004067,S03,2025-04-24 12:55,82.61,4,in_store,
T007155,S05,2025-04-15 11:51,44.9,2,in_store,
T004421,S03,2025-05-09 17:06,14.22,1,in_store,
T006715,S04,2025-05-25 09:08,13.89,1,in_store,
T006647,S04,2025-05-23 11:37,20.17,2,in_store,
T005335,S04,2025-04-13 15:42,79.73,4,online,
T008410,S05,2025-06-01 09:38,35.58,2,online,
T000554,S01,2025-04-22 09:27,54.95,3,in_store,
T003347,S02,2025-05-23 20:25,65.07,3,in_store,
T001135,S01,2025-05-10 18:10,24.29,2,in_store,
T000745,S01,2025-04-28 13:10,10.42,2,online,
T004944,S03,2025-05-26 15:00,53.22,3,in_store,
T007379,S05,2025-04-23 14:12,17.03,1,online,
T007312,S05,2025-04-20 11:15,44.03,2,in_store,
T000397,S01,2025-04-18 14:56,43.28,3,online,
T002705,S02,2025-04-30 12:08,110.99,8,in_store,
T002760,S02,2025-05-02 13:21,57.26,2,in_store,
T003968,S03,2025-04-20 13:35,53.6,2,in_store,
T007498,S05,2025-04-27 15:19,35.77,3,online,
T006602,S04,2025-05-21 11:35,46.15,3,in_store,
T000358,S01,2025-04-17 11:41,81.86,5,in_store,
T001883,S01,2025-05-29 10:51,19.72,1,in_store,
T001840,S01,2025-05-28 10:14,35.8,2,online,
T000192,S01,2025-04-12 16:28,60.63,3,in_store,
T001043,S01,2025-05-07 13:20,18.59,1,in_store,
T002126,S02,2025-04-11 13:30,34.16,3,in_store,
T005113,S03,2025-06-01 19:54,51.92,3,online,
T002989,S02,2025-05-10 16:00,22.76,1,in_store,
T005154,S04,2025-04-08 11:43,62.69,3,in_store,
T000746,S01,2025-04-28 13:16,25.21,3,in_store,
T004926,S03,2025-05-25 13:26,108.07,4,online,
T006300,S04,2025-05-12 09:15,173.4,8,in_store,
T003097,S02,2025-05-14 18:41,81.85,5,in_store,
T000176,S01,2025-04-12 09:46,60.05,3,online,
T001596,S01,2025-05-22 18:57,32.28,3,online,
T002956,S02,2025-05-09 20:01,87.49,3,in_store,
T007710,S05,2025-05-05 09:39,22.17,1,in_store,
T002426,S02,2025-04-20 13:57,63.61,4,in_store,
T003216,S02,2025-05-18 17:12,61.09,3,in_store,
T001536,S01,2025-05-20 09:36,75.3,4,in_store,
T007212,S05,2025-04-17 17:48,19.61,1,in_store,
T000294,S01,2025-04-15 14:28,73.19,3,online,
T001619,S01,2025-05-22 20:37,65.35,3,in_store,
T002939,S02,2025-05-09 16:08,74.99,5,in_store,
T007302,S05,2025-04-20 17:10,52.66,3,in_store,
T007448,S05,2025-04-26 11:47,92.44,4,in_store,
T008336,S05,2025-05-29 12:24,92.03,4,in_store,
T005092,S03,2025-05-31 13:57,56.51,3,in_store,
T002906,S02,2025-05-08 09:29,61.17,3,in_store,
T005233,S04,2025-04-10 20:27,55.04,4,online,
T005211,S04,2025-04-09 16:15,34.11,3,in_store,
T001202,S01,2025-05-11 14:51,56.06,4,in_store,
T000152,S01,2025-04-11 15:31,24.24,2,in_store,
T004605,S03,2025-05-11 11:19,66.22,4,in_store,SPRING25
T002479,S02,2025-04-22 18:12,8.98,1,in_store,
T008259,S05,2025-05-26 15:34,91.91,3,online,
T004252,S03,2025-05-03 12:25,13.39,1,in_store,
T007432,S05,2025-04-25 12:37,100.36,4,in_store,
T005619,S04,2025-04-21 14:58,59.79,4,in_store,
T000816,S01,2025-04-30 10:56,24.97,2,online,
T008208,S05,2025-05-25 15:43,34.68,2,in_store,
T005427,S04,2025-04-16 19:30,86.11,6,in_store,
T004555,S03,2025-05-11 11:50,57.38,3,online,SPRING25
T003120,S02,2025-05-15 16:13,50.94,4,in_store,
T008194,S05,2025-05-24 09:24,81.41,4,in_store,
T004522,S03,2025-05-11 12:29,122.8,6,in_store,SPRING25
T004750,S03,2025-05-17 09:46,75.08,3,in_store,
T001426,S01,2025-05-17 18:23,33.13,2,in_store,
T000830,S01,2025-05-01 16:52,108.52,4,in_store,
T005161,S04,2025-04-08 10:53,49.79,3,in_store,
T007742,S05,2025-05-07 17:35,20.96,1,in_store,
T000139,S01,2025-04-10 11:13,29.8,2,online,
T001702,S01,2025-05-24 14:42,39.87,2,in_store,
T002625,S02,2025-04-27 12:09,29.98,2,online,
T005491,S04,2025-04-18 15:05,110.79,4,in_store,
T002161,S02,2025-04-12 13:34,52.8,3,in_store,
T007406,S05,2025-04-24 09:35,36.03,2,in_store,
T002269,S02,2025-04-15 09:52,60.8,2,in_store,
T005590,S04,2025-04-20 12:22,78.16,3,online,
T006588,S04,2025-05-21 11:48,79.27,4,online,
T001224,S01,2025-05-12 19:47,29.51,2,online,
T001722,S01,2025-05-25 19:32,45.49,3,in_store,
T001650,S01,2025-05-23 09:26,24.29,2,in_store,
T002589,S02,2025-04-26 19:47,83.64,3,in_store,
T000831,S01,2025-05-01 17:54,32.51,2,in_store,
T004927,S03,2025-05-25 10:11,56.1,2,in_store,
T007693,S05,2025-05-05 17:14,60.88,3,in_store,
T001857,S01,2025-05-28 16:04,155.08,6,online,
T007643,S05,2025-05-03 17:35,44.62,3,in_store,
T006527,S04,2025-05-19 12:15,71.28,3,in_store,
T002849,S02,2025-05-06 18:11,74.0,4,online,
T001540,S01,2025-05-20 14:27,45.13,2,in_store,
T002571,S02,2025-04-26 19:11,23.65,2,online,
T001721,S01,2025-05-25 19:04,36.73,4,online,
T004377,S03,2025-05-08 19:36,114.02,6,in_store,
T002036,S02,2025-04-07 10:42,60.53,3,online,
T005222,S04,2025-04-10 10:45,42.81,3,in_store,
T008257,S05,2025-05-26 20:29,20.3,2,in_store,
T003032,S02,2025-05-12 11:50,14.55,1,online,
T002516,S02,2025-04-23 11:04,162.14,8,online,
T003181,S02,2025-05-17 19:43,56.64,4,online,
T006664,S04,2025-05-24 20:08,93.61,4,in_store,
T004189,S03,2025-04-29 12:57,72.2,4,in_store,
T007539,S05,2025-04-29 10:33,77.55,5,in_store,
T002328,S02,2025-04-17 19:44,48.17,2,in_store,
T005447,S04,2025-04-16 09:02,19.64,3,in_store,
T002888,S02,2025-05-07 11:13,48.52,3,in_store,
T001593,S01,2025-05-21 12:07,66.66,4,in_store,
T004217,S03,2025-05-01 18:36,16.24,1,online,
T001713,S01,2025-05-24 18:40,105.0,4,in_store,
T004599,S03,2025-05-11 20:48,181.63,7,online,SPRING25
T001008,S01,2025-05-06 20:27,20.04,1,in_store,
T003766,S03,2025-04-12 17:31,70.75,5,in_store,
T001152,S01,2025-05-10 15:01,30.36,3,online,
T001407,S01,2025-05-17 16:31,24.55,1,in_store,
T000894,S01,2025-05-03 15:17,118.23,4,in_store,
T004744,S03,2025-05-17 18:01,28.93,2,in_store,
T007570,S05,2025-04-30 12:56,11.13,1,in_store,
T004258,S03,2025-05-03 15:07,29.95,2,in_store,
T002303,S02,2025-04-16 16:24,16.71,2,in_store,
T003020,S02,2025-05-11 18:56,66.48,5,in_store,
T003384,S02,2025-05-24 12:55,87.66,5,in_store,
T002552,S02,2025-04-25 16:07,22.75,2,online,
T000526,S01,2025-04-21 17:08,44.02,3,in_store,
T001056,S01,2025-05-07 09:35,56.89,3,in_store,
T007187,S05,2025-04-16 10:07,59.76,5,in_store,
T001625,S01,2025-05-22 17:14,60.58,3,online,
T005850,S04,2025-04-28 09:50,58.71,4,in_store,
T006717,S04,2025-05-25 09:58,50.47,4,in_store,
T007482,S05,2025-04-27 20:14,75.58,4,online,
T007914,S05,2025-05-13 09:17,30.79,2,in_store,
T002631,S02,2025-04-27 09:05,47.94,2,online,
T002993,S02,2025-05-11 12:23,5.56,1,in_store,
T003938,S03,2025-04-19 17:46,51.86,4,in_store,
T007687,S05,2025-05-05 14:36,41.94,2,online,
T002702,S02,2025-04-30 19:36,13.46,1,in_store,
T002299,S02,2025-04-16 16:11,9.83,1,online,
T003927,S03,2025-04-19 16:03,96.65,3,in_store,
T005518,S04,2025-04-18 14:44,66.04,4,online,
T007234,S05,2025-04-18 13:40,123.67,4,in_store,
T005262,S04,2025-04-11 13:40,60.21,3,in_store,
T000335,S01,2025-04-16 13:05,41.29,2,in_store,
T006070,S04,2025-05-05 18:28,77.07,4,in_store,
T003350,S02,2025-05-23 15:05,16.58,2,online,
T003405,S02,2025-05-25 15:44,49.37,3,in_store,
T000136,S01,2025-04-10 16:56,55.69,3,in_store,
T008160,S05,2025-05-23 12:42,40.52,2,in_store,
T007373,S05,2025-04-22 13:08,125.94,5,in_store,
T006950,S04,2025-06-01 09:07,38.25,4,online,
T001440,S01,2025-05-18 13:49,48.82,2,in_store,
T000904,S01,2025-05-03 12:55,60.79,4,in_store,
T001519,S01,2025-05-19 17:28,105.76,6,in_store,
T003675,S03,2025-04-07 18:54,32.71,2,online,
T007467,S05,2025-04-26 19:35,45.98,3,in_store,
T003235,S02,2025-05-19 16:39,14.07,1,online,
T002242,S02,2025-04-14 15:21,38.95,3,in_store,
T005543,S04,2025-04-19 13:22,49.87,3,in_store,
T007476,S05,2025-04-27 11:09,51.36,2,online,
T007541,S05,2025-04-29 18:19,11.99,1,online,
T001903,S01,2025-05-29 18:26,56.07,3,in_store,
T001688,S01,2025-05-24 14:40,22.97,1,in_store,
T004813,S03,2025-05-20 12:20,54.26,2,online,
T000756,S01,2025-04-28 16:50,69.15,4,online,
T000769,S01,2025-04-29 19:30,38.96,4,in_store,
T000599,S01,2025-04-24 18:03,81.68,4,online,
T005682,S04,2025-04-23 09:54,62.67,4,online,
T004054,S03,2025-04-24 15:26,21.29,3,online,
T007778,S05,2025-05-08 15:20,27.93,1,in_store,
T003102,S02,2025-05-14 20:25,45.88,2,online,
T004761,S03,2025-05-18 20:21,103.83,4,in_store,
T005825,S04,2025-04-27 15:47,41.54,2,in_store,
T000811,S01,2025-04-30 12:09,66.65,3,online,
T000652,S01,2025-04-26 20:46,43.02,3,in_store,
T005945,S04,2025-05-01 10:42,44.71,3,in_store,
T005568,S04,2025-04-20 20:07,52.29,3,online,
T000504,S01,2025-04-20 18:12,17.74,1,in_store,
T006332,S04,2025-05-13 19:54,51.77,5,in_store,
T000922,S01,2025-05-03 20:21,63.76,3,online,
T006754,S04,2025-05-26 20:43,96.99,4,in_store,
T000638,S01,2025-04-25 18:46,48.82,2,in_store,
T008005,S05,2025-05-17 12:29,46.33,2,in_store,
T001415,S01,2025-05-17 09:19,33.48,3,in_store,
T005287,S04,2025-04-12 09:27,26.13,2,in_store,
T003844,S03,2025-04-15 20:06,97.05,4,in_store,
T002517,S02,2025-04-23 10:49,43.45,3,in_store,
T006626,S04,2025-05-22 20:17,49.03,4,online,
T004077,S03,2025-04-25 09:56,112.86,5,in_store,
T003081,S02,2025-05-13 11:06,112.07,5,online,
T000605,S01,2025-04-24 18:25,20.32,2,online,
T002117,S02,2025-04-11 18:29,61.25,4,in_store,
T007263,S05,2025-04-19 16:54,98.66,4,in_store,
T004326,S03,2025-05-05 14:35,96.59,6,online,
T005320,S04,2025-04-12 20:13,53.88,3,in_store,
T000449,S01,2025-04-19 18:00,74.48,5,in_store,
T005139,S04,2025-04-07 14:25,49.91,3,in_store,
T006786,S04,2025-05-27 20:18,26.95,2,in_store,
T000962,S01,2025-05-04 10:06,109.38,4,in_store,
T005478,S04,2025-04-17 13:27,20.12,3,in_store,
T006598,S04,2025-05-21 10:51,39.12,6,in_store,
T000425,S01,2025-04-18 20:24,26.25,3,in_store,
T004654,S03,2025-05-14 14:44,63.9,3,in_store,
T006996,S05,2025-04-08 20:31,30.37,3,online,
T004244,S03,2025-05-02 13:52,110.75,5,in_store,
T004770,S03,2025-05-18 14:57,48.21,5,online,
T002559,S02,2025-04-25 12:21,52.02,2,in_store,
T002436,S02,2025-04-21 14:02,89.44,5,in_store,
T000236,S01,2025-04-13 13:30,40.81,2,in_store,
T002369,S02,2025-04-19 15:37,79.49,4,in_store,
T007023,S05,2025-04-10 09:29,79.24,5,in_store,
T003303,S02,2025-05-22 16:29,95.4,4,in_store,
T006737,S04,2025-05-26 20:50,45.09,3,in_store,
T006235,S04,2025-05-10 20:47,31.97,4,in_store,
T005663,S04,2025-04-23 11:22,11.54,1,in_store,
T000401,S01,2025-04-18 11:31,156.24,5,in_store,
T007152,S05,2025-04-15 10:58,83.6,4,online,
T000380,S01,2025-04-17 20:23,32.94,1,in_store,
T005226,S04,2025-04-10 12:23,25.16,2,online,
T006607,S04,2025-05-22 16:58,37.91,3,in_store,
T002073,S02,2025-04-09 19:57,54.14,4,online,
T004952,S03,2025-05-26 20:47,14.42,1,online,
T005871,S04,2025-04-29 18:46,40.06,2,in_store,
T005395,S04,2025-04-15 18:10,43.04,2,in_store,
T000195,S01,2025-04-12 16:01,56.76,4,in_store,
T002531,S02,2025-04-24 18:29,89.23,5,online,
T007586,S05,2025-05-01 15:08,112.5,7,in_store,
T006012,S04,2025-05-03 10:27,62.34,4,in_store,
T000628,S01,2025-04-25 15:58,104.98,4,in_store,
T007928,S05,2025-05-13 09:56,38.61,2,in_store,
T005117,S03,2025-06-01 09:44,22.64,2,in_store,
T005938,S04,2025-05-01 14:10,11.23,1,in_store,
T006746,S04,2025-05-26 11:19,47.26,3,online,
T008142,S05,2025-05-22 17:55,96.08,5,in_store,
T004574,S03,2025-05-11 13:10,161.05,7,online,SPRING25
T004267,S03,2025-05-03 20:41,62.9,3,in_store,
T001806,S01,2025-05-27 11:51,103.09,4,in_store,
T002945,S02,2025-05-09 20:54,42.0,2,in_store,
T004936,S03,2025-05-25 12:05,14.44,1,in_store,
T007953,S05,2025-05-15 11:30,22.32,2,in_store,
T005746,S04,2025-04-25 19:04,26.59,4,in_store,
T005773,S04,2025-04-26 16:12,32.58,2,online,
T007242,S05,2025-04-18 19:23,29.51,2,online,
T005936,S04,2025-05-01 15:23,21.55,1,online,
T003989,S03,2025-04-20 16:23,107.52,5,in_store,
T008244,S05,2025-05-26 10:56,37.89,2,online,
T000897,S01,2025-05-03 14:58,20.79,1,in_store,
T005175,S04,2025-04-08 12:41,57.76,3,in_store,
T001288,S01,2025-05-14 18:03,35.92,2,in_store,
T008201,S05,2025-05-25 20:01,53.83,5,in_store,
T001032,S01,2025-05-06 15:19,40.53,3,in_store,
T003222,S02,2025-05-18 14:53,38.39,2,online,
T004360,S03,2025-05-07 17:55,47.63,3,in_store,
T008332,S05,2025-05-29 17:19,43.51,2,in_store,
T007424,S05,2025-04-24 13:11,46.33,2,online,
T002032,S02,2025-04-07 12:17,51.37,4,in_store,
T003563,S02,2025-05-29 18:37,27.94,2,online,
T007085,S05,2025-04-12 11:08,9.68,2,online,
T002527,S02,2025-04-24 10:44,69.15,3,in_store,
T000752,S01,2025-04-28 18:51,32.38,3,in_store,
T004800,S03,2025-05-20 17:59,23.43,1,online,
T003597,S02,2025-05-31 10:02,33.88,2,in_store,
T001947,S01,2025-05-31 14:06,118.73,6,in_store,
T005390,S04,2025-04-15 13:49,23.65,1,in_store,
T001748,S01,2025-05-25 09:31,12.03,1,online,
T004960,S03,2025-05-26 18:19,26.13,1,online,
T002310,S02,2025-04-17 11:09,88.33,4,online,
T005105,S03,2025-06-01 18:14,31.17,2,in_store,
T005446,S04,2025-04-16 15:41,51.95,4,in_store,
T004090,S03,2025-04-26 16:14,9.4,1,online,
T005136,S04,2025-04-07 17:24,45.32,3,in_store,
T006341,S04,2025-05-13 09:12,17.84,1,in_store,
T007131,S05,2025-04-14 13:20,12.74,1,in_store,
T000663,S01,2025-04-26 15:10,63.66,4,in_store,
T001971,S01,2025-05-31 17:54,12.64,1,in_store,
T008446,S09,2025-05-28 20:49,27.77,2,in_store,
T003480,S02,2025-05-27 09:35,22.23,3,online,
T008222,S05,2025-05-25 17:10,43.7,3,in_store,
T002879,S02,2025-05-07 12:53,74.44,3,online,
T001211,S01,2025-05-11 18:57,126.05,5,online,
T005804,S04,2025-04-27 09:49,34.44,5,in_store,
T003158,S02,2025-05-16 10:03,148.86,5,in_store,
T000362,S01,2025-04-17 20:44,143.28,6,in_store,
T005024,S03,2025-05-29 12:00,11.22,1,in_store,
T003425,S02,2025-05-25 09:54,16.79,2,in_store,
T005904,S04,2025-04-30 18:39,103.96,4,online,
T005670,S04,2025-04-23 18:44,14.84,1,in_store,
T007862,S05,2025-05-11 10:21,35.84,3,online,
T002308,S02,2025-04-16 09:31,54.21,3,online,
T002245,S02,2025-04-14 20:51,95.75,4,in_store,
T008448,S09,2025-04-09 14:45,29.25,2,in_store,
T005843,S04,2025-04-28 10:30,22.49,1,online,
T006232,S04,2025-05-10 09:48,79.33,4,online,
T003737,S03,2025-04-10 10:33,77.98,4,online,
T002459,S02,2025-04-21 15:29,64.09,3,online,
T005102,S03,2025-06-01 19:24,39.59,3,online,
T000841,S01,2025-05-01 18:16,65.6,4,in_store,
T007199,S05,2025-04-17 09:06,9.78,1,in_store,
T004657,S03,2025-05-14 16:46,44.98,2,in_store,
T000864,S01,2025-05-02 14:42,69.03,3,online,
T006902,S04,2025-05-31 17:11,32.76,3,online,
T006540,S04,2025-05-19 15:31,46.28,2,in_store,
T002434,S02,2025-04-21 09:02,44.58,4,in_store,
T005748,S04,2025-04-25 17:11,29.71,2,in_store,
T003087,S02,2025-05-13 10:04,32.72,2,in_store,
T003330,S02,2025-05-23 19:51,68.04,3,in_store,
T008247,S05,2025-05-26 13:44,33.74,3,in_store,
T006800,S04,2025-05-28 18:11,43.56,3,in_store,
T007963,S05,2025-05-15 09:18,14.15,1,in_store,
T007070,S05,2025-04-11 15:37,22.89,3,in_store,
T005958,S04,2025-05-02 12:42,33.82,2,in_store,
T001709,S01,2025-05-24 14:53,45.08,2,in_store,
T003595,S02,2025-05-31 15:21,46.48,2,online,
T002790,S02,2025-05-03 12:13,59.04,2,in_store,
T005098,S03,2025-06-01 14:08,19.91,2,in_store,
T007269,S05,2025-04-19 17:11,50.15,2,in_store,
T004539,S03,2025-05-11 12:52,74.15,4,in_store,SPRING25
T004901,S03,2025-05-24 20:57,19.27,1,in_store,
T002317,S02,2025-04-17 11:38,46.69,3,online,
T004919,S03,2025-05-25 10:37,43.1,3,in_store,
T004756,S03,2025-05-18 09:00,20.96,1,in_store,
T007987,S05,2025-05-16 11:25,9.42,1,online,
T004419,S03,2025-05-09 20:35,40.48,4,online,
T004176,S03,2025-04-29 20:38,47.25,2,online,
T006829,S04,2025-05-29 11:53,144.53,5,in_store,
T008412,S05,2025-06-01 11:17,23.01,2,online,
T007431,S05,2025-04-25 11:02,15.98,1,in_store,
T004450,S03,2025-05-10 19:28,66.74,4,in_store,SPRING25
T008182,S05,2025-05-24 09:16,36.09,2,in_store,
T006859,S04,2025-05-30 10:10,27.93,1,online,
T007764,S05,2025-05-08 10:28,50.93,2,in_store,
T006205,S04,2025-05-10 10:53,63.38,3,online,
T001226,S01,2025-05-12 17:00,25.04,2,in_store,
T001472,S01,2025-05-18 09:31,35.58,2,online,
T005248,S04,2025-04-10 11:39,37.53,2,in_store,
T004510,S03,2025-05-10 11:36,57.7,4,in_store,SPRING25
T005561,S04,2025-04-19 17:55,101.67,6,online,
T001280,S01,2025-05-13 17:05,41.78,2,online,
T002657,S02,2025-04-28 17:21,61.46,6,in_store,
T000223,S01,2025-04-13 15:09,22.39,1,online,
T000130,S01,2025-04-10 10:47,61.9,3,in_store,
T007478,S05,2025-04-27 09:26,111.91,5,in_store,
T005510,S04,2025-04-18 19:06,46.31,2,online,
T003203,S02,2025-05-18 10:15,92.32,3,online,
T006901,S04,2025-05-31 11:36,37.55,3,online,
T005738,S04,2025-04-25 18:25,101.88,4,in_store,
T005776,S04,2025-04-26 13:36,55.25,2,in_store,
T008169,S05,2025-05-24 14:10,41.92,5,in_store,
T005951,S04,2025-05-02 18:37,66.96,3,online,
T001389,S01,2025-05-17 20:33,21.76,2,in_store,
T006504,S04,2025-05-18 14:00,14.3,1,in_store,
T006409,S04,2025-05-16 18:45,83.84,3,in_store,
T004339,S03,2025-05-06 13:25,12.0,1,in_store,
T007864,S05,2025-05-11 20:31,57.87,2,in_store,
T004405,S03,2025-05-08 13:45,67.48,3,online,
T006913,S04,2025-05-31 17:16,36.01,2,in_store,
T002881,S02,2025-05-07 15:05,148.53,6,in_store,
T007985,S05,2025-05-16 16:04,28.65,1,in_store,
T002669,S02,2025-04-29 16:05,29.89,2,online,
T000092,S01,2025-04-09 09:58,109.13,5,online,
T002034,S02,2025-04-07 09:25,11.04,1,in_store,
T005457,S04,2025-04-17 14:09,38.35,2,in_store,
T005371,S04,2025-04-14 17:32,81.59,4,in_store,
T002275,S02,2025-04-15 13:15,55.58,3,in_store,
T007990,S05,2025-05-16 13:31,47.07,3,online,
T000190,S01,2025-04-12 10:06,114.77,3,in_store,
T005260,S04,2025-04-11 13:29,50.99,3,in_store,
T000116,S01,2025-04-10 18:19,20.87,1,in_store,
T000874,S01,2025-05-02 18:19,93.34,3,in_store,
T005188,S04,2025-04-09 11:02,27.06,1,in_store,
T007869,S05,2025-05-11 15:50,68.03,3,in_store,
T007202,S05,2025-04-17 17:15,26.47,1,online,
T006534,S04,2025-05-19 18:09,64.91,4,in_store,
T002647,S02,2025-04-28 13:17,102.8,3,in_store,
T003027,S02,2025-05-12 16:33,46.02,4,in_store,
T002692,S02,2025-04-30 17:00,76.33,3,in_store,
T003839,S03,2025-04-15 13:49,12.11,1,online,
T000964,S01,2025-05-04 09:33,44.44,3,in_store,
T003337,S02,2025-05-23 14:55,51.77,3,online,
T005162,S04,2025-04-08 14:55,64.53,4,in_store,
T007961,S05,2025-05-15 09:25,26.88,1,in_store,
T000473,S01,2025-04-19 14:32,71.64,5,in_store,
T007711,S05,2025-05-05 14:31,102.38,5,in_store,
T003999,S03,2025-04-21 13:05,57.75,3,online,
T000577,S01,2025-04-23 10:37,41.12,3,in_store,
T003797,S03,2025-04-13 13:06,52.84,4,in_store,
T001120,S01,2025-05-09 20:48,75.96,3,in_store,
T003403,S02,2025-05-25 15:20,137.16,5,in_store,
T006149,S04,2025-05-08 20:24,65.07,3,online,
T002012,S01,2025-06-01 17:42,87.53,4,online,
T003476,S02,2025-05-27 10:19,96.86,6,in_store,
T003673,S03,2025-04-07 16:49,34.29,3,online,
T001796,S01,2025-05-26 09:19,61.12,2,in_store,
T007903,S05,2025-05-12 12:35,51.23,4,in_store,
T008098,S05,2025-05-21 12:57,88.07,3,online,
T005422,S04,2025-04-16 16:31,19.04,1,online,
T001734,S01,2025-05-25 14:25,14.5,1,in_store,
T001304,S01,2025-05-14 15:43,54.32,3,online,
T004280,S03,2025-05-04 10:35,57.05,4,in_store,
T002359,S02,2025-04-18 15:41,67.25,5,in_store,
T003579,S02,2025-05-30 18:27,51.38,3,in_store,
T007119,S05,2025-04-13 12:21,34.12,2,in_store,
T007651,S05,2025-05-04 12:18,80.44,4,in_store,
T007452,S05,2025-04-26 13:46,45.52,2,online,
T006001,S04,2025-05-03 20:22,111.34,5,online,
T005197,S04,2025-04-09 11:01,25.88,1,online,
T004381,S03,2025-05-08 20:40,65.13,4,in_store,
T007730,S05,2025-05-06 15:19,54.41,4,in_store,
T003522,S02,2025-05-28 16:31,60.51,5,in_store,
T006865,S04,2025-05-30 12:49,56.02,3,in_store,
T005513,S04,2025-04-18 20:58,82.69,3,in_store,
T004231,S03,2025-05-02 17:50,43.04,2,in_store,
T005929,S04,2025-05-01 16:01,23.39,1,in_store,
T002261,S02,2025-04-15 17:21,43.79,2,in_store,
T000648,S01,2025-04-25 20:24,57.49,4,in_store,
T000711,S01,2025-04-27 11:56,20.58,2,in_store,
T008311,S05,2025-05-28 17:48,38.71,3,in_store,
T002612,S02,2025-04-27 15:45,70.64,4,in_store,
T001144,S01,2025-05-10 19:13,42.05,4,in_store,
T006739,S04,2025-05-26 16:17,41.75,2,in_store,
T007639,S05,2025-05-03 13:41,84.58,4,in_store,
T002605,S02,2025-04-27 18:27,38.12,2,in_store,
T003814,S03,2025-04-14 13:43,39.96,2,online,
T004940,S03,2025-05-25 20:31,101.4,4,online,
T008151,S05,2025-05-23 18:51,40.89,3,in_store,
T002818,S02,2025-05-05 18:25,50.9,3,online,
T000793,S01,2025-04-30 10:21,47.28,3,online,
T002606,S02,2025-04-27 20:24,53.86,3,in_store,
T005767,S04,2025-04-26 13:51,71.59,4,in_store,
T005645,S04,2025-04-22 11:57,77.9,4,online,
T002497,S02,2025-04-23 17:19,130.8,5,in_store,
T000872,S01,2025-05-02 13:12,57.86,2,in_store,
T007571,S05,2025-04-30 09:08,27.53,1,online,
T005583,S04,2025-04-20 12:40,29.62,2,in_store,
T000508,S01,2025-04-20 15:34,115.26,4,online,
T007973,S05,2025-05-15 15:53,79.23,5,in_store,
T001490,S01,2025-05-19 18:23,77.26,4,in_store,
T002816,S02,2025-05-05 20:16,45.91,2,in_store,
T006129,S04,2025-05-07 13:40,8.45,1,in_store,
T006391,S04,2025-05-15 10:08,17.42,3,online,
T004567,S03,2025-05-11 09:31,90.56,5,in_store,
T000866,S01,2025-05-02 19:45,159.86,5,in_store,
T008006,S05,2025-05-17 13:34,70.11,4,in_store,
T005458,S04,2025-04-17 09:32,64.36,3,in_store,
T003345,S02,2025-05-23 12:29,46.01,3,online,
T001461,S01,2025-05-18 14:11,32.91,2,in_store,
T007670,S05,2025-05-04 10:28,51.23,2,in_store,
T002007,S01,2025-06-01 19:11,67.35,4,in_store,
T002679,S02,2025-04-29 17:33,89.96,4,in_store,
T005237,S04,2025-04-10 13:45,48.98,3,in_store,
T005574,S04,2025-04-20 17:35,99.58,4,online,
T007899,S05,2025-05-12 14:26,116.12,4,in_store,
T000178,S01,2025-04-12 16:03,38.91,2,in_store,
T003125,S02,2025-05-15 19:49,19.3,1,online,
T004649,S03,2025-05-14 10:02,29.92,2,in_store,
T000942,S01,2025-05-04 10:15,45.04,3,in_store,
T006550,S04,2025-05-20 19:07,47.05,3,in_store,
T006627,S04,2025-05-22 11:28,76.97,4,in_store,
T005126,S04,2025-04-07 16:56,66.86,4,in_store,
T002179,S02,2025-04-12 12:59,12.89,1,online,
T006250,S04,2025-05-11 19:58,35.05,2,online,
T003080,S02,2025-05-13 18:19,40.46,3,in_store,
T007740,S05,2025-05-06 11:43,67.47,5,in_store,
T000800,S01,2025-04-30 12:18,24.72,2,online,
T004929,S03,2025-05-25 14:01,122.05,6,in_store,
T002029,S02,2025-04-07 20:47,80.32,3,in_store,
T007060,S05,2025-04-11 15:46,61.6,4,online,
T000076,S01,2025-04-09 09:11,25.3,3,online,
T000689,S01,2025-04-26 09:36,144.56,6,in_store,
T002712,S02,2025-05-01 13:24,47.5,3,online,
T000031,S01,2025-04-08 15:11,9.68,1,in_store,
T000047,S01,2025-04-08 11:30,45.68,3,in_store,
T008011,S05,2025-05-17 20:34,27.1,4,online,
T002944,S02,2025-05-09 18:13,65.29,4,in_store,
T000044,S01,2025-04-08 20:29,110.77,4,in_store,
T006071,S04,2025-05-05 14:23,45.69,3,in_store,
T005876,S04,2025-04-29 10:59,75.0,5,online,
T002063,S02,2025-04-08 20:56,74.27,3,in_store,
T002824,S02,2025-05-05 13:38,72.01,4,online,
T005499,S04,2025-04-18 11:47,16.51,1,in_store,
T001467,S01,2025-05-18 20:06,84.69,3,online,
T003743,S03,2025-04-10 12:28,80.89,6,in_store,
T001364,S01,2025-05-16 15:16,28.72,3,in_store,
T003040,S02,2025-05-12 12:27,107.52,5,in_store,
T000958,S01,2025-05-04 12:26,21.47,2,in_store,
T003837,S03,2025-04-15 09:29,71.56,3,in_store,
T001394,S01,2025-05-17 10:20,66.32,4,in_store,
T008191,S05,2025-05-24 13:53,67.15,4,in_store,
T001019,S01,2025-05-06 13:27,32.44,1,in_store,
T005227,S04,2025-04-10 20:48,62.12,4,in_store,
T005832,S04,2025-04-28 16:05,24.81,2,online,
T003596,S02,2025-05-31 17:30,17.86,1,in_store,
T001185,S01,2025-05-11 17:44,54.81,3,online,
T001444,S01,2025-05-18 18:21,15.02,2,in_store,
T008359,S05,2025-05-30 20:51,152.17,5,in_store,
T001992,S01,2025-06-01 16:53,40.98,2,online,
T007006,S05,2025-04-09 16:49,31.2,2,online,
T001085,S01,2025-05-08 17:14,81.89,4,in_store,
T000075,S01,2025-04-09 11:26,22.1,1,in_store,
T000684,S01,2025-04-26 18:23,60.21,4,online,
T004662,S03,2025-05-14 19:07,32.91,2,in_store,
T004234,S03,2025-05-02 14:42,48.6,3,online,
T005469,S04,2025-04-17 13:44,57.9,3,online,
T003538,S02,2025-05-29 13:31,52.09,3,in_store,
T000611,S01,2025-04-24 10:51,30.93,3,online,
T004579,S03,2025-05-11 18:33,35.73,2,in_store,
T001094,S01,2025-05-08 15:31,75.2,4,in_store,
T000835,S01,2025-05-01 11:06,23.88,1,in_store,
T004307,S03,2025-05-05 13:29,149.84,5,in_store,
T006214,S04,2025-05-10 19:51,44.72,3,in_store,
T007153,S05,2025-04-15 15:56,85.7,5,in_store,
T004571,S03,2025-05-11 10:41,198.45,7,in_store,SPRING25
T001045,S01,2025-05-07 20:22,86.6,5,in_store,
T003171,S02,2025-05-17 14:53,67.03,4,in_store,
T000998,S01,2025-05-05 15:40,94.29,4,in_store,
T002136,S02,2025-04-11 13:29,56.25,3,in_store,
T008367,S05,2025-05-30 15:59,96.05,3,online,
T002999,S02,2025-05-11 09:24,65.33,3,in_store,
T008256,S05,2025-05-26 16:44,49.56,2,in_store,
T003308,S02,2025-05-22 09:05,106.86,5,online,
T003884,S03,2025-04-17 14:07,64.7,4,in_store,
T007806,S05,2025-05-09 13:48,55.31,3,online,
T002181,S02,2025-04-13 17:35,147.07,6,in_store,
T006981,S05,2025-04-08 20:03,17.28,1,in_store,
T003136,S02,2025-05-15 10:07,24.97,1,in_store,
T004933,S03,2025-05-25 16:33,45.35,2,in_store,
T002689,S02,2025-04-30 09:40,17.65,1,in_store,
T005638,S04,2025-04-22 13:05,20.41,1,online,
T006944,S04,2025-06-01 09:54,38.27,2,in_store,
T008394,S05,2025-05-31 12:23,20.26,3,online,
T004062,S03,2025-04-24 09:03,52.88,2,in_store,
T003426,S02,2025-05-25 15:15,123.55,4,online,
T000208,S01,2025-04-12 19:13,24.14,2,in_store,
T001337,S01,2025-05-15 19:33,29.05,3,in_store,
T004550,S03,2025-05-11 14:50,132.75,7,in_store,SPRING25
T000565,S01,2025-04-23 18:58,36.76,2,in_store,
T003787,S03,2025-04-13 10:47,49.85,2,online,
T000990,S01,2025-05-05 19:37,56.27,3,in_store,
T004036,S03,2025-04-23 16:13,32.87,2,in_store,
T002862,S02,2025-05-06 18:24,27.61,2,online,
T002320,S02,2025-04-17 16:12,103.04,5,in_store,
T003072,S02,2025-05-13 11:20,33.19,2,in_store,
T005684,S04,2025-04-23 17:02,27.46,2,in_store,
T007950,S05,2025-05-14 18:47,61.74,3,online,
T003220,S02,2025-05-18 10:59,42.48,2,in_store,
T007505,S05,2025-04-28 18:50,65.04,3,online,
T000813,S01,2025-04-30 17:09,39.9,2,online,
T007357,S05,2025-04-22 15:34,163.04,6,in_store,
T005980,S04,2025-05-03 18:56,75.93,3,in_store,
T001944,S01,2025-05-31 17:41,69.83,3,in_store,
T001012,S01,2025-05-06 11:59,102.0,5,in_store,
T004390,S03,2025-05-08 18:05,53.43,3,in_store,
T004454,S03,2025-05-10 13:58,97.68,5,in_store,SPRING25
T003059,S02,2025-05-12 09:25,38.63,4,online,
T004560,S03,2025-05-11 16:15,124.24,6,in_store,SPRING25
T005408,S04,2025-04-15 15:54,62.44,3,in_store,
T002970,S02,2025-05-10 10:19,30.82,2,in_store,
T006059,S04,2025-05-05 11:18,103.13,4,in_store,
T007237,S05,2025-04-18 11:14,79.22,3,in_store,
T005553,S04,2025-04-19 12:27,79.43,3,in_store,
T006123,S04,2025-05-07 12:24,15.62,1,in_store,
T002236,S02,2025-04-14 14:56,100.01,4,in_store,
T001258,S01,2025-05-13 11:36,22.51,3,online,
T004924,S03,2025-05-25 14:29,56.04,3,in_store,
T002335,S02,2025-04-18 12:45,50.05,2,in_store,
T001241,S01,2025-05-12 17:35,35.34,2,in_store,
T005347,S04,2025-04-13 10:55,28.55,2,in_store,
T001487,S01,2025-05-19 16:32,83.94,4,in_store,
T002295,S02,2025-04-16 09:31,61.65,2,online,
T004398,S03,2025-05-08 13:36,60.11,4,online,
T003815,S03,2025-04-14 15:24,27.08,1,in_store,
T001541,S01,2025-05-20 15:34,97.15,5,in_store,
T007065,S05,2025-04-11 16:55,17.59,1,in_store,
T005793,S04,2025-04-27 18:22,106.55,5,in_store,
T006744,S04,2025-05-26 18:19,62.28,3,in_store,
T004451,S03,2025-05-10 10:12,110.9,7,in_store,
T001895,S01,2025-05-29 20:28,65.68,3,in_store,
T001839,S01,2025-05-28 20:14,64.65,3,online,
T001737,S01,2025-05-25 11:01,41.25,2,in_store,
T006708,S04,2025-05-25 12:23,88.62,4,in_store,
T002645,S02,2025-04-28 09:56,21.62,4,in_store,
T004079,S03,2025-04-25 10:14,96.74,6,in_store,
T002441,S02,2025-04-21 13:33,66.7,4,online,
T006776,S04,2025-05-27 20:22,28.91,2,in_store,
T007418,S05,2025-04-24 16:52,74.09,4,in_store,
T006567,S04,2025-05-20 15:40,32.8,3,in_store,
T005270,S04,2025-04-11 14:20,56.91,3,in_store,
T008431,S05,2025-06-01 11:05,108.57,4,in_store,
T002883,S02,2025-05-07 14:14,44.5,3,in_store,
T001827,S01,2025-05-27 19:09,123.01,4,in_store,
T001566,S01,2025-05-21 11:37,83.18,5,in_store,
T005704,S04,2025-04-24 20:49,133.87,7,in_store,
T005614,S04,2025-04-21 12:37,43.58,4,in_store,
T004712,S03,2025-05-16 13:29,130.6,6,in_store,
T001054,S01,2025-05-07 18:24,110.03,6,in_store,
T006675,S04,2025-05-24 09:32,20.38,2,in_store,
T008233,S05,2025-05-26 20:43,83.25,4,online,
T001485,S01,2025-05-19 13:02,36.52,3,online,
T005520,S04,2025-04-18 20:34,104.86,3,in_store,
T005047,S03,2025-05-30 12:59,61.82,4,in_store,
T003420,S02,2025-05-25 12:01,86.98,6,online,
T003851,S03,2025-04-15 20:56,55.9,5,in_store,
T002528,S02,2025-04-24 15:04,90.63,5,online,
T000391,S01,2025-04-17 17:12,59.77,4,in_store,
T004514,S03,2025-05-10 19:38,69.24,3,in_store,SPRING25
T007842,S05,2025-05-10 20:51,40.08,3,in_store,
T000018,S01,2025-04-07 12:53,55.17,3,in_store,
T000392,S01,2025-04-17 15:25,24.11,2,online,
T002579,S02,2025-04-26 18:17,126.18,5,in_store,
T001628,S01,2025-05-22 17:04,73.77,3,online,
T005487,S04,2025-04-18 20:08,70.29,3,online,
T002252,S02,2025-04-15 10:08,74.03,3,online,
T007757,S05,2025-05-07 17:53,43.21,4,online,
T002926,S02,2025-05-09 09:01,128.63,6,in_store,
T004068,S03,2025-04-24 11:15,31.27,3,in_store,
T007001,S05,2025-04-09 13:55,105.74,5,in_store,
T000215,S01,2025-04-12 18:12,43.4,2,online,
T004375,S03,2025-05-08 12:47,111.42,4,in_store,
T003383,S02,2025-05-24 20:48,48.36,2,online,
T002244,S02,2025-04-14 12:33,23.31,3,online,
T001088,S01,2025-05-08 19:36,20.4,2,in_store,
T003966,S03,2025-04-20 12:17,83.07,4,in_store,
T000715,S01,2025-04-27 20:02,42.27,4,in_store,
T002490,S02,2025-04-22 17:41,65.82,5,in_store,
T001493,S01,2025-05-19 19:39,112.21,4,in_store,
T003356,S02,2025-05-23 10:51,136.98,6,in_store,
T000142,S01,2025-04-11 19:22,49.14,4,in_store,
T008216,S05,2025-05-25 16:53,47.26,3,in_store,
T002537,S02,2025-04-24 17:06,78.91,5,online,
T001875,S01,2025-05-29 14:17,25.85,2,online,
T005688,S04,2025-04-23 13:40,37.8,3,online,
T002551,S02,2025-04-25 18:31,28.6,2,in_store,
T002710,S02,2025-05-01 09:04,63.77,3,online,
T004128,S03,2025-04-27 19:35,16.52,3,in_store,
T007064,S05,2025-04-11 15:11,95.35,3,in_store,
T000976,S01,2025-05-05 17:25,10.26,1,in_store,
T002080,S02,2025-04-09 13:12,62.88,4,in_store,
T007739,S05,2025-05-06 10:04,36.47,3,online,
T004408,S03,2025-05-08 18:14,53.14,4,in_store,
T006484,S04,2025-05-18 16:32,70.94,5,in_store,
T007503,S05,2025-04-28 11:47,51.12,3,in_store,
T003706,S03,2025-04-09 11:52,107.8,5,online,
T003239,S02,2025-05-19 12:34,42.7,2,in_store,
T001583,S01,2025-05-21 09:06,70.5,3,in_store,
T008048,S05,2025-05-18 16:43,82.84,3,in_store,
T003939,S03,2025-04-19 09:56,15.36,1,online,
T007235,S05,2025-04-18 13:38,57.83,3,online,
T001814,S01,2025-05-27 17:03,79.79,4,in_store,
T005723,S04,2025-04-25 13:20,49.91,3,in_store,
T007144,S05,2025-04-14 12:15,28.8,2,in_store,
T006795,S04,2025-05-27 15:46,22.66,2,in_store,
T007359,S05,2025-04-22 11:30,28.43,3,online,
T002337,S02,2025-04-18 13:10,51.86,3,online,
T000219,S01,2025-04-13 09:33,11.09,2,in_store,
T002013,S01,2025-06-01 19:24,62.84,3,in_store,
T003940,S03,2025-04-19 15:18,70.04,3,in_store,
T002074,S02,2025-04-09 18:21,41.77,2,in_store,
T006613,S04,2025-05-22 15:46,68.54,5,online,
T001849,S01,2025-05-28 18:52,127.35,5,online,
T006377,S04,2025-05-14 17:37,65.82,4,in_store,
T003195,S02,2025-05-18 10:06,63.89,4,in_store,
T003549,S02,2025-05-29 10:59,33.39,4,online,
T007408,S05,2025-04-24 17:50,167.66,8,online,
T000678,S01,2025-04-26 15:39,27.14,2,in_store,
T004427,S03,2025-05-09 18:19,88.38,5,online,
T000655,S01,2025-04-26 09:50,72.97,4,in_store,
T006520,S04,2025-05-19 12:57,42.01,3,in_store,
T004757,S03,2025-05-18 09:22,67.79,5,online,
T005019,S03,2025-05-29 09:01,123.43,6,in_store,
T003727,S03,2025-04-10 12:05,16.03,1,in_store,
T005720,S04,2025-04-24 13:45,31.29,2,in_store,
T002728,S02,2025-05-01 09:30,76.88,3,in_store,
T002381,S02,2025-04-19 12:23,48.18,4,in_store,
T003628,S02,2025-06-01 12:03,83.86,4,in_store,
T006124,S04,2025-05-07 10:08,73.25,6,online,
T001363,S01,2025-05-16 17:14,105.56,4,in_store,
T005075,S03,2025-05-31 17:16,47.67,3,in_store,
T004074,S03,2025-04-25 16:02,36.95,3,in_store,
T002162,S02,2025-04-12 20:35,50.11,3,in_store,
T002543,S02,2025-04-25 17:53,66.82,4,in_store,
T003170,S02,2025-05-17 17:45,81.21,4,in_store,
T001663,S01,2025-05-23 12:43,59.07,5,in_store,
T000007,S01,2025-04-07 10:48,32.3,3,online,
T008030,S05,2025-05-18 19:03,45.05,3,online,
T006634,S04,2025-05-22 14:51,67.43,3,in_store,
T004167,S03,2025-04-29 09:03,67.02,4,in_store,
T008301,S05,2025-05-28 20:39,24.44,1,online,
T000079,S01,2025-04-09 15:28,63.74,3,in_store,
T003788,S03,2025-04-13 19:51,21.82,1,in_store,
T000264,S01,2025-04-14 09:49,42.55,2,in_store,
T001061,S01,2025-05-07 11:05,27.61,2,online,
T003526,S02,2025-05-28 10:56,36.36,2,in_store,
T001526,S01,2025-05-19 13:56,31.73,2,online,
T002812,S02,2025-05-04 16:25,102.64,5,online,
T008027,S05,2025-05-18 19:11,60.23,4,in_store,
T007578,S05,2025-04-30 09:26,71.51,3,online,
T004230,S03,2025-05-02 16:04,65.37,4,in_store,
T003015,S02,2025-05-11 18:47,53.11,3,in_store,
T007803,S05,2025-05-09 12:53,65.77,4,in_store,
T002135,S02,2025-04-11 16:03,35.48,2,in_store,
T006349,S04,2025-05-13 13:44,72.6,4,in_store,
T007129,S05,2025-04-14 17:21,27.47,2,online,
T000441,S01,2025-04-19 13:00,61.11,2,in_store,
T005133,S04,2025-04-07 15:09,97.2,5,in_store,
T003913,S03,2025-04-18 18:59,33.32,2,in_store,
T008159,S05,2025-05-23 17:07,15.66,1,in_store,
T001471,S01,2025-05-18 17:05,32.76,3,in_store,
T007015,S05,2025-04-09 14:44,84.68,4,in_store,
T001299,S01,2025-05-14 09:39,9.75,2,online,
T000367,S01,2025-04-17 18:04,23.94,2,in_store,
T007751,S05,2025-05-07 09:37,64.84,3,in_store,
T007465,S05,2025-04-26 14:19,24.1,2,online,
T003974,S03,2025-04-20 16:14,65.18,3,in_store,
T003730,S03,2025-04-10 13:16,28.16,2,online,
T003312,S02,2025-05-22 15:46,26.57,2,in_store,
T004481,S03,2025-05-10 12:37,95.58,6,in_store,SPRING25
T001766,S01,2025-05-26 19:22,54.76,2,in_store,
T000095,S01,2025-04-09 13:04,47.56,3,online,
T003879,S03,2025-04-16 12:19,33.75,2,online,
T004109,S03,2025-04-26 17:21,50.34,4,online,
T008099,S05,2025-05-21 10:57,39.64,3,in_store,
T005301,S04,2025-04-12 18:27,34.57,3,online,
T007325,S05,2025-04-20 09:50,58.21,3,in_store,
T008369,S05,2025-05-31 18:59,39.66,3,in_store,
T000667,S01,2025-04-26 17:46,48.98,3,in_store,
T006430,S04,2025-05-16 20:11,113.32,5,in_store,
T002608,S02,2025-04-27 19:50,18.18,1,in_store,
T002797,S02,2025-05-04 13:24,42.51,3,online,
T002087,S02,2025-04-09 14:32,45.65,3,in_store,
T006538,S04,2025-05-19 14:19,175.44,9,in_store,
T000738,S01,2025-04-28 09:50,29.71,2,in_store,
T007314,S05,2025-04-20 18:01,57.4,2,in_store,
T007587,S05,2025-05-01 09:48,81.79,4,in_store,
T003693,S03,2025-04-08 20:41,31.09,2,online,
T007616,S05,2025-05-02 10:42,68.04,4,online,
T006502,S04,2025-05-18 18:09,31.77,2,online,
T003456,S02,2025-05-26 11:04,14.6,1,in_store,
T007029,S05,2025-04-10 12:23,16.56,2,in_store,
T008308,S05,2025-05-28 10:54,126.82,6,in_store,
T001531,S01,2025-05-20 14:02,20.45,2,in_store,
T002253,S02,2025-04-15 15:31,33.71,1,in_store,
T006883,S04,2025-05-31 13:29,31.95,1,in_store,
T007654,S05,2025-05-04 09:56,80.02,4,in_store,
T007781,S05,2025-05-08 16:42,36.49,2,online,
T004319,S03,2025-05-05 19:09,40.16,2,in_store,
T000405,S01,2025-04-18 20:47,20.15,2,in_store,
T001285,S01,2025-05-14 16:52,69.8,3,in_store,
T004178,S03,2025-04-29 20:39,34.45,3,in_store,
T004682,S03,2025-05-15 12:06,50.44,2,in_store,
T003771,S03,2025-04-12 09:29,33.37,3,online,
T004734,S03,2025-05-17 20:36,48.92,5,online,
T001602,S01,2025-05-22 14:43,68.26,4,in_store,
T004641,S03,2025-05-13 15:11,123.85,5,online,
T002567,S02,2025-04-25 09:13,55.43,3,in_store,
T001379,S01,2025-05-16 14:53,41.14,3,in_store,
T002929,S02,2025-05-09 16:59,50.05,3,in_store,
T005264,S04,2025-04-11 17:42,83.26,4,online,
T004759,S03,2025-05-18 10:24,25.83,3,online,
T008444,S09,2025-05-11 19:01,36.23,3,in_store,
T002071,S02,2025-04-09 13:23,24.49,1,in_store,
T003661,S03,2025-04-07 13:04,214.14,7,online,
T001130,S01,2025-05-09 19:29,77.87,4,online,
T007525,S05,2025-04-28 10:27,14.16,1,in_store,
T000576,S01,2025-04-23 12:18,85.91,5,in_store,
T008324,S05,2025-05-29 15:57,17.73,1,in_store,
T006121,S04,2025-05-07 18:15,171.95,7,in_store,
T001234,S01,2025-05-12 16:49,32.95,2,in_store,
T007219,S05,2025-04-18 14:28,50.91,3,in_store,
T003221,S02,2025-05-18 16:06,75.54,4,in_store,
T005862,S04,2025-04-29 15:50,99.62,3,in_store,
T002827,S02,2025-05-05 13:10,33.98,5,in_store,
T005610,S04,2025-04-21 13:23,41.32,3,in_store,
T001124,S01,2025-05-09 20:03,23.72,2,in_store,
T002187,S02,2025-04-13 15:40,24.67,2,in_store,
T003280,S02,2025-05-21 17:23,90.74,4,in_store,
T003744,S03,2025-04-10 09:40,35.95,2,in_store,
T000424,S01,2025-04-18 14:24,68.08,4,in_store,
T001356,S01,2025-05-16 17:20,50.65,3,online,
T004264,S03,2025-05-03 20:29,45.48,3,online,
T007746,S05,2025-05-07 14:15,147.17,7,in_store,
T006628,S04,2025-05-22 16:01,17.99,1,in_store,
T001786,S01,2025-05-26 11:44,26.41,2,in_store,
T003026,S02,2025-05-12 11:32,95.41,4,online,
T005026,S03,2025-05-29 15:22,40.6,3,in_store,
T001151,S01,2025-05-10 18:59,54.25,4,online,
T006359,S04,2025-05-14 20:09,113.19,4,in_store,
T007745,S05,2025-05-07 19:28,49.85,4,in_store,
T007309,S05,2025-04-20 16:23,49.67,3,in_store,
T003225,S02,2025-05-19 16:35,47.83,3,in_store,
T002717,S02,2025-05-01 11:51,25.92,3,in_store,
T000525,S01,2025-04-21 12:05,51.49,4,online,
T005430,S04,2025-04-16 16:35,52.5,4,in_store,
T004781,S03,2025-05-19 09:21,71.98,5,in_store,
T000523,S01,2025-04-21 20:22,44.48,3,online,
T004273,S03,2025-05-04 19:42,49.87,2,in_store,
T004970,S03,2025-05-27 10:07,52.15,4,online,
T006340,S04,2025-05-13 15:50,50.14,3,in_store,
T005726,S04,2025-04-25 17:43,30.21,2,in_store,
T005892,S04,2025-04-30 16:41,8.39,4,in_store,
T001691,S01,2025-05-24 17:17,13.24,1,in_store,
T007513,S05,2025-04-28 17:40,92.53,6,online,
T004166,S03,2025-04-29 16:59,45.35,2,in_store,
T004453,S03,2025-05-10 19:45,143.99,7,in_store,SPRING25
T005057,S03,2025-05-30 13:04,62.02,3,in_store,
T007185,S05,2025-04-16 11:30,56.42,3,in_store,
T004568,S03,2025-05-11 16:53,124.66,5,in_store,SPRING25
T001253,S01,2025-05-13 10:18,65.44,3,online,
T006101,S04,2025-05-06 16:43,17.71,1,in_store,
T005466,S04,2025-04-17 11:08,27.94,2,in_store,
T006284,S04,2025-05-11 14:34,33.48,2,in_store,
T000102,S01,2025-04-09 11:27,56.83,3,online,
T007970,S05,2025-05-15 16:29,51.98,3,online,
T000269,S01,2025-04-14 09:18,42.94,2,in_store,
T003116,S02,2025-05-15 13:58,105.97,6,in_store,
T001886,S01,2025-05-29 14:09,71.76,4,in_store,
T003841,S03,2025-04-15 19:35,8.95,1,in_store,
T002696,S02,2025-04-30 12:52,46.22,3,in_store,
T004891,S03,2025-05-24 11:21,32.43,2,online,
T006876,S04,2025-05-30 16:22,52.04,3,in_store,
T003662,S03,2025-04-07 19:55,165.6,6,online,
T001473,S01,2025-05-18 10:58,60.29,3,online,
T004220,S03,2025-05-01 14:54,59.59,4,online,
T002183,S02,2025-04-13 13:28,39.34,2,in_store,
T001574,S01,2025-05-21 17:06,75.63,4,in_store,
T008368,S05,2025-05-30 18:15,138.97,4,online,
T004108,S03,2025-04-26 15:27,88.09,4,online,
T004276,S03,2025-05-04 19:38,85.36,4,in_store,
T005848,S04,2025-04-28 16:39,26.83,2,in_store,
T006052,S04,2025-05-04 20:04,46.84,2,in_store,
T004211,S03,2025-04-30 15:52,59.64,4,online,
T000298,S01,2025-04-15 20:32,67.35,4,in_store,
T007058,S05,2025-04-11 15:09,34.8,2,in_store,
T003836,S03,2025-04-15 20:17,42.08,2,in_store,
T003609,S02,2025-05-31 10:43,55.29,4,online,
T005671,S04,2025-04-23 15:12,45.25,3,in_store,
T005785,S04,2025-04-26 17:56,24.2,3,in_store,
T007553,S05,2025-04-30 12:54,31.75,2,in_store,
T003208,S02,2025-05-18 10:08,39.59,3,in_store,
T004795,S03,2025-05-19 11:56,45.17,2,in_store,
T000099,S01,2025-04-09 12:17,68.33,3,online,
T007913,S05,2025-05-13 18:39,48.51,3,online,
T002387,S02,2025-04-19 14:44,120.27,5,in_store,
T004401,S03,2025-05-08 19:41,41.32,2,online,
T007827,S05,2025-05-10 14:40,71.97,4,in_store,
T008307,S05,2025-05-28 17:07,32.29,2,in_store,
T003044,S02,2025-05-12 17:15,22.96,1,in_store,
T004028,S03,2025-04-23 14:24,98.27,4,in_store,
T008335,S05,2025-05-29 15:51,41.47,2,in_store,
T005863,S04,2025-04-29 10:54,67.52,3,online,
T006247,S04,2025-05-11 11:27,20.43,1,in_store,
T005870,S04,2025-04-29 13:37,57.69,5,in_store,
T001696,S01,2025-05-24 12:57,57.35,3,online,
T002481,S02,2025-04-22 12:33,50.98,3,in_store,
T001852,S01,2025-05-28 17:27,125.57,6,online,
T007493,S05,2025-04-27 11:05,41.55,2,online,
T004549,S03,2025-05-11 20:24,50.96,3,in_store,SPRING25
T003581,S02,2025-05-30 20:48,75.7,4,online,
T003603,S02,2025-05-31 14:11,21.82,1,in_store,
T007207,S05,2025-04-17 18:58,43.0,3,in_store,
T002748,S02,2025-05-02 17:43,43.69,3,in_store,
T005496,S04,2025-04-18 18:56,31.53,2,in_store,
T006960,S05,2025-04-07 17:42,26.49,4,in_store,
T004729,S03,2025-05-17 14:36,66.91,2,online,
T004515,S03,2025-05-10 20:33,63.47,5,online,SPRING25
T008061,S05,2025-05-19 15:15,63.2,4,in_store,
T004004,S03,2025-04-22 15:14,15.16,1,in_store,
T003719,S03,2025-04-09 19:10,31.9,2,online,
T000108,S01,2025-04-09 20:34,61.49,2,online,
T001563,S01,2025-05-21 12:55,24.49,3,in_store,
T004696,S03,2025-05-16 14:27,67.78,3,online,
T006392,S04,2025-05-15 17:14,92.31,5,in_store,
T005644,S04,2025-04-22 16:51,14.37,5,in_store,
T003099,S02,2025-05-14 13:04,42.73,2,online,
T006785,S04,2025-05-27 13:29,32.47,3,online,
T004439,S03,2025-05-10 09:06,87.46,5,in_store,SPRING25
T000618,S01,2025-04-24 12:15,31.92,2,in_store,
T004758,S03,2025-05-18 20:49,43.07,2,in_store,
T004372,S03,2025-05-07 18:56,49.71,3,online,
T005897,S04,2025-04-30 16:04,22.44,4,in_store,
T002314,S02,2025-04-17 09:33,41.93,2,online,
T000865,S01,2025-05-02 17:50,71.63,4,in_store,
T007658,S05,2025-05-04 17:34,19.8,1,online,
T001414,S01,2025-05-17 15:10,36.98,2,in_store,
T001940,S01,2025-05-31 15:31,78.44,5,in_store,
T008409,S05,2025-06-01 13:10,39.48,2,online,
T006426,S04,2025-05-16 12:14,14.31,1,in_store,
T006758,S04,2025-05-26 14:25,92.44,6,in_store,
T006286,S04,2025-05-11 09:09,76.3,4,in_store,
T004906,S03,2025-05-24 13:38,21.4,1,in_store,
T001534,S01,2025-05-20 09:46,42.89,2,in_store,
T000510,S01,2025-04-21 10:24,35.98,2,in_store,
T008395,S05,2025-05-31 11:54,24.63,2,in_store,
T005419,S04,2025-04-15 18:58,83.02,4,in_store,
T008464,S09,2025-04-09 09:13,61.95,3,in_store,
T005998,S04,2025-05-03 11:54,46.03,2,in_store,
T005038,S03,2025-05-29 10:42,98.78,5,in_store,
T006592,S04,2025-05-21 11:01,62.62,5,in_store,
T005438,S04,2025-04-16 15:57,35.58,2,in_store,
T006072,S04,2025-05-05 13:02,19.97,1,online,
T000291,S01,2025-04-15 10:06,71.77,4,in_store,
T004627,S03,2025-05-12 17:01,17.57,1,in_store,
T003201,S02,2025-05-18 12:16,47.41,3,online,
T004524,S03,2025-05-11 13:02,124.47,6,in_store,SPRING25
T002666,S02,2025-04-29 14:53,68.23,3,in_store,
T004643,S03,2025-05-13 17:24,27.24,3,online,
T000692,S01,2025-04-26 15:48,18.08,1,online,
T002566,S02,2025-04-25 18:32,59.98,3,in_store,
T007148,S05,2025-04-15 12:27,48.4,2,in_store,
T003166,S02,2025-05-17 12:14,66.84,3,in_store,
T006173,S04,2025-05-09 15:55,47.95,2,in_store,
T007821,S05,2025-05-09 09:16,63.01,5,in_store,
T001283,S01,2025-05-13 09:50,74.85,3,in_store,
T004137,S03,2025-04-27 20:59,64.91,4,in_store,
T001021,S01,2025-05-06 18:03,22.62,2,online,
T002483,S02,2025-04-22 11:37,18.1,1,in_store,
T007038,S05,2025-04-10 17:00,49.81,3,in_store,
T004570,S03,2025-05-11 19:37,89.5,8,in_store,
T001457,S01,2025-05-18 14:15,113.63,4,in_store,
T001442,S01,2025-05-18 10:27,68.07,4,online,
T005181,S04,2025-04-08 19:44,81.71,5,online,
T007760,S05,2025-05-07 14:59,34.31,3,in_store,
T002619,S02,2025-04-27 17:50,121.18,6,online,
T003008,S02,2025-05-11 19:46,11.74,1,online,
T006002,S04,2025-05-03 09:29,60.4,3,online,
T006522,S04,2025-05-19 13:10,54.49,3,in_store,
T004784,S03,2025-05-19 16:58,27.83,1,online,
T003523,S02,2025-05-28 10:02,84.89,4,online,
T008107,S05,2025-05-21 13:08,39.0,3,in_store,
T003152,S02,2025-05-16 18:41,34.42,3,in_store,
T000452,S01,2025-04-19 13:59,9.44,1,online,
T006530,S04,2025-05-19 12:41,43.91,3,in_store,
T007507,S05,2025-04-28 15:20,53.38,2,online,
T003795,S03,2025-04-13 17:45,59.87,4,in_store,
T001716,S01,2025-05-25 09:37,72.47,6,in_store,
T004794,S03,2025-05-19 20:33,52.89,2,in_store,
T007310,S05,2025-04-20 16:37,9.5,1,online,
T002198,S02,2025-04-13 12:57,64.88,3,in_store,
T000979,S01,2025-05-05 09:48,65.8,3,in_store,
T007648,S05,2025-05-03 14:30,72.64,4,in_store,
T000556,S01,2025-04-22 12:14,20.05,1,in_store,
T000996,S01,2025-05-05 18:44,110.49,5,in_store,
T002585,S02,2025-04-26 14:15,51.09,3,in_store,
T008291,S05,2025-05-27 19:14,9.53,1,in_store,
T000557,S01,2025-04-22 18:46,161.97,6,in_store,
T003646,S02,2025-06-01 10:54,18.23,1,in_store,
T002786,S02,2025-05-03 15:16,33.54,2,online,
T001427,S01,2025-05-17 09:11,13.0,1,in_store,
T000275,S01,2025-04-14 15:04,27.64,2,in_store,
T007771,S05,2025-05-08 11:14,23.36,1,in_store,
T007205,S05,2025-04-17 14:30,112.85,7,online,
T004968,S03,2025-05-27 09:52,65.94,5,in_store,
T008140,S05,2025-05-22 15:35,90.19,3,online,
T006157,S04,2025-05-08 10:06,94.99,5,online,
T000482,S01,2025-04-20 10:27,79.8,3,online,
T006989,S05,2025-04-08 10:50,33.79,2,online,
T004916,S03,2025-05-25 20:17,74.51,4,in_store,
T000149,S01,2025-04-11 09:23,82.13,5,in_store,
T004282,S03,2025-05-04 12:40,32.16,2,in_store,
T005979,S04,2025-05-03 19:31,13.15,1,in_store,
T000404,S01,2025-04-18 12:36,39.55,3,in_store,
T008189,S05,2025-05-24 12:14,55.18,3,online,
T002174,S02,2025-04-12 20:19,145.31,7,in_store,
T003617,S02,2025-06-01 20:31,27.6,2,in_store,
T002352,S02,2025-04-18 09:30,103.72,4,online,
T002076,S02,2025-04-09 10:22,17.88,1,in_store,
T001945,S01,2025-05-31 20:54,23.6,1,in_store,
T001420,S01,2025-05-17 12:09,81.73,5,in_store,
T005178,S04,2025-04-08 13:23,48.55,2,in_store,
T004630,S03,2025-05-13 17:13,41.65,3,in_store,
T005216,S04,2025-04-10 09:50,77.67,3,online,
T001326,S01,2025-05-15 13:15,70.04,6,in_store,
T000598,S01,2025-04-23 10:30,10.64,1,in_store,
T001932,S01,2025-05-31 10:19,26.99,2,in_store,
T005392,S04,2025-04-15 13:35,51.66,3,in_store,
T005603,S04,2025-04-21 17:56,27.93,1,in_store,
T001165,S01,2025-05-10 17:32,99.65,3,online,
T003827,S03,2025-04-14 11:42,22.95,1,in_store,
T002743,S02,2025-05-02 17:13,79.57,4,in_store,
T004422,S03,2025-05-09 17:55,37.11,2,in_store,
T004888,S03,2025-05-24 09:23,33.28,2,in_store,
T000461,S01,2025-04-19 10:31,93.84,4,in_store,
T008070,S05,2025-05-19 10:35,48.37,3,in_store,
T004441,S03,2025-05-10 10:48,157.55,9,in_store,SPRING25
T002256,S02,2025-04-15 11:35,10.76,2,in_store,
T007976,S05,2025-05-15 12:15,47.07,2,in_store,
T007043,S05,2025-04-10 11:44,15.27,1,in_store,
T007113,S05,2025-04-13 14:00,35.72,2,in_store,
T002550,S02,2025-04-25 14:59,93.64,3,online,
T005932,S04,2025-05-01 17:21,50.64,2,in_store,
T002852,S02,2025-05-06 20:35,25.32,1,online,
T005661,S04,2025-04-22 14:21,52.55,4,in_store,
T005078,S03,2025-05-31 16:17,54.46,3,in_store,
T007022,S05,2025-04-10 09:11,51.38,3,in_store,
T005402,S04,2025-04-15 14:35,21.48,2,in_store,
T000535,S01,2025-04-21 12:34,38.66,2,in_store,
T000321,S01,2025-04-16 11:22,64.91,4,in_store,
T004117,S03,2025-04-27 15:16,136.93,5,online,
T001552,S01,2025-05-20 19:08,23.05,3,in_store,
T006683,S04,2025-05-24 09:39,32.15,2,in_store,
T006049,S04,2025-05-04 16:29,70.91,3,in_store,
T000824,S01,2025-05-01 11:07,30.27,2,online,
T006091,S04,2025-05-06 12:05,26.34,2,in_store,
T005556,S04,2025-04-19 20:01,63.09,4,in_store,
T002953,S02,2025-05-09 12:35,54.37,3,in_store,
T006086,S04,2025-05-06 16:23,51.84,6,in_store,
T004981,S03,2025-05-27 14:31,57.63,3,in_store,
T004661,S03,2025-05-14 18:44,69.53,4,in_store,
T004193,S03,2025-04-30 17:53,23.89,3,online,
T003241,S02,2025-05-19 18:25,44.21,3,in_store,
T006908,S04,2025-05-31 18:49,63.26,4,online,
T001176,S01,2025-05-10 14:35,52.72,4,in_store,
T000174,S01,2025-04-12 11:21,89.0,3,in_store,
T002332,S02,2025-04-18 09:00,114.81,5,online,
T006842,S04,2025-05-29 14:17,53.42,2,online,
T005854,S04,2025-04-28 09:39,46.38,4,online,
T002049,S02,2025-04-08 16:40,30.78,2,in_store,
T002747,S02,2025-05-02 14:43,41.78,2,online,
T002171,S02,2025-04-12 15:13,73.33,3,in_store,
T002656,S02,2025-04-28 09:05,34.01,2,in_store,
T003621,S02,2025-06-01 10:45,76.97,5,in_store,
T000512,S01,2025-04-21 15:19,108.77,4,in_store,
T001597,S01,2025-05-22 13:00,48.02,3,in_store,
T004071,S03,2025-04-25 16:04,131.46,6,in_store,
T006352,S04,2025-05-13 19:33,34.23,2,online,
T007106,S05,2025-04-13 09:19,85.19,4,in_store,
T006107,S04,2025-05-06 14:49,52.67,4,in_store,
T005300,S04,2025-04-12 20:57,77.05,4,in_store,
T005697,S04,2025-04-24 12:24,55.4,4,in_store,
T006117,S04,2025-05-07 18:02,36.44,3,online,
T002118,S02,2025-04-11 15:00,27.44,5,in_store,
T003664,S03,2025-04-07 14:22,73.27,5,in_store,
T004566,S03,2025-05-11 13:22,57.42,5,in_store,SPRING25
T006281,S04,2025-05-11 19:24,54.71,2,online,
T002904,S02,2025-05-08 10:38,33.86,2,in_store,
T004447,S03,2025-05-10 16:04,105.39,4,online,SPRING25
T006267,S04,2025-05-11 15:08,107.51,5,online,
T003025,S02,2025-05-12 19:48,38.28,3,in_store,
T004821,S03,2025-05-21 19:43,39.73,2,in_store,
T007675,S05,2025-05-04 20:23,27.15,1,online,
T006566,S04,2025-05-20 10:40,65.09,5,in_store,
T000260,S01,2025-04-14 20:48,16.08,2,online,
T006307,S04,2025-05-12 13:43,113.5,4,in_store,
T003469,S02,2025-05-27 20:27,28.69,2,in_store,
T006759,S04,2025-05-26 13:18,42.93,3,in_store,
T003294,S02,2025-05-21 12:55,25.5,1,in_store,
T002128,S02,2025-04-11 14:25,108.82,4,in_store,
T004665,S03,2025-05-15 11:29,61.83,4,in_store,
T001760,S01,2025-05-25 13:21,119.68,6,online,
T001196,S01,2025-05-11 13:24,60.63,2,in_store,
T004596,S03,2025-05-11 12:15,87.9,4,in_store,
T006855,S04,2025-05-29 12:02,61.9,3,online,
T003536,S02,2025-05-28 13:22,72.45,4,in_store,
T004562,S03,2025-05-11 18:48,50.92,3,online,SPRING25
T004388,S03,2025-05-08 15:03,69.09,4,online,
T007835,S05,2025-05-10 11:59,181.38,9,online,
T000098,S01,2025-04-09 17:21,12.0,1,in_store,
T002150,S02,2025-04-12 15:16,86.53,3,online,
T007487,S05,2025-04-27 16:34,36.15,2,in_store,
T008079,S05,2025-05-20 09:02,47.4,3,in_store,
T006937,S04,2025-06-01 20:51,12.35,1,online,
T001618,S01,2025-05-22 18:32,94.12,4,in_store,
T006398,S04,2025-05-15 09:04,33.36,2,in_store,
T007391,S05,2025-04-23 19:29,18.97,1,online,
T000118,S01,2025-04-10 09:58,30.93,2,in_store,
T001371,S01,2025-05-16 13:28,21.43,2,in_store,
T004125,S03,2025-04-27 10:06,20.67,1,in_store,
T007789,S05,2025-05-08 16:23,41.09,4,online,
T004832,S03,2025-05-21 18:46,13.0,3,in_store,
T005827,S04,2025-04-28 13:21,147.09,7,online,
T000843,S01,2025-05-01 13:06,40.82,2,in_store,
T001865,S01,2025-05-28 15:56,28.13,2,in_store,
T004660,S03,2025-05-14 19:05,36.49,2,online,
T006662,S04,2025-05-24 20:59,41.2,3,in_store,
T003304,S02,2025-05-22 13:19,93.87,4,in_store,
T008392,S05,2025-05-31 16:34,47.3,2,in_store,
T005142,S04,2025-04-07 11:16,39.41,2,in_store,
T000744,S01,2025-04-28 17:37,83.8,5,in_store,
T004353,S03,2025-05-06 15:37,59.93,4,in_store,
T004826,S03,2025-05-21 09:44,81.36,3,online,
T003137,S02,2025-05-15 19:12,27.57,2,in_store,
T002529,S02,2025-04-24 12:24,68.94,4,in_store,
T005145,S04,2025-04-08 11:34,20.32,2,in_store,
T003399,S02,2025-05-25 10:51,37.46,2,in_store,
T001860,S01,2025-05-28 12:19,47.0,4,in_store,
T007704,S05,2025-05-05 20:39,79.48,3,in_store,
T003686,S03,2025-04-08 17:11,92.73,6,in_store,
T002114,S02,2025-04-10 11:53,28.38,2,in_store,
T000633,S01,2025-04-25 20:42,40.24,3,online,
T003033,S02,2025-05-12 12:01,73.94,4,in_store,
T002795,S02,2025-05-04 14:19,13.2,1,in_store,
T007094,S05,2025-04-12 18:08,36.65,4,online,
T007770,S05,2025-05-08 13:34,50.65,2,online,
T002559,S02,2025-04-25 12:21,52.02,2,in_store,
T004506,S03,2025-05-10 17:05,76.88,4,in_store,SPRING25
T004430,S03,2025-05-09 10:35,61.93,3,in_store,
T004385,S03,2025-05-08 11:50,54.63,3,in_store,
T004932,S03,2025-05-25 17:48,67.45,3,in_store,
T000970,S01,2025-05-05 11:41,20.83,1,in_store,
T003401,S02,2025-05-25 10:11,25.5,1,in_store,
T002105,S02,2025-04-10 12:20,109.1,5,online,
T004963,S03,2025-05-26 17:22,56.01,4,in_store,
T004261,S03,2025-05-03 20:53,24.19,1,in_store,
T003813,S03,2025-04-14 17:54,83.5,4,online,
T002030,S02,2025-04-07 13:21,10.27,4,online,
T004738,S03,2025-05-17 09:51,107.82,4,in_store,
T001107,S01,2025-05-09 18:18,46.0,3,in_store,
T006132,S04,2025-05-07 12:47,43.52,5,in_store,
T006058,S04,2025-05-05 12:56,61.43,3,in_store,
T005941,S04,2025-05-01 11:47,27.68,4,in_store,
T003545,S02,2025-05-29 16:04,55.48,3,in_store,
T004393,S03,2025-05-08 13:35,32.57,4,in_store,
T001631,S01,2025-05-22 14:36,16.94,1,in_store,
T007317,S05,2025-04-20 11:08,77.65,3,online,
T005455,S04,2025-04-17 10:53,31.58,2,in_store,
T001780,S01,2025-05-26 15:10,71.4,3,in_store,
T006871,S04,2025-05-30 16:08,108.25,5,in_store,
T007405,S05,2025-04-24 10:22,70.22,4,online,
T002391,S02,2025-04-19 17:51,15.14,1,online,
T000803,S01,2025-04-30 12:38,60.16,3,in_store,
T002605,S02,2025-04-27 18:27,38.12,2,in_store,
T007005,S05,2025-04-09 19:53,19.35,2,in_store,
T002809,S02,2025-05-04 18:17,61.42,3,in_store,
T002716,S02,2025-05-01 11:12,45.57,2,online,
T007968,S05,2025-05-15 19:39,32.5,3,in_store,
T006224,S04,2025-05-10 12:47,8.04,1,online,
T007329,S05,2025-04-21 10:39,71.76,4,in_store,
T004153,S03,2025-04-28 18:40,43.75,2,in_store,
T007254,S05,2025-04-19 09:27,24.94,1,in_store,
T006040,S04,2025-05-04 17:42,84.3,3,in_store,
T003028,S02,2025-05-12 18:03,26.37,2,in_store,
T006568,S04,2025-05-20 14:29,47.64,2,in_store,
T002921,S02,2025-05-08 18:19,41.52,2,in_store,
T001707,S01,2025-05-24 17:20,50.98,4,online,
T005229,S04,2025-04-10 17:48,56.61,3,in_store,
T005316,S04,2025-04-12 15:29,24.54,3,in_store,
T006033,S04,2025-05-04 12:07,26.2,3,in_store,
T006246,S04,2025-05-11 14:43,56.06,3,online,
T002886,S02,2025-05-07 10:32,14.02,1,in_store,
T006836,S04,2025-05-29 11:53,35.67,3,online,
T003529,S02,2025-05-28 17:56,61.13,5,in_store,
T000177,S01,2025-04-12 19:11,35.26,2,online,
T004484,S03,2025-05-10 14:20,91.04,6,in_store,SPRING25
T007082,S05,2025-04-12 11:00,16.36,1,in_store,
T002090,S02,2025-04-10 12:36,112.31,4,online,
T000009,S01,2025-04-07 13:49,59.38,3,online,
T004366,S03,2025-05-07 17:32,159.4,8,in_store,
T000454,S01,2025-04-19 14:19,48.77,4,online,
T002688,S02,2025-04-30 15:54,32.36,2,in_store,
T004092,S03,2025-04-26 17:12,100.45,7,online,
T008258,S05,2025-05-26 10:47,27.32,1,in_store,
T008036,S05,2025-05-18 16:26,70.26,4,in_store,
T003248,S02,2025-05-20 14:34,40.3,3,online,
T003708,S03,2025-04-09 18:30,65.43,4,in_store,
T004667,S03,2025-05-15 13:16,128.82,6,online,
T006805,S04,2025-05-28 12:48,32.24,2,in_store,
T006954,S04,2025-06-01 11:29,64.06,4,online,
T003143,S02,2025-05-16 14:55,46.18,3,online,
T005598,S04,2025-04-20 14:00,73.86,5,in_store,
T008034,S05,2025-05-18 19:09,59.66,3,in_store,
T006601,S04,2025-05-21 11:53,14.62,1,in_store,
T006661,S04,2025-05-24 14:30,49.91,2,in_store,
T001701,S01,2025-05-24 16:36,55.81,3,online,
T002744,S02,2025-05-02 13:46,56.66,2,online,
T008318,S05,2025-05-29 10:37,24.44,1,in_store,
T003367,S02,2025-05-24 12:12,49.98,3,online,
T003482,S02,2025-05-27 18:06,139.4,7,in_store,
T000406,S01,2025-04-18 09:59,35.96,3,in_store,
T006894,S04,2025-05-31 13:46,30.25,3,in_store,
T002509,S02,2025-04-23 16:33,7.84,1,in_store,
T006238,S04,2025-05-10 15:09,24.7,2,in_store,
T005502,S04,2025-04-18 12:08,20.86,1,in_store,
T002042,S02,2025-04-07 10:13,37.12,3,in_store,
T003363,S02,2025-05-24 11:36,31.17,3,online,
T007534,S05,2025-04-29 16:19,49.22,3,online,
T004179,S03,2025-04-29 11:24,21.79,2,in_store,
T008461,S09,2025-04-14 20:48,46.55,4,in_store,
T006570,S04,2025-05-20 14:07,16.67,1,in_store,
T002986,S02,2025-05-10 11:48,52.46,4,in_store,
T000164,S01,2025-04-11 16:11,130.43,5,online,
T001132,S01,2025-05-09 13:31,26.67,3,in_store,
T002870,S02,2025-05-07 20:39,29.66,2,online,
T006763,S04,2025-05-27 20:42,84.65,4,online,
T004668,S03,2025-05-15 14:15,24.72,2,in_store,
T001369,S01,2025-05-16 09:08,59.6,3,in_store,
T007480,S05,2025-04-27 17:26,79.67,3,online,
T001344,S01,2025-05-15 20:17,40.77,2,online,
T004618,S03,2025-05-12 16:26,56.3,3,in_store,
T003712,S03,2025-04-09 12:06,23.53,2,in_store,
T008100,S05,2025-05-21 17:21,21.42,2,in_store,
T001016,S01,2025-05-06 18:56,62.99,2,online,
T006670,S04,2025-05-24 10:30,29.06,3,in_store,
T003286,S02,2025-05-21 16:29,38.2,3,in_store,
T000683,S01,2025-04-26 10:26,61.57,3,in_store,
T005094,S03,2025-05-31 11:22,106.52,5,in_store,
T005111,S03,2025-06-01 17:39,20.54,2,in_store,
T001853,S01,2025-05-28 13:32,117.54,5,in_store,
T008425,S05,2025-06-01 09:50,70.25,3,in_store,
T004695,S03,2025-05-16 14:16,28.02,3,online,
T008101,S05,2025-05-21 14:46,44.03,3,online,
T007354,S05,2025-04-22 10:01,43.2,2,online,
T002838,S02,2025-05-05 12:56,105.42,7,in_store,
T000187,S01,2025-04-12 10:49,86.45,6,in_store,
T000869,S01,2025-05-02 14:15,62.91,4,online,
T006236,S04,2025-05-10 19:39,63.4,3,online,
T000336,S01,2025-04-16 14:39,22.64,1,in_store,
T002504,S02,2025-04-23 12:13,65.67,4,in_store,
T003891,S03,2025-04-17 17:34,50.12,4,in_store,
T008251,S05,2025-05-26 13:32,60.19,2,in_store,
T001402,S01,2025-05-17 17:14,28.85,2,online,
T001128,S01,2025-05-09 17:40,14.25,2,online,
T003446,S02,2025-05-26 11:09,53.02,4,in_store,
T003124,S02,2025-05-15 18:56,35.0,3,online,
T007039,S05,2025-04-10 14:10,43.04,3,in_store,
T001988,S01,2025-06-01 15:31,60.29,2,online,
T007516,S05,2025-04-28 14:38,88.16,5,in_store,
T006927,S04,2025-05-31 19:49,39.0,2,in_store,
T006828,S04,2025-05-29 19:03,53.56,5,in_store,
T002334,S02,2025-04-18 19:37,38.09,2,online,
T006727,S04,2025-05-25 14:22,74.68,4,online,
T000331,S01,2025-04-16 10:22,15.08,1,online,
T003747,S03,2025-04-11 17:56,53.52,4,in_store,
T003908,S03,2025-04-18 20:16,28.59,2,in_store,
T002911,S02,2025-05-08 13:59,94.76,5,in_store,
T008283,S05,2025-05-27 15:58,65.18,4,online,
T000074,S01,2025-04-09 09:17,27.06,3,online,
T000755,S01,2025-04-28 17:37,92.13,3,online,
T008317,S05,2025-05-29 16:29,27.2,2,in_store,
T001149,S01,2025-05-10 18:45,29.37,2,in_store,
T002668,S02,2025-04-29 11:55,29.74,2,online,
T005694,S04,2025-04-24 16:03,46.76,3,in_store,
T000229,S01,2025-04-13 12:46,73.24,5,in_store,
T006351,S04,2025-05-13 14:15,37.6,1,in_store,
T007067,S05,2025-04-11 19:22,32.73,3,online,
T008207,S05,2025-05-25 10:52,54.87,4,online,
T008263,S05,2025-05-27 15:53,162.49,7,in_store,
T002715,S02,2025-05-01 13:21,88.32,5,online,
T000355,S01,2025-04-16 14:16,12.46,1,in_store,
T007214,S05,2025-04-17 12:14,66.5,6,in_store,
T005709,S04,2025-04-24 10:29,40.49,5,online,
T004966,S03,2025-05-27 11:18,8.21,1,in_store,
T002558,S02,2025-04-25 15:33,42.61,3,in_store,
T006425,S04,2025-05-16 11:56,16.36,4,online,
T008071,S05,2025-05-19 13:53,59.85,4,online,
T003736,S03,2025-04-10 11:25,34.34,2,online,
T001943,S01,2025-05-31 17:04,54.67,5,in_store,
T007582,S05,2025-05-01 14:59,89.35,4,in_store,
T003978,S03,2025-04-20 19:03,39.82,3,in_store,
T002825,S02,2025-05-05 14:29,95.33,5,in_store,
T003253,S02,2025-05-20 19:09,35.18,2,in_store,
T001242,S01,2025-05-12 17:30,23.28,3,in_store,
T002281,S02,2025-04-16 17:53,61.41,3,in_store,
T005119,S03,2025-06-01 20:22,35.65,4,in_store,
T003119,S02,2025-05-15 11:44,67.79,4,in_store,
T000193,S01,2025-04-12 10:26,15.99,2,in_store,
T003270,S02,2025-05-20 14:48,72.16,4,in_store,
T000058,S01,2025-04-08 18:51,101.79,7,in_store,
T005066,S03,2025-05-30 20:19,96.49,4,in_store,
T008002,S05,2025-05-17 16:53,55.79,3,in_store,
T001627,S01,2025-05-22 20:15,12.41,1,in_store,
T000589,S01,2025-04-23 09:10,53.98,4,in_store,
T007825,S05,2025-05-10 14:49,69.72,3,in_store,
T005378,S04,2025-04-14 16:26,16.46,5,online,
T007411,S05,2025-04-24 13:32,52.04,3,online,
T001131,S01,2025-05-09 17:54,69.11,3,in_store,
T006196,S04,2025-05-10 20:08,32.13,2,online,
T006916,S04,2025-05-31 20:38,45.35,3,in_store,
T007388,S05,2025-04-23 12:13,35.81,2,in_store,
T003075,S02,2025-05-13 18:24,13.59,1,in_store,
T000417,S01,2025-04-18 17:27,34.31,2,in_store,
T008149,S05,2025-05-23 12:13,87.7,3,in_store,
T005528,S04,2025-04-19 15:00,72.88,3,in_store,
T005660,S04,2025-04-22 14:35,16.63,1,in_store,
T000067,S01,2025-04-09 12:44,30.1,2,in_store,
T006035,S04,2025-05-04 12:25,8.7,1,online,
T002141,S02,2025-04-11 16:23,126.96,5,in_store,
T003874,S03,2025-04-16 09:11,13.41,2,in_store,
T005593,S04,2025-04-20 11:59,94.78,3,in_store,
T004871,S03,2025-05-23 15:43,61.57,3,in_store,
T004511,S03,2025-05-10 16:17,38.23,4,in_store,SPRING25
T007048,S05,2025-04-11 14:57,69.33,8,in_store,
T000217,S01,2025-04-13 18:28,51.78,3,in_store,
T000382,S01,2025-04-17 18:28,10.93,1,in_store,
T006998,S05,2025-04-09 18:04,130.21,5,in_store,
T005166,S04,2025-04-08 18:39,12.7,1,in_store,
T000160,S01,2025-04-11 19:58,45.85,2,online,
T003860,S03,2025-04-16 10:50,27.04,2,in_store,
T008141,S05,2025-05-22 19:39,73.6,4,online,
T006770,S04,2025-05-27 18:03,76.21,3,in_store,
T007245,S05,2025-04-18 11:56,29.4,2,in_store,
T000776,S01,2025-04-29 16:57,58.35,3,in_store,
T004425,S03,2025-05-09 18:48,65.66,3,in_store,
T005072,S03,2025-05-31 14:00,34.7,2,in_store,
T008384,S05,2025-05-31 15:38,15.87,2,in_store,
T001497,S01,2025-05-19 11:35,32.06,4,in_store,
T007134,S05,2025-04-14 13:44,75.25,3,online,
T008114,S05,2025-05-21 10:49,27.37,2,in_store,
T000995,S01,2025-05-05 14:04,83.65,5,online,
T006922,S04,2025-05-31 12:55,90.46,5,in_store,
T000370,S01,2025-04-17 20:02,17.54,1,in_store,
T003176,S02,2025-05-17 18:01,28.44,2,in_store,
T005433,S04,2025-04-16 15:15,37.51,2,online,
T000660,S01,2025-04-26 14:23,27.28,4,in_store,
T002658,S02,2025-04-28 19:53,60.73,3,online,
T000085,S01,2025-04-09 16:23,16.88,1,in_store,
T002910,S02,2025-05-08 16:22,10.67,1,in_store,
T003977,S03,2025-04-20 10:46,77.51,3,in_store,
T002811,S02,2025-05-04 10:56,32.98,3,in_store,
T005011,S03,2025-05-28 09:07,13.28,1,in_store,
T005769,S04,2025-04-26 14:53,23.86,1,online,
T005516,S04,2025-04-18 15:25,40.11,3,in_store,
T005323,S04,2025-04-13 17:15,46.3,2,online,
T001624,S01,2025-05-22 10:13,64.35,3,in_store,
T006813,S04,2025-05-28 17:36,19.53,1,in_store,
T006354,S04,2025-05-13 20:45,13.01,1,in_store,
T004055,S03,2025-04-24 10:12,21.61,2,in_store,
T000886,S01,2025-05-02 13:42,100.11,3,in_store,
T000596,S01,2025-04-23 13:09,45.03,3,in_store,
T003568,S02,2025-05-30 13:42,48.87,2,online,
T003197,S02,2025-05-18 12:25,25.96,2,in_store,
T003076,S02,2025-05-13 14:53,39.19,2,in_store,
T005994,S04,2025-05-03 19:08,80.33,4,online,
T000463,S01,2025-04-19 13:11,41.86,4,in_store,
T006019,S04,2025-05-04 13:18,43.94,2,in_store,
T003647,S02,2025-06-01 16:54,78.62,5,online,
T006210,S04,2025-05-10 13:55,48.98,2,in_store,
T008170,S05,2025-05-24 14:11,38.9,2,in_store,
T004023,S03,2025-04-23 11:30,22.9,3,in_store,
T002045,S02,2025-04-07 11:47,13.98,1,in_store,
T001298,S01,2025-05-14 19:56,68.22,3,in_store,
T000384,S01,2025-04-17 10:16,79.23,3,in_store,
T007718,S05,2025-05-06 20:50,21.17,2,in_store,
T004027,S03,2025-04-23 20:39,178.01,7,in_store,
T002449,S02,2025-04-21 15:48,68.27,4,in_store,
T004426,S03,2025-05-09 20:37,93.09,5,in_store,
T008210,S05,2025-05-25 14:50,51.68,4,online,
T000516,S01,2025-04-21 16:06,32.15,2,in_store,
T003707,S03,2025-04-09 10:28,33.37,2,online,
T004139,S03,2025-04-28 17:29,66.25,4,online,
T000956,S01,2025-05-04 18:49,89.16,6,in_store,
T004771,S03,2025-05-18 13:30,40.27,2,online,
T000661,S01,2025-04-26 11:00,123.84,4,online,
T006985,S05,2025-04-08 14:23,29.76,3,in_store,
T003547,S02,2025-05-29 09:43,127.32,7,in_store,
T001732,S01,2025-05-25 20:21,12.03,1,online,
T000779,S01,2025-04-29 10:08,43.87,2,online,
T007881,S05,2025-05-11 14:15,74.42,3,online,
T004416,S03,2025-05-09 18:56,29.61,3,in_store,
T001976,S01,2025-05-31 17:15,37.03,3,in_store,
T002362,S02,2025-04-19 16:02,46.69,2,online,
T006897,S04,2025-05-31 12:04,84.29,3,in_store,
T008353,S05,2025-05-30 13:59,39.86,2,in_store,
T003604,S02,2025-05-31 11:47,51.4,3,in_store,
T005714,S04,2025-04-24 19:04,21.18,2,in_store,
T000467,S01,2025-04-19 13:06,56.81,3,in_store,
T001939,S01,2025-05-31 17:57,16.94,1,in_store,
T003910,S03,2025-04-18 20:50,85.83,5,in_store,
T004061,S03,2025-04-24 18:36,28.45,1,in_store,
T001765,S01,2025-05-26 19:53,57.06,6,in_store,
T006496,S04,2025-05-18 20:24,29.28,3,in_store,
T000629,S01,2025-04-25 09:46,10.24,1,in_store,
T003326,S02,2025-05-22 12:07,69.33,4,in_store,
T007792,S05,2025-05-08 18:16,46.18,3,online,
T000490,S01,2025-04-20 14:30,99.83,5,in_store,
T002518,S02,2025-04-23 09:39,36.02,2,in_store,
T001710,S01,2025-05-24 18:57,51.82,2,in_store,
T007126,S05,2025-04-13 13:15,81.15,4,in_store,
T000277,S01,2025-04-14 14:08,48.33,2,in_store,
T003778,S03,2025-04-12 09:17,46.05,3,in_store,
T004561,S03,2025-05-11 19:14,189.69,10,in_store,SPRING25
T003290,S02,2025-05-21 17:40,64.17,4,in_store,
T000312,S01,2025-04-15 17:01,60.15,4,in_store,
T006921,S04,2025-05-31 12:46,153.34,6,online,
T003142,S02,2025-05-16 16:53,67.8,4,in_store,
T001145,S01,2025-05-10 13:15,72.84,3,in_store,
T005008,S03,2025-05-28 20:00,18.66,2,online,
T001675,S01,2025-05-24 20:32,38.51,2,in_store,
T001213,S01,2025-05-11 19:17,78.12,4,in_store,
T004610,S03,2025-05-12 13:25,48.51,2,online,
T002215,S02,2025-04-13 20:46,83.84,3,online,
T007368,S05,2025-04-22 20:03,30.97,5,in_store,
T000201,S01,2025-04-12 20:38,42.14,2,in_store,
T005839,S04,2025-04-28 19:45,57.57,4,in_store,
T006448,S04,2025-05-17 19:12,37.76,2,online,
T007666,S05,2025-05-04 20:53,19.86,2,in_store,
T007089,S05,2025-04-12 15:10,77.11,5,in_store,
T001439,S01,2025-05-18 10:29,25.19,3,online,
T003976,S03,2025-04-20 20:23,48.02,2,online,
T005486,S04,2025-04-17 18:22,11.49,1,in_store,
T002598,S02,2025-04-26 17:47,14.24,1,online,
T001711,S01,2025-05-24 18:37,73.77,5,online,
T005537,S04,2025-04-19 18:41,32.37,2,in_store,
T000899,S01,2025-05-03 20:55,48.13,3,in_store,
T005414,S04,2025-04-15 10:35,14.89,1,online,
T001206,S01,2025-05-11 11:07,23.21,1,in_store,
T000101,S01,2025-04-09 20:30,51.53,4,in_store,
T002110,S02,2025-04-10 13:41,13.72,1,online,
T000679,S01,2025-04-26 12:15,44.42,3,online,
T004601,S03,2025-05-11 19:52,64.44,4,in_store,SPRING25
T006877,S04,2025-05-30 10:24,84.81,5,in_store,
T008329,S05,2025-05-29 18:28,29.05,3,in_store,
T003559,S02,2025-05-29 13:43,60.26,2,in_store,
T002288,S02,2025-04-16 14:21,71.68,4,in_store,
T003620,S02,2025-06-01 16:37,45.42,3,online,
T000900,S01,2025-05-03 13:07,52.23,2,in_store,
T005869,S04,2025-04-29 10:31,68.9,3,in_store,
T006625,S04,2025-05-22 20:22,65.11,3,in_store,
T005207,S04,2025-04-09 09:53,107.37,5,online,
T002643,S02,2025-04-28 17:49,86.83,5,in_store,
T000590,S01,2025-04-23 09:33,77.67,5,in_store,
T001578,S01,2025-05-21 14:44,78.92,5,in_store,
T001259,S01,2025-05-13 18:49,15.45,2,online,
T008148,S05,2025-05-23 13:05,65.98,4,in_store,
T008314,S05,2025-05-29 11:27,24.45,4,online,
T007623,S05,2025-05-02 17:20,36.52,2,in_store,
T007649,S05,2025-05-03 14:36,93.27,5,in_store,
T004030,S03,2025-04-23 17:57,22.37,1,in_store,
T001174,S01,2025-05-10 16:50,30.4,2,in_store,
T001081,S01,2025-05-08 10:46,51.29,3,online,
T005282,S04,2025-04-12 13:39,55.32,3,online,
T008399,S05,2025-05-31 12:02,20.18,1,in_store,
T001941,S01,2025-05-31 11:48,31.59,2,in_store,
T007779,S05,2025-05-08 16:43,69.09,4,online,
T003847,S03,2025-04-15 19:42,46.68,2,online,
T000658,S01,2025-04-26 17:23,50.17,4,in_store,
T007154,S05,2025-04-15 09:13,46.52,2,in_store,
T002371,S02,2025-04-19 20:46,34.74,2,in_store,
T001687,S01,2025-05-24 15:56,38.36,2,online,
T001140,S01,2025-05-10 16:15,117.63,5,online,
T006421,S04,2025-05-16 17:04,115.5,5,online,
T005093,S03,2025-05-31 13:21,96.66,6,in_store,
T001384,S01,2025-05-16 09:17,44.65,3,online,
T005717,S04,2025-04-24 10:06,85.89,4,in_store,
T004059,S03,2025-04-24 10:54,51.56,2,in_store,
T006507,S04,2025-05-18 12:26,51.28,3,online,
T000029,S01,2025-04-07 19:53,70.61,4,in_store,
T007841,S05,2025-05-10 17:42,39.88,2,in_store,
T003746,S03,2025-04-10 12:38,44.91,3,in_store,
T007814,S05,2025-05-09 11:27,40.8,4,in_store,
T004487,S03,2025-05-10 11:58,93.61,7,in_store,SPRING25
T001933,S01,2025-05-31 17:19,52.26,2,in_store,
T005693,S04,2025-04-24 18:21,19.54,1,in_store,
T006925,S04,2025-05-31 16:57,64.32,3,in_store,
T002504,S02,2025-04-23 12:13,65.67,4,in_store,
T004121,S03,2025-04-27 20:35,62.73,3,in_store,
T004876,S03,2025-05-23 16:46,28.73,3,in_store,
T005851,S04,2025-04-28 09:33,36.85,2,online,
T000022,S01,2025-04-07 09:39,37.44,2,in_store,
T001858,S01,2025-05-28 12:10,12.96,1,online,
T001208,S01,2025-05-11 20:23,68.59,4,online,
T002895,S02,2025-05-08 16:54,44.14,2,online,
T003357,S02,2025-05-24 18:32,30.11,2,online,
T002601,S02,2025-04-26 19:27,65.05,3,in_store,
T001673,S01,2025-05-23 12:18,18.91,1,in_store,
T002122,S02,2025-04-11 16:08,23.02,1,in_store,
T004700,S03,2025-05-16 12:43,5.92,1,in_store,
T002765,S02,2025-05-03 09:57,41.73,2,online,
T000834,S01,2025-05-01 12:49,30.9,1,in_store,
T003168,S02,2025-05-17 17:09,22.23,2,in_store,
T008206,S05,2025-05-25 13:15,17.06,3,online,
T006831,S04,2025-05-29 09:39,13.7,1,in_store,
T003129,S02,2025-05-15 19:14,10.52,1,online,
T005940,S04,2025-05-01 12:11,38.2,2,online,
T005567,S04,2025-04-20 13:06,16.88,2,in_store,
T007135,S05,2025-04-14 16:11,30.72,2,in_store,
T003605,S02,2025-05-31 12:10,40.3,3,in_store,
T000878,S01,2025-05-02 13:58,27.63,3,online,
T006676,S04,2025-05-24 10:58,58.31,2,in_store,
T000668,S01,2025-04-26 09:14,77.41,3,online,
T000333,S01,2025-04-16 17:11,10.19,1,in_store,
T004435,S03,2025-05-10 11:07,56.61,4,in_store,SPRING25
T002062,S02,2025-04-08 17:36,64.01,3,in_store,
T004945,S03,2025-05-26 14:06,49.13,2,in_store,
T007696,S05,2025-05-05 16:41,30.63,2,online,
T007810,S05,2025-05-09 12:23,19.96,1,in_store,
T000284,S01,2025-04-14 11:38,71.82,5,in_store,
T007468,S05,2025-04-27 17:14,43.45,2,in_store,
T008459,S09,2025-04-29 15:01,66.38,3,in_store,
T002973,S02,2025-05-10 17:03,50.74,3,in_store,
T004724,S03,2025-05-17 11:37,44.6,3,online,
T002456,S02,2025-04-21 19:44,80.09,3,in_store,
T007766,S05,2025-05-08 18:20,45.87,3,in_store,
T000549,S01,2025-04-22 12:32,59.57,3,in_store,
T005101,S03,2025-06-01 15:27,45.96,4,online,
T007659,S05,2025-05-04 20:40,20.74,1,in_store,
T007979,S05,2025-05-16 12:35,83.19,4,online,
T001998,S01,2025-06-01 10:19,78.66,4,in_store,
T006174,S04,2025-05-09 17:59,32.69,3,online,
T001834,S01,2025-05-28 09:11,43.82,5,in_store,
T002513,S02,2025-04-23 10:55,38.71,2,online,
T006850,S04,2025-05-29 17:39,55.52,3,online,
T000732,S01,2025-04-27 16:48,11.43,1,online,
T007691,S05,2025-05-05 12:41,51.99,4,in_store,
T003150,S02,2025-05-16 12:07,46.37,2,online,
T006219,S04,2025-05-10 16:50,55.01,2,online,
T005605,S04,2025-04-21 19:56,20.11,1,in_store,
T006364,S04,2025-05-14 11:48,37.44,4,online,
T006166,S04,2025-05-08 11:04,110.52,5,online,
T000023,S01,2025-04-07 10:20,21.73,1,online,
T000330,S01,2025-04-16 11:45,38.85,4,in_store,
T006799,S04,2025-05-28 13:04,40.91,2,in_store,
T000065,S01,2025-04-09 20:46,61.26,3,online,
T002781,S02,2025-05-03 12:08,13.09,2,in_store,
T002383,S02,2025-04-19 17:57,90.41,5,in_store,
T004620,S03,2025-05-12 20:44,20.32,1,online,
T002603,S02,2025-04-26 19:44,173.45,9,online,
T000561,S01,2025-04-22 17:03,49.42,2,in_store,
T003809,S03,2025-04-14 12:48,104.89,4,in_store,
T000040,S01,2025-04-08 13:48,110.61,6,in_store,
T007461,S05,2025-04-26 09:57,87.73,4,online,
T005280,S04,2025-04-11 14:40,69.49,3,in_store,
T007690,S05,2025-05-05 20:03,49.84,2,online,
T003147,S02,2025-05-16 12:56,37.93,2,in_store,
T005524,S04,2025-04-18 10:46,38.1,2,in_store,
T003310,S02,2025-05-22 12:02,74.94,5,online,
T007890,S05,2025-05-12 16:39,41.1,2,online,
T000989,S01,2025-05-05 17:57,55.98,4,online,
T007053,S05,2025-04-11 09:41,21.92,2,in_store,
T008125,S05,2025-05-22 09:59,18.5,1,in_store,
T004185,S03,2025-04-29 20:48,5.06,2,online,
T008105,S05,2025-05-21 09:08,78.29,4,in_store,
T001567,S01,2025-05-21 20:29,88.6,3,online,
T007474,S05,2025-04-27 16:28,17.09,4,in_store,
T006523,S04,2025-05-19 10:52,102.38,4,in_store,
T005579,S04,2025-04-20 20:46,49.21,3,in_store,
T003012,S02,2025-05-11 19:21,102.24,4,online,
T003602,S02,2025-05-31 17:10,51.55,3,online,
T001403,S01,2025-05-17 14:34,70.03,3,online,
T005217,S04,2025-04-10 10:21,13.92,1,in_store,
T006457,S04,2025-05-17 12:30,52.18,3,in_store,
T003433,S02,2025-05-25 11:20,76.57,3,in_store,
T003390,S02,2025-05-24 17:41,114.47,5,in_store,
T003188,S02,2025-05-17 14:16,52.83,2,in_store,
T003327,S02,2025-05-22 18:17,30.56,1,in_store,
T004719,S03,2025-05-17 09:58,39.17,3,online,
T006055,S04,2025-05-05 11:00,33.95,3,online,
T004845,S03,2025-05-22 20:23,28.66,1,in_store,
T007123,S05,2025-04-13 11:39,8.16,1,online,
T003800,S03,2025-04-13 12:52,33.61,3,in_store,
T002380,S02,2025-04-19 14:27,52.21,3,in_store,
T003274,S02,2025-05-21 18:25,107.37,6,online,
T000224,S01,2025-04-13 14:42,106.32,3,in_store,
T002040,S02,2025-04-07 16:55,18.55,2,in_store,
T002798,S02,2025-05-04 15:12,86.64,5,in_store,
T003240,S02,2025-05-19 12:49,92.11,4,online,
T003623,S02,2025-06-01 13:45,54.52,2,in_store,
T002485,S02,2025-04-22 17:27,128.82,5,in_store,
T002285,S02,2025-04-16 11:58,97.58,3,in_store,
T006330,S04,2025-05-13 16:09,18.26,1,online,
T001129,S01,2025-05-09 11:51,28.56,2,online,
T005431,S04,2025-04-16 17:40,37.74,2,in_store,
T000395,S01,2025-04-17 12:35,85.79,5,in_store,
T004709,S03,2025-05-16 11:28,57.84,3,online,
T003649,S02,2025-06-01 11:50,11.25,2,online,
T000791,S01,2025-04-30 19:51,37.17,2,in_store,
T004501,S03,2025-05-10 13:12,116.44,6,in_store,SPRING25
T006982,S05,2025-04-08 16:16,141.93,5,in_store,
T003607,S02,2025-05-31 16:10,53.73,2,online,
T006209,S04,2025-05-10 18:44,35.92,2,in_store,
T001499,S01,2025-05-19 16:04,55.75,3,in_store,
T002569,S02,2025-04-26 14:12,27.85,4,in_store,
T007805,S05,2025-05-09 15:01,115.16,4,online,
T002430,S02,2025-04-21 09:22,151.04,6,in_store,
T003101,S02,2025-05-14 12:39,92.48,4,online,
T006139,S04,2025-05-07 11:33,37.08,2,online,
T002454,S02,2025-04-21 10:29,36.97,2,online,
T005321,S04,2025-04-12 13:04,46.64,4,in_store,
T002983,S02,2025-05-10 20:16,97.12,6,in_store,
T002737,S02,2025-05-02 10:26,69.92,4,in_store,
T002599,S02,2025-04-26 10:18,22.39,2,in_store,
T007528,S05,2025-04-29 10:10,13.94,2,in_store,
T006083,S04,2025-05-06 09:12,55.51,2,in_store,
T004392,S03,2025-05-08 16:34,52.62,4,in_store,
T002130,S02,2025-04-11 14:51,15.62,1,in_store,
T003704,S03,2025-04-09 18:41,10.44,1,in_store,
T004817,S03,2025-05-20 13:55,29.49,2,in_store,
T006331,S04,2025-05-13 11:20,128.2,4,online,
T000992,S01,2025-05-05 19:55,20.92,1,in_store,
T002493,S02,2025-04-22 13:18,10.43,1,in_store,
T005080,S03,2025-05-31 15:12,32.71,3,online,
T002156,S02,2025-04-12 17:12,44.66,2,online,
T006694,S04,2025-05-24 15:45,49.45,3,in_store,
T005245,S04,2025-04-10 18:37,48.53,4,online,
T007620,S05,2025-05-02 09:19,15.1,2,online,
T002494,S02,2025-04-23 10:20,15.16,1,online,
T003490,S02,2025-05-27 16:17,55.74,2,in_store,
T003247,S02,2025-05-20 14:37,45.35,2,online,
T001236,S01,2025-05-12 14:03,88.71,6,in_store,
T006446,S04,2025-05-17 11:38,15.73,1,in_store,
T008406,S05,2025-06-01 18:38,81.43,4,in_store,
T007410,S05,2025-04-24 17:56,36.9,3,in_store,
T004219,S03,2025-05-01 15:26,10.74,1,in_store,
T008440,S09,2025-04-30 11:26,29.11,2,in_store,
T008172,S05,2025-05-24 20:13,66.66,4,in_store,
T006230,S04,2025-05-10 16:42,78.97,4,in_store,
T008415,S05,2025-06-01 20:54,64.91,4,in_store,
T004526,S03,2025-05-11 16:01,104.06,5,in_store,
T008246,S05,2025-05-26 14:00,40.71,3,in_store,
T005930,S04,2025-05-01 09:04,115.16,5,in_store,
T000310,S01,2025-04-15 20:02,32.98,2,online,
T001355,S01,2025-05-16 13:17,63.95,4,online,
T006436,S04,2025-05-16 18:23,40.53,2,in_store,
T004225,S03,2025-05-01 18:17,63.37,3,online,
T003973,S03,2025-04-20 18:54,107.8,5,in_store,
T001238,S01,2025-05-12 17:09,14.74,1,in_store,
T004569,S03,2025-05-11 19:44,148.71,5,in_store,SPRING25
T002424,S02,2025-04-20 20:23,61.19,3,in_store,
T002127,S02,2025-04-11 19:15,66.28,4,in_store,
T002711,S02,2025-05-01 16:23,12.58,1,in_store,
T006490,S04,2025-05-18 16:16,44.1,2,online,
T007794,S05,2025-05-08 16:06,22.76,2,in_store,
T005927,S04,2025-05-01 20:09,59.45,3,in_store,
T005123,S04,2025-04-07 12:50,32.11,2,online,
T002180,S02,2025-04-12 18:31,62.93,3,in_store,
T004869,S03,2025-05-23 13:12,19.0,2,in_store,
T001348,S01,2025-05-15 09:33,133.57,6,in_store,
T000175,S01,2025-04-12 13:20,59.37,3,online,
T004713,S03,2025-05-16 15:54,54.45,2,in_store,
T005648,S04,2025-04-22 14:05,41.68,3,in_store,
T004084,S03,2025-04-25 14:51,85.36,6,online,
T002250,S02,2025-04-14 18:15,35.4,2,in_store,
T006924,S04,2025-05-31 20:53,50.86,4,in_store,
T005160,S04,2025-04-08 17:44,151.16,7,online,
T000973,S01,2025-05-05 10:11,62.71,2,in_store,
T005852,S04,2025-04-28 12:43,69.08,4,in_store,
T003930,S03,2025-04-19 16:50,24.64,2,in_store,
T001586,S01,2025-05-21 20:00,17.08,1,in_store,
T005944,S04,2025-05-01 15:52,54.55,4,in_store,
T006722,S04,2025-05-25 19:11,19.6,1,in_store,
T007758,S05,2025-05-07 20:15,39.93,2,online,
T004873,S03,2025-05-23 14:27,60.62,4,in_store,
T002272,S02,2025-04-15 14:00,19.18,1,in_store,
T000933,S01,2025-05-04 17:52,79.81,4,online,
T003500,S02,2025-05-27 15:53,37.55,4,in_store,
T007669,S05,2025-05-04 11:28,73.56,3,online,
T000988,S01,2025-05-05 10:07,22.25,1,online,
T003877,S03,2025-04-16 17:06,42.91,2,in_store,
T001495,S01,2025-05-19 09:59,62.31,3,in_store,
T002649,S02,2025-04-28 10:40,40.78,2,online,
T000731,S01,2025-04-27 16:08,19.14,1,in_store,
T004263,S03,2025-05-03 12:26,88.31,5,in_store,
T005845,S04,2025-04-28 16:52,16.15,1,in_store,
T008430,S05,2025-06-01 16:02,44.39,3,in_store,
T002239,S02,2025-04-14 14:35,9.76,2,in_store,
T004673,S03,2025-05-15 14:06,52.05,2,in_store,
T006864,S04,2025-05-30 13:42,69.76,3,online,
T001028,S01,2025-05-06 10:58,121.97,7,in_store,
T000895,S01,2025-05-03 18:51,58.17,4,in_store,
T008387,S05,2025-05-31 11:08,21.42,1,in_store,
T005853,S04,2025-04-28 20:50,58.63,2,in_store,
T002188,S02,2025-04-13 20:15,62.31,3,in_store,
T008083,S05,2025-05-20 19:54,43.5,2,in_store,
T006549,S04,2025-05-20 12:47,27.61,1,in_store,
T008322,S05,2025-05-29 10:31,11.09,1,online,
T005554,S04,2025-04-19 15:38,50.96,3,in_store,
T005686,S04,2025-04-23 20:56,20.43,1,in_store,
T006275,S04,2025-05-11 11:41,18.17,1,in_store,
T008373,S05,2025-05-31 15:23,42.15,3,online,
T000420,S01,2025-04-18 12:36,11.32,1,online,
T003745,S03,2025-04-10 13:03,98.27,4,in_store,
T001416,S01,2025-05-17 13:28,14.26,1,online,
T001782,S01,2025-05-26 16:02,49.88,6,online,
T000502,S01,2025-04-20 19:51,43.9,3,in_store,
T005195,S04,2025-04-09 09:46,29.73,2,online,
T001659,S01,2025-05-23 11:15,49.99,2,in_store,
T005989,S04,2025-05-03 10:07,39.47,2,online,
T001694,S01,2025-05-24 17:25,51.83,3,in_store,
T008168,S05,2025-05-24 12:39,143.5,5,in_store,
T005261,S04,2025-04-11 18:14,28.63,1,in_store,
T001277,S01,2025-05-13 13:52,66.77,5,in_store,
T003262,S02,2025-05-20 09:45,58.17,3,in_store,
T005996,S04,2025-05-03 09:46,28.68,2,in_store,
T003551,S02,2025-05-29 14:52,22.47,1,online,
T005633,S04,2025-04-22 15:08,34.62,2,in_store,
T004395,S03,2025-05-08 13:56,68.94,4,in_store,
T002626,S02,2025-04-27 14:55,42.54,2,in_store,
T003527,S02,2025-05-28 19:31,35.95,2,online,
T001134,S01,2025-05-10 16:03,61.53,5,in_store,
T001851,S01,2025-05-28 12:34,52.84,3,online,
T006892,S04,2025-05-31 20:57,35.53,2,online,
T007642,S05,2025-05-03 18:03,90.57,4,in_store,
T001465,S01,2025-05-18 13:17,34.53,2,in_store,
T008349,S05,2025-05-30 11:07,25.28,1,in_store,
T003714,S03,2025-04-09 17:34,79.29,4,in_store,
T004438,S03,2025-05-10 13:37,77.67,6,in_store,SPRING25
T008282,S05,2025-05-27 20:42,47.39,3,online,
T005873,S04,2025-04-29 10:04,100.54,4,in_store,
T001720,S01,2025-05-25 09:10,41.75,2,in_store,
T003118,S02,2025-05-15 13:08,31.51,3,online,
T002003,S01,2025-06-01 09:03,42.45,3,in_store,
T000387,S01,2025-04-17 16:57,53.88,4,in_store,
T001525,S01,2025-05-19 13:05,66.35,4,online,
T002463,S02,2025-04-22 20:21,18.57,1,online,
T001303,S01,2025-05-14 14:21,37.16,1,in_store,
T004195,S03,2025-04-30 20:38,126.71,4,in_store,
T003077,S02,2025-05-13 14:04,14.84,2,in_store,
T001339,S01,2025-05-15 12:27,57.71,4,online,
T001649,S01,2025-05-23 12:58,50.36,3,in_store,
T007249,S05,2025-04-19 17:47,98.89,4,in_store,
T005150,S04,2025-04-08 10:13,94.37,4,online,
T007605,S05,2025-05-02 18:57,65.07,3,in_store,
T007517,S05,2025-04-28 10:04,26.79,2,in_store,
T008085,S05,2025-05-20 15:24,22.32,3,in_store,
T005363,S04,2025-04-14 15:54,99.28,5,in_store,
T007268,S05,2025-04-19 11:47,28.63,2,in_store,
T007592,S05,2025-05-01 13:07,13.49,1,online,
T002974,S02,2025-05-10 13:56,35.62,2,in_store,
T000882,S01,2025-05-02 15:40,100.25,6,online,
T003349,S02,2025-05-23 13:35,17.43,1,in_store,
T000822,S01,2025-05-01 13:00,28.69,1,in_store,
T005953,S04,2025-05-02 20:47,94.74,4,online,
T007306,S05,2025-04-20 09:49,67.12,3,in_store,
T001736,S01,2025-05-25 20:59,47.9,2,online,
T002582,S02,2025-04-26 14:24,54.64,3,in_store,
T006406,S04,2025-05-16 15:16,39.8,3,online,
T007855,S05,2025-05-11 18:28,17.54,1,in_store,
T005650,S04,2025-04-22 15:57,21.53,1,in_store,
T006420,S04,2025-05-16 15:39,18.47,1,in_store,
T003493,S02,2025-05-27 19:14,82.47,6,in_store,
T007811,S05,2025-05-09 16:20,88.33,5,in_store,
T007502,S05,2025-04-28 09:06,69.57,3,in_store,
T005399,S04,2025-04-15 14:47,79.7,4,in_store,
T004142,S03,2025-04-28 09:07,30.83,2,in_store,
T005875,S04,2025-04-29 19:45,78.93,5,online,
T000445,S01,2025-04-19 16:51,64.33,5,online,
T003389,S02,2025-05-24 09:04,85.91,4,online,
T006578,S04,2025-05-20 15:04,53.68,3,online,
T002039,S02,2025-04-07 14:55,56.23,3,online,
T002821,S02,2025-05-05 16:44,42.69,3,in_store,
T005762,S04,2025-04-26 19:34,70.39,5,online,
T000552,S01,2025-04-22 15:15,31.51,2,in_store,
T000884,S01,2025-05-02 17:04,23.72,2,online,
T001723,S01,2025-05-25 18:49,31.21,2,in_store,
T002457,S02,2025-04-21 20:26,36.34,4,online,
T000268,S01,2025-04-14 12:10,73.99,3,online,
T000977,S01,2025-05-05 20:19,40.24,1,online,
T007137,S05,2025-04-14 14:06,30.74,2,in_store,
T008378,S05,2025-05-31 20:04,43.74,2,in_store,
T004702,S03,2025-05-16 17:23,35.51,2,in_store,
T008144,S05,2025-05-23 20:42,60.73,2,online,
T004448,S03,2025-05-10 17:45,289.43,8,in_store,
T000259,S01,2025-04-14 11:03,36.48,3,in_store,
T003810,S03,2025-04-14 12:44,47.84,4,in_store,
T007055,S05,2025-04-11 11:22,65.31,3,online,
T007699,S05,2025-05-05 14:04,73.57,4,in_store,
T005625,S04,2025-04-21 09:49,26.92,2,in_store,
T002513,S02,2025-04-23 10:55,38.71,2,online,
T005152,S04,2025-04-08 20:39,16.43,1,in_store,
T002456,S02,2025-04-21 19:44,80.09,3,in_store,
T003988,S03,2025-04-20 18:43,33.6,3,in_store,
T008032,S05,2025-05-18 16:38,31.12,2,online,
T003306,S02,2025-05-22 18:15,77.03,4,in_store,
T004233,S03,2025-05-02 10:28,38.54,2,in_store,
T002494,S02,2025-04-23 10:20,15.16,1,online,
T006680,S04,2025-05-24 16:38,14.65,1,online,
T007721,S05,2025-05-06 19:53,51.97,3,in_store,
T005618,S04,2025-04-21 12:10,54.3,3,in_store,
T004091,S03,2025-04-26 15:33,44.26,4,online,
T004208,S03,2025-04-30 16:08,101.27,5,in_store,
T006929,S04,2025-05-31 11:10,56.19,5,online,
T006984,S05,2025-04-08 10:03,174.75,7,online,
T001684,S01,2025-05-24 10:39,42.21,2,in_store,
T003635,S02,2025-06-01 20:16,65.21,4,online,
T006313,S04,2025-05-12 14:19,92.2,4,in_store,
T004710,S03,2025-05-16 11:37,25.96,1,online,
T001183,S01,2025-05-11 10:04,27.12,3,in_store,
T001981,S01,2025-06-01 18:03,28.86,2,online,
T007548,S05,2025-04-29 10:01,91.82,4,online,
T002752,S02,2025-05-02 13:14,113.04,6,online,
T001698,S01,2025-05-24 09:30,77.22,5,in_store,
T003266,S02,2025-05-20 13:24,54.09,5,in_store,
T007712,S05,2025-05-05 13:39,69.19,4,online,
T006575,S04,2025-05-20 11:08,63.13,2,in_store,
T008031,S05,2025-05-18 16:42,51.34,2,in_store,
T007790,S05,2025-05-08 19:58,25.74,2,in_store,
T004546,S03,2025-05-11 13:58,122.59,4,in_store,SPRING25
T005964,S04,2025-05-02 17:54,57.69,8,online,
T002519,S02,2025-04-24 20:53,33.69,2,in_store,
T004879,S03,2025-05-23 12:23,137.26,4,in_store,
T003036,S02,2025-05-12 09:09,33.44,2,online,
T007896,S05,2025-05-12 12:34,73.17,3,in_store,
T000356,S01,2025-04-17 19:15,15.24,2,in_store,
T001571,S01,2025-05-21 11:46,39.86,4,in_store,
T004638,S03,2025-05-13 13:12,68.81,6,in_store,
T000453,S01,2025-04-19 17:13,55.81,4,in_store,
T006564,S04,2025-05-20 09:22,88.49,4,online,
T005756,S04,2025-04-26 13:44,89.95,4,in_store,
T006155,S04,2025-05-08 18:12,26.58,2,in_store,
T003756,S03,2025-04-11 18:31,36.86,2,in_store,
T005266,S04,2025-04-11 10:21,38.47,2,online,
T008199,S05,2025-05-24 13:03,79.23,3,online,
T002061,S02,2025-04-08 15:24,93.85,4,in_store,
T001110,S01,2025-05-09 17:08,77.37,3,in_store,
T008014,S05,2025-05-17 18:09,15.06,1,in_store,
T008133,S05,2025-05-22 14:54,176.68,7,in_store,
T005982,S04,2025-05-03 17:56,33.98,5,in_store,
T000369,S01,2025-04-17 12:02,44.87,4,in_store,
T003249,S02,2025-05-20 16:39,40.19,2,in_store,
T000071,S01,2025-04-09 18:01,43.73,3,online,
T007239,S05,2025-04-18 14:38,24.15,2,online,
T005114,S03,2025-06-01 12:45,63.84,3,in_store,
T004053,S03,2025-04-24 10:02,57.01,3,online,
T000636,S01,2025-04-25 17:52,12.84,1,in_store,
T005235,S04,2025-04-10 20:24,12.99,1,in_store,
T006046,S04,2025-05-04 10:24,42.44,2,in_store,
T008054,S05,2025-05-19 18:41,93.29,6,online,
T001885,S01,2025-05-29 10:36,47.47,2,in_store,
T003690,S03,2025-04-08 15:13,70.74,3,in_store,
T001380,S01,2025-05-16 20:32,25.23,2,online,
T005069,S03,2025-05-31 09:10,10.94,1,in_store,
T008095,S05,2025-05-21 13:33,97.87,5,in_store,
T003316,S02,2025-05-22 19:27,16.07,1,in_store,
T004953,S03,2025-05-26 14:25,28.03,2,online,
T003122,S02,2025-05-15 12:37,84.03,3,in_store,
T006765,S04,2025-05-27 16:47,72.02,3,in_store,
T004531,S03,2025-05-11 09:53,57.84,4,in_store,
T003599,S02,2025-05-31 17:44,110.17,5,online,
T000019,S01,2025-04-07 11:58,32.35,3,in_store,
T005649,S04,2025-04-22 11:45,85.57,5,online,
T007395,S05,2025-04-24 15:37,67.47,4,online,
T006042,S04,2025-05-04 17:28,119.81,5,in_store,
T002216,S02,2025-04-13 13:17,41.56,2,online,
T003783,S03,2025-04-13 20:59,26.09,2,in_store,
T005083,S03,2025-05-31 17:53,11.43,1,online,
T002189,S02,2025-04-13 10:08,20.11,1,in_store,
T002361,S02,2025-04-19 15:55,44.43,2,in_store,
T000968,S01,2025-05-05 18:56,79.48,3,online,
T006499,S04,2025-05-18 13:32,19.72,3,in_store,
T001678,S01,2025-05-24 13:44,46.0,3,in_store,
T002153,S02,2025-04-12 15:39,128.0,6,in_store,
T002408,S02,2025-04-20 10:01,65.0,2,in_store,
T001565,S01,2025-05-21 14:40,18.87,1,online,
T005125,S04,2025-04-07 18:16,81.03,6,online,
T005322,S04,2025-04-12 10:56,14.72,1,in_store,
T000332,S01,2025-04-16 15:40,51.38,3,online,
T005916,S04,2025-04-30 09:44,18.14,1,in_store,
T005393,S04,2025-04-15 15:11,75.2,4,in_store,
T006261,S04,2025-05-11 09:28,58.47,4,online,
T007662,S05,2025-05-04 14:35,52.83,3,online,
T007025,S05,2025-04-10 17:44,96.37,4,online,
T006333,S04,2025-05-13 10:39,46.82,4,in_store,
T005386,S04,2025-04-14 11:57,13.77,1,in_store,
T007286,S05,2025-04-20 16:50,94.47,4,in_store,
T005659,S04,2025-04-22 16:58,71.15,5,online,
T006532,S04,2025-05-19 20:10,26.76,2,in_store,
T000612,S01,2025-04-24 09:58,85.15,4,online,
T001146,S01,2025-05-10 09:37,11.2,1,online,
T007311,S05,2025-04-20 13:27,52.92,3,in_store,
T001013,S01,2025-05-06 11:18,23.57,2,in_store,
T002470,S02,2025-04-22 15:48,10.65,2,in_store,
T001002,S01,2025-05-06 14:26,21.97,1,online,
T002653,S02,2025-04-28 20:33,56.0,3,in_store,
T006471,S04,2025-05-17 12:41,79.5,4,online,
T000360,S01,2025-04-17 10:59,25.63,1,in_store,
T001977,S01,2025-05-31 20:01,61.48,3,in_store,
T006137,S04,2025-05-07 14:59,73.71,4,in_store,
T007426,S05,2025-04-24 09:01,108.76,6,online,
T002116,S02,2025-04-11 11:57,21.7,3,in_store,
T005939,S04,2025-05-01 12:12,22.81,2,online,
T007449,S05,2025-04-26 15:12,87.7,4,in_store,
T005027,S03,2025-05-29 12:21,43.52,5,in_store,
T008040,S05,2025-05-18 16:12,40.33,2,online,
T002616,S02,2025-04-27 11:20,23.77,1,in_store,
T005672,S04,2025-04-23 20:30,204.66,6,in_store,
T000322,S01,2025-04-16 15:11,20.57,3,online,
T007615,S05,2025-05-02 18:02,66.71,5,in_store,
T004983,S03,2025-05-27 16:33,48.64,3,in_store,
T002326,S02,2025-04-17 17:20,25.77,2,online,
T005737,S04,2025-04-25 10:10,27.22,2,in_store,
T007996,S05,2025-05-16 15:12,60.75,4,in_store,
T000070,S01,2025-04-09 19:46,47.74,2,online,
T004396,S03,2025-05-08 10:16,48.07,3,online,
T002066,S02,2025-04-09 13:33,47.07,2,in_store,
T000513,S01,2025-04-21 12:08,34.51,3,in_store,
T003859,S03,2025-04-16 20:13,27.95,2,in_store,
T002869,S02,2025-05-07 10:24,86.8,5,in_store,
T001419,S01,2025-05-17 18:01,67.76,3,in_store,
T004260,S03,2025-05-03 15:07,61.27,3,in_store,
T001987,S01,2025-06-01 13:15,56.85,3,online,
T005699,S04,2025-04-24 18:18,17.8,1,in_store,
T000960,S01,2025-05-04 19:51,35.22,2,in_store,
T005474,S04,2025-04-17 10:24,49.43,2,in_store,
T005362,S04,2025-04-14 13:58,46.07,3,in_store,
T001377,S01,2025-05-16 10:42,26.97,2,online,
T005353,S04,2025-04-13 20:46,34.87,2,in_store,
T004259,S03,2025-05-03 18:45,71.37,4,in_store,
T001248,S01,2025-05-13 19:35,80.3,3,online,
T000863,S01,2025-05-02 20:27,46.35,2,in_store,
T004593,S03,2025-05-11 17:20,81.09,4,in_store,SPRING25
T007826,S05,2025-05-10 18:15,54.1,4,in_store,
T001232,S01,2025-05-12 15:12,73.38,3,in_store,
T007216,S05,2025-04-17 15:33,105.81,4,in_store,
T002542,S02,2025-04-25 11:51,7.02,1,in_store,
T001376,S01,2025-05-16 18:25,50.33,2,in_store,
T002633,S02,2025-04-28 15:23,21.93,1,online,
T004399,S03,2025-05-08 18:25,38.06,3,in_store,
T007974,S05,2025-05-15 14:20,29.7,2,online,
T000737,S01,2025-04-28 11:46,52.1,5,in_store,
T006629,S04,2025-05-22 09:38,47.92,6,online,
T001665,S01,2025-05-23 19:47,48.83,5,in_store,
T000125,S01,2025-04-10 11:50,48.47,4,online,
T007677,S05,2025-05-04 14:50,39.21,2,in_store,
T003068,S02,2025-05-13 16:14,30.55,2,online,
T007777,S05,2025-05-08 16:54,70.05,4,online,
T005006,S03,2025-05-28 16:03,25.04,2,in_store,
T008454,S09,2025-05-02 18:38,24.17,2,in_store,
T007674,S05,2025-05-04 10:33,49.46,4,in_store,
T004213,S03,2025-05-01 11:55,39.69,2,in_store,
T005547,S04,2025-04-19 15:52,56.38,3,online,
T001388,S01,2025-05-17 10:02,45.88,2,in_store,
T005472,S04,2025-04-17 10:39,37.55,3,in_store,
T006947,S04,2025-06-01 16:27,54.64,3,in_store,
T008385,S05,2025-05-31 13:25,29.27,2,online,
T008132,S05,2025-05-22 10:27,35.29,2,in_store,
T005858,S04,2025-04-29 11:34,145.23,5,online,
T000931,S01,2025-05-03 12:36,36.81,2,in_store,
T007640,S05,2025-05-03 20:51,41.27,2,in_store,
T002465,S02,2025-04-22 10:51,88.0,5,online,
T006004,S04,2025-05-03 19:04,78.1,4,in_store,
T007763,S05,2025-05-07 19:45,45.89,3,in_store,
T001071,S01,2025-05-07 12:46,40.78,2,in_store,
T002266,S02,2025-04-15 10:05,62.75,3,in_store,
T006742,S04,2025-05-26 11:07,89.53,5,in_store,
T002994,S02,2025-05-11 18:45,40.34,3,in_store,
T005823,S04,2025-04-27 16:04,21.73,2,in_store,
T006136,S04,2025-05-07 10:39,67.54,3,in_store,
T006084,S04,2025-05-06 19:10,26.42,1,in_store,
T007390,S05,2025-04-23 18:37,11.46,2,in_store,
T003894,S03,2025-04-17 20:23,61.51,3,in_store,
T005539,S04,2025-04-19 20:59,18.69,1,online,
T002026,S02,2025-04-07 11:53,16.38,1,in_store,
T000551,S01,2025-04-22 18:36,118.98,4,in_store,
T007289,S05,2025-04-20 17:52,58.14,5,in_store,
T001390,S01,2025-05-17 19:25,46.68,3,online,
T001817,S01,2025-05-27 13:42,99.96,5,in_store,
T001931,S01,2025-05-30 14:22,27.45,2,online,
T000809,S01,2025-04-30 12:26,91.93,5,in_store,
T007313,S05,2025-04-20 13:09,104.11,4,in_store,
T001653,S01,2025-05-23 18:16,52.4,2,online,
T008235,S05,2025-05-26 13:17,13.92,1,online,
T005889,S04,2025-04-29 12:32,78.38,3,in_store,
T003346,S02,2025-05-23 16:02,119.02,4,in_store,
T006779,S04,2025-05-27 19:55,42.97,2,in_store,
T006410,S04,2025-05-16 20:30,21.43,1,online,
T000799,S01,2025-04-30 10:17,42.26,2,in_store,
T000601,S01,2025-04-24 12:27,46.82,3,in_store,
T004547,S03,2025-05-11 20:47,88.38,7,in_store,SPRING25
T006260,S04,2025-05-11 12:00,49.2,2,in_store,
T006557,S04,2025-05-20 13:46,99.97,5,in_store,
T004529,S03,2025-05-11 13:07,16.98,3,in_store,SPRING25
T002069,S02,2025-04-09 18:22,21.65,2,in_store,
T006581,S04,2025-05-20 16:52,76.92,5,in_store,
T004044,S03,2025-04-23 11:42,14.44,1,in_store,
T003653,S03,2025-04-07 15:29,67.6,6,in_store,
T004080,S03,2025-04-25 15:25,87.85,5,in_store,
T004180,S03,2025-04-29 20:06,79.18,7,in_store,
T002229,S02,2025-04-14 13:26,12.72,2,in_store,
T003046,S02,2025-05-12 11:12,51.12,2,in_store,
T001329,S01,2025-05-15 19:21,60.39,2,in_store,
T001470,S01,2025-05-18 12:36,57.51,3,in_store,
T006252,S04,2025-05-11 19:49,31.14,4,in_store,
T005647,S04,2025-04-22 15:45,51.12,3,in_store,
T000013,S01,2025-04-07 19:14,82.13,3,in_store,
T003948,S03,2025-04-20 10:47,83.38,4,in_store,
T005576,S04,2025-04-20 14:30,54.89,2,online,
T006803,S04,2025-05-28 10:16,49.66,3,in_store,
T006253,S04,2025-05-11 18:22,39.74,3,online,
T007526,S05,2025-04-29 14:17,65.48,3,in_store,
T004650,S03,2025-05-14 17:17,80.37,4,in_store,
T003702,S03,2025-04-09 11:58,34.45,2,in_store,
T007497,S05,2025-04-27 12:25,14.53,1,online,
T004115,S03,2025-04-27 12:50,110.41,6,in_store,
T000035,S01,2025-04-08 10:48,118.03,5,in_store,
T003428,S02,2025-05-25 13:40,89.35,5,in_store,
T002151,S02,2025-04-12 16:33,32.05,2,in_store,
T002522,S02,2025-04-24 09:56,82.4,4,online,
T003921,S03,2025-04-18 20:55,15.38,1,online,
T004040,S03,2025-04-23 18:05,46.34,2,online,
T003888,S03,2025-04-17 19:01,39.13,3,in_store,
T005360,S04,2025-04-14 20:41,54.79,3,in_store,
T000446,S01,2025-04-19 10:32,31.84,3,in_store,
T007294,S05,2025-04-20 20:16,84.34,6,in_store,
T007733,S05,2025-05-06 16:40,60.98,3,in_store,
T005331,S04,2025-04-13 10:25,32.74,3,online,
T004551,S03,2025-05-11 16:37,47.93,2,in_store,SPRING25
T001866,S01,2025-05-28 15:11,44.18,2,online,
T008190,S05,2025-05-24 16:35,24.72,1,online,
T003079,S02,2025-05-13 12:04,71.01,3,in_store,
T001864,S01,2025-05-28 13:01,55.74,3,in_store,
T007969,S05,2025-05-15 16:27,42.15,2,in_store,
T002077,S02,2025-04-09 19:38,17.94,1,online,
T003961,S03,2025-04-20 10:56,54.0,3,in_store,
T004308,S03,2025-05-05 20:51,66.25,4,in_store,
T003057,S02,2025-05-12 19:09,36.68,2,in_store,
T006433,S04,2025-05-16 18:49,34.07,2,in_store,
T000953,S01,2025-05-04 16:30,35.12,2,in_store,
T003183,S02,2025-05-17 12:15,14.45,1,in_store,
T006481,S04,2025-05-18 19:22,21.4,1,in_store,
T003342,S02,2025-05-23 13:42,60.03,4,in_store,
T004019,S03,2025-04-22 19:47,47.81,2,in_store,
T002407,S02,2025-04-20 18:05,74.55,4,in_store,
T006468,S04,2025-05-17 17:45,24.88,1,in_store,
T006016,S04,2025-05-04 12:04,34.94,3,in_store,
T008116,S05,2025-05-22 09:07,48.72,4,in_store,
T004491,S03,2025-05-10 19:21,112.42,6,in_store,SPRING25
T006047,S04,2025-05-04 16:30,48.92,3,online,
T000536,S01,2025-04-21 18:24,64.31,6,in_store,
T005025,S03,2025-05-29 09:40,43.26,2,in_store,
T000073,S01,2025-04-09 09:43,58.85,3,in_store,
T007867,S05,2025-05-11 10:11,38.76,4,in_store,
T000157,S01,2025-04-11 14:13,55.02,3,in_store,
T007692,S05,2025-05-05 18:17,9.87,1,in_store,
T003237,S02,2025-05-19 19:31,27.24,1,online,
T006228,S04,2025-05-10 10:03,63.27,3,in_store,
T006941,S04,2025-06-01 16:56,32.1,2,in_store,
T007982,S05,2025-05-16 13:55,96.69,5,in_store,
T003627,S02,2025-06-01 11:20,80.45,5,in_store,
T006999,S05,2025-04-09 11:26,51.64,4,in_store,
T004118,S03,2025-04-27 16:56,73.8,3,online,
T008260,S05,2025-05-26 20:56,88.09,5,online,
T003537,S02,2025-05-28 16:04,52.08,2,in_store,
T007868,S05,2025-05-11 10:03,15.47,1,in_store,
T008439,S09,2025-05-01 10:48,61.79,4,in_store,
T000263,S01,2025-04-14 16:15,46.39,2,online,
T001466,S01,2025-05-18 17:14,22.85,2,in_store,
T004877,S03,2025-05-23 13:18,17.83,1,in_store,
T000456,S01,2025-04-19 09:52,48.37,2,in_store,
T001759,S01,2025-05-25 20:28,72.55,5,online,
T005397,S04,2025-04-15 10:07,39.59,2,in_store,
T000677,S01,2025-04-26 17:55,12.95,1,in_store,
T006292,S04,2025-05-12 15:03,15.58,1,in_store,
T007346,S05,2025-04-21 15:57,18.89,1,in_store,
T002854,S02,2025-05-06 12:36,64.72,2,in_store,
T001924,S01,2025-05-30 16:31,24.37,2,in_store,
T008045,S05,2025-05-18 15:50,42.09,2,online,
T005463,S04,2025-04-17 13:41,186.81,8,in_store,
T008401,S05,2025-06-01 12:55,19.74,2,in_store,
T001750,S01,2025-05-25 17:05,49.75,2,in_store,
T005954,S04,2025-05-02 11:06,96.22,6,online,
T001372,S01,2025-05-16 18:20,40.42,3,in_store,
T002451,S02,2025-04-21 16:22,15.14,1,in_store,
T006379,S04,2025-05-14 19:29,50.31,3,in_store,
T003365,S02,2025-05-24 17:43,51.62,4,in_store,
T004417,S03,2025-05-09 16:25,26.21,4,in_store,
T004737,S03,2025-05-17 12:34,31.47,3,online,
T004309,S03,2025-05-05 13:30,36.47,2,in_store,
T002419,S02,2025-04-20 14:30,21.6,1,in_store,
T003458,S02,2025-05-26 19:21,41.3,2,in_store,
T002324,S02,2025-04-17 13:48,132.55,4,in_store,
T003553,S02,2025-05-29 18:53,83.56,3,online,
T001385,S01,2025-05-16 19:42,68.29,3,in_store,
T002200,S02,2025-04-13 19:24,58.55,3,online,
T004182,S03,2025-04-29 09:06,68.68,4,in_store,
T005675,S04,2025-04-23 11:24,47.46,2,in_store,
T002405,S02,2025-04-20 18:32,44.15,4,online,
T002304,S02,2025-04-16 16:36,33.21,3,in_store,
T008388,S05,2025-05-31 16:56,106.61,3,online,
T005523,S04,2025-04-18 12:05,15.0,1,in_store,
T005588,S04,2025-04-20 09:55,31.57,2,in_store,
T002193,S02,2025-04-13 17:32,35.08,3,online,
T001993,S01,2025-06-01 12:14,42.41,3,in_store,
T002592,S02,2025-04-26 20:17,62.87,3,online,
T002316,S02,2025-04-17 14:41,58.47,2,in_store,
T001162,S01,2025-05-10 10:38,64.57,3,in_store,
T001863,S01,2025-05-28 13:40,154.89,8,in_store,
T007978,S05,2025-05-16 19:55,10.01,1,in_store,
T007767,S05,2025-05-08 11:01,84.98,4,online,
T007684,S05,2025-05-04 09:29,69.86,4,online,
T006945,S04,2025-06-01 20:46,43.75,3,in_store,
T008038,S05,2025-05-18 12:35,82.77,4,online,
T006361,S04,2025-05-14 20:55,18.66,1,online,
T000137,S01,2025-04-10 16:47,48.11,2,in_store,
T003642,S02,2025-06-01 15:13,79.47,3,online,
T002167,S02,2025-04-12 20:10,36.92,2,in_store,
T003717,S03,2025-04-09 09:32,49.45,3,in_store,
T001738,S01,2025-05-25 12:31,59.92,5,in_store,
T007141,S05,2025-04-14 19:35,30.41,2,online,
T007403,S05,2025-04-24 11:35,30.17,2,in_store,
T002176,S02,2025-04-12 09:47,56.1,2,online,
T004962,S03,2025-05-26 10:33,35.66,2,in_store,
T003505,S02,2025-05-27 17:08,38.14,2,online,
T006113,S04,2025-05-07 12:12,99.78,4,online,
T002443,S02,2025-04-21 13:21,27.85,2,in_store,
T000602,S01,2025-04-24 20:46,77.88,3,in_store,
T002779,S02,2025-05-03 18:33,96.15,6,in_store,
T003423,S02,2025-05-25 20:20,78.91,3,in_store,
T005525,S04,2025-04-18 12:08,23.37,2,online,
T001024,S01,2025-05-06 20:26,66.83,4,online,
T006309,S04,2025-05-12 15:24,40.4,2,in_store,
T001321,S01,2025-05-14 19:10,18.16,4,online,
T005415,S04,2025-04-15 17:46,20.95,1,online,
T002172,S02,2025-04-12 11:37,103.96,6,online,
T002016,S01,2025-06-01 09:35,50.1,3,online,
T008057,S05,2025-05-19 14:31,43.1,2,in_store,
T000241,S01,2025-04-13 17:08,87.0,5,in_store,
T000722,S01,2025-04-27 13:22,35.56,2,in_store,
T001429,S01,2025-05-18 19:05,17.04,1,online,
T000726,S01,2025-04-27 11:01,42.86,3,online,
T003740,S03,2025-04-10 15:49,29.24,2,in_store,
T007542,S05,2025-04-29 20:34,96.64,5,in_store,
T006917,S04,2025-05-31 14:05,43.76,2,in_store,
T007063,S05,2025-04-11 18:09,47.76,2,online,
T003070,S02,2025-05-13 15:11,52.6,3,online,
T004274,S03,2025-05-04 17:07,20.9,1,in_store,
T002558,S02,2025-04-25 15:33,42.61,3,in_store,
T008396,S05,2025-05-31 15:26,147.8,5,in_store,
T007807,S05,2025-05-09 11:58,65.17,2,in_store,
T004141,S03,2025-04-28 10:37,27.16,2,in_store,
T006928,S04,2025-05-31 12:13,80.8,4,in_store,
T004197,S03,2025-04-30 11:57,129.03,6,in_store,
T005735,S04,2025-04-25 14:55,111.26,5,in_store,
T008146,S05,2025-05-23 17:52,114.69,5,online,
T005669,S04,2025-04-23 16:34,79.16,5,in_store,
T006262,S04,2025-05-11 11:43,47.57,3,in_store,
T006643,S04,2025-05-23 09:14,46.58,2,in_store,
T004640,S03,2025-05-13 15:03,67.26,4,in_store,
T000959,S01,2025-05-04 17:42,77.16,4,online,
T000832,S01,2025-05-01 09:41,101.72,4,in_store,
T000530,S01,2025-04-21 15:53,61.28,4,in_store,
T001448,S01,2025-05-18 09:33,32.99,2,online,
T002058,S02,2025-04-08 16:36,26.66,2,in_store,
T000059,S01,2025-04-08 16:06,44.65,2,in_store,
T002719,S02,2025-05-01 09:25,83.01,5,in_store,
T005834,S04,2025-04-28 19:47,61.69,2,online,
T005299,S04,2025-04-12 16:46,24.5,2,online,
T003975,S03,2025-04-20 10:42,61.05,4,online,
T002964,S02,2025-05-10 17:42,115.53,5,online,
T006535,S04,2025-05-19 11:53,86.8,5,in_store,
T003672,S03,2025-04-07 19:00,42.24,2,online,
T005450,S04,2025-04-16 20:55,98.45,4,in_store,
T004528,S03,2025-05-11 16:41,28.28,3,online,SPRING25
T004397,S03,2025-05-08 17:24,92.33,5,in_store,
T008219,S05,2025-05-25 20:14,20.91,1,in_store,
T006972,S05,2025-04-07 10:38,27.74,4,in_store,
T008188,S05,2025-05-24 16:27,32.21,3,in_store,
T000861,S01,2025-05-02 10:59,54.73,3,online,
T005269,S04,2025-04-11 12:02,49.39,3,in_store,
T000183,S01,2025-04-12 14:38,50.04,3,in_store,
T006818,S04,2025-05-28 14:05,79.67,5,online,
T002098,S02,2025-04-10 09:21,58.35,4,in_store,
T003935,S03,2025-04-19 15:33,87.5,5,in_store,
T000167,S01,2025-04-11 20:27,134.19,5,in_store,
T007671,S05,2025-05-04 13:25,56.97,3,in_store,
T004517,S03,2025-05-10 13:11,88.47,6,in_store,SPRING25
T003651,S02,2025-06-01 19:38,63.87,3,online,
T001965,S01,2025-05-31 12:18,19.53,1,in_store,
T007252,S05,2025-04-19 12:39,42.08,3,in_store,
T007574,S05,2025-04-30 17:10,61.24,3,online,
T001693,S01,2025-05-24 20:38,64.32,3,online,
T001930,S01,2025-05-30 11:48,69.61,3,in_store,
T008426,S05,2025-06-01 12:51,27.96,2,online,
T005418,S04,2025-04-15 16:28,30.99,2,in_store,
T006005,S04,2025-05-03 16:22,71.43,5,in_store,
T000621,S01,2025-04-24 10:06,45.63,2,in_store,
T001271,S01,2025-05-13 15:30,52.2,4,in_store,
T002843,S02,2025-05-06 16:08,99.23,5,in_store,
T002014,S01,2025-06-01 12:06,121.22,5,in_store,
T003329,S02,2025-05-23 17:57,27.69,2,in_store,
T001683,S01,2025-05-24 12:25,22.54,2,online,
T000945,S01,2025-05-04 19:14,68.56,5,in_store,
T008432,S05,2025-06-01 12:01,78.89,4,in_store,
T002998,S02,2025-05-11 14:58,12.62,1,online,
T003907,S03,2025-04-18 14:57,24.02,2,online,
T006762,S04,2025-05-27 15:39,70.51,3,in_store,
T002667,S02,2025-04-29 19:21,31.28,2,in_store,
T006363,S04,2025-05-14 11:14,46.27,2,in_store,
T007372,S05,2025-04-22 09:17,34.06,2,in_store,
T008400,S05,2025-05-31 11:13,18.58,1,in_store,
T002665,S02,2025-04-29 13:11,36.89,2,in_store,
T003600,S02,2025-05-31 14:50,15.23,1,in_store,
T007957,S05,2025-05-15 09:37,37.47,2,in_store,
T004391,S03,2025-05-08 12:49,16.95,1,in_store,
T003808,S03,2025-04-14 11:42,32.79,2,online,
T005087,S03,2025-05-31 14:31,16.22,2,online,
T002044,S02,2025-04-07 17:47,67.15,5,in_store,
T006003,S04,2025-05-03 16:21,126.18,5,in_store,
T005310,S04,2025-04-12 20:24,63.69,5,online,
T000443,S01,2025-04-19 16:52,8.34,1,online,
T002056,S02,2025-04-08 17:03,88.98,5,online,
T003242,S02,2025-05-19 10:37,50.73,2,online,
T007318,S05,2025-04-20 15:28,67.09,4,online,
T004628,S03,2025-05-12 12:12,70.03,4,in_store,
T007429,S05,2025-04-25 09:35,68.95,4,in_store,
T006202,S04,2025-05-10 20:11,36.99,3,in_store,
T002767,S02,2025-05-03 12:46,29.56,2,online,
T004032,S03,2025-04-23 16:19,88.52,4,online,
T006283,S04,2025-05-11 14:41,36.03,3,in_store,
T003013,S02,2025-05-11 14:10,16.32,2,in_store,
T003172,S02,2025-05-17 18:59,58.92,4,in_store,
T005975,S04,2025-05-02 19:08,33.33,2,in_store,
T000042,S01,2025-04-08 18:31,27.14,1,in_store,
T003638,S02,2025-06-01 18:48,90.01,5,in_store,
T001391,S01,2025-05-17 18:43,18.67,2,in_store,
T007304,S05,2025-04-20 17:17,90.17,4,online,
T006692,S04,2025-05-24 19:17,17.58,2,online,
T004343,S03,2025-05-06 18:50,45.41,2,in_store,
T003906,S03,2025-04-18 14:07,20.57,4,in_store,
T005963,S04,2025-05-02 09:21,84.97,4,in_store,
T005950,S04,2025-05-02 16:13,80.17,3,in_store,
T006343,S04,2025-05-13 17:37,64.65,4,online,
T003903,S03,2025-04-18 13:47,27.64,2,online,
T002600,S02,2025-04-26 19:59,15.84,1,in_store,
T005893,S04,2025-04-30 10:45,23.79,2,online,
T003608,S02,2025-05-31 20:57,31.45,2,in_store,
T004110,S03,2025-04-26 20:31,54.96,3,in_store,
T002182,S02,2025-04-13 17:28,38.02,1,in_store,
T004584,S03,2025-05-11 19:10,33.07,2,in_store,SPRING25
T004527,S03,2025-05-11 12:29,76.44,3,in_store,SPRING25
T001480,S01,2025-05-18 20:40,63.28,3,in_store,
T002769,S02,2025-05-03 14:13,23.1,1,in_store,
T001843,S01,2025-05-28 19:13,29.97,2,in_store,
T005498,S04,2025-04-18 11:48,64.56,3,online,
T006751,S04,2025-05-26 20:41,45.18,3,in_store,
T004802,S03,2025-05-20 17:05,84.35,4,in_store,
T002777,S02,2025-05-03 14:42,57.03,3,in_store,
T003107,S02,2025-05-14 10:53,45.33,2,online,
T002613,S02,2025-04-27 20:30,61.17,3,in_store,
T000077,S01,2025-04-09 15:39,59.53,3,in_store,
T006711,S04,2025-05-25 17:58,64.06,3,online,
T006476,S04,2025-05-17 11:42,62.78,3,online,
T004786,S03,2025-05-19 09:34,61.31,2,in_store,
T007386,S05,2025-04-23 14:39,21.95,1,in_store,
T000567,S01,2025-04-23 12:04,32.71,2,in_store,
T003928,S03,2025-04-19 18:36,116.85,4,in_store,
T008285,S05,2025-05-27 19:33,57.8,3,in_store,
T001728,S01,2025-05-25 19:28,69.48,3,in_store,
T003184,S02,2025-05-17 20:12,48.03,2,in_store,
T006110,S04,2025-05-06 10:48,10.97,1,in_store,
T001917,S01,2025-05-30 12:33,50.66,2,in_store,
T006760,S04,2025-05-26 17:43,82.21,3,in_store,
T001475,S01,2025-05-18 10:28,160.63,6,in_store,
T002962,S02,2025-05-10 12:04,68.54,3,in_store,
T005046,S03,2025-05-30 15:44,30.95,2,in_store,
T003694,S03,2025-04-08 14:59,17.66,1,online,
T005065,S03,2025-05-30 13:17,85.89,3,in_store,
T002082,S02,2025-04-09 14:42,13.61,1,in_store,
T008225,S05,2025-05-25 13:36,19.77,1,in_store,
T000780,S01,2025-04-29 15:07,85.83,3,in_store,
T002458,S02,2025-04-21 14:24,35.03,2,in_store,
T008086,S05,2025-05-20 20:56,10.77,1,in_store,
T002453,S02,2025-04-21 15:20,117.17,8,in_store,
T002489,S02,2025-04-22 14:14,63.56,3,in_store,
T007290,S05,2025-04-20 15:48,112.7,4,in_store,
T001791,S01,2025-05-26 13:52,57.38,3,in_store,
T006546,S04,2025-05-20 17:15,92.75,5,online,
T002617,S02,2025-04-27 11:27,118.85,4,in_store,
T003569,S02,2025-05-30 12:57,41.76,3,in_store,
T006494,S04,2025-05-18 13:56,13.88,1,online,
T001542,S01,2025-05-20 20:30,18.35,1,in_store,
T005636,S04,2025-04-22 16:43,48.94,2,online,
T005204,S04,2025-04-09 17:06,42.42,3,in_store,
T007369,S05,2025-04-22 09:12,30.36,1,in_store,
T004595,S03,2025-05-11 17:17,55.4,4,online,SPRING25
T000345,S01,2025-04-16 20:03,93.43,5,in_store,
T006099,S04,2025-05-06 13:01,41.03,4,online,
T004347,S03,2025-05-06 16:52,70.9,3,in_store,
T007047,S05,2025-04-11 19:07,23.52,1,online,
T004455,S03,2025-05-10 17:51,73.16,4,online,
T000949,S01,2025-05-04 12:49,33.55,2,in_store,
T004777,S03,2025-05-19 11:30,35.02,4,online,
T001267,S01,2025-05-13 09:22,103.77,5,in_store,
T004201,S03,2025-04-30 17:28,37.48,2,in_store,
T003570,S02,2025-05-30 11:48,20.26,1,in_store,
T001188,S01,2025-05-11 15:17,24.68,3,in_store,
T000814,S01,2025-04-30 15:32,75.45,4,in_store,
T004851,S03,2025-05-22 15:28,91.98,4,online,
T004406,S03,2025-05-08 19:36,16.03,1,online,
T008243,S05,2025-05-26 14:08,33.84,2,in_store,
T007573,S05,2025-04-30 10:17,10.77,1,in_store,
T007572,S05,2025-04-30 15:19,30.16,3,in_store,
T008262,S05,2025-05-26 12:10,54.27,3,in_store,
T002553,S02,2025-04-25 11:32,71.04,3,online,
T007419,S05,2025-04-24 11:47,39.49,2,online,
T007776,S05,2025-05-08 18:40,50.32,3,in_store,
T000594,S01,2025-04-23 20:49,36.18,2,in_store,
T005711,S04,2025-04-24 10:04,19.14,2,online,
T005442,S04,2025-04-16 11:10,74.97,4,online,
T007034,S05,2025-04-10 15:52,70.85,5,online,
T002376,S02,2025-04-19 19:52,51.55,3,in_store,
T002814,S02,2025-05-04 13:32,15.68,1,online,
T001573,S01,2025-05-21 16:30,44.28,2,in_store,
T007332,S05,2025-04-21 11:12,27.64,1,online,
T001516,S01,2025-05-19 17:06,50.1,3,in_store,
T000538,S01,2025-04-21 16:14,42.94,2,in_store,
T002491,S02,2025-04-22 09:50,39.93,3,in_store,
T002396,S02,2025-04-20 17:38,63.35,3,in_store,
T002501,S02,2025-04-23 12:31,28.23,4,in_store,
T000256,S01,2025-04-14 16:17,38.25,2,online,
T003035,S02,2025-05-12 19:02,29.51,2,online,
T008436,S05,2025-06-01 19:20,37.78,2,in_store,
T007079,S05,2025-04-12 12:02,30.04,2,in_store,
T007264,S05,2025-04-19 20:21,48.54,4,online,
T004959,S03,2025-05-26 12:19,60.74,3,in_store,
T002775,S02,2025-05-03 19:59,50.57,3,in_store,
T003148,S02,2025-05-16 14:33,84.48,4,online,
T003272,S02,2025-05-21 18:43,41.81,2,in_store,
T003024,S02,2025-05-12 14:03,50.92,2,online,
T007515,S05,2025-04-28 17:19,166.97,8,in_store,
T002145,S02,2025-04-11 19:50,103.79,6,online,
T000607,S01,2025-04-24 16:58,56.31,5,online,
T008113,S05,2025-05-21 17:08,19.58,2,in_store,
T007404,S05,2025-04-24 18:18,65.66,7,in_store,
T002213,S02,2025-04-13 15:33,88.71,4,online,
T004418,S03,2025-05-09 14:23,60.9,3,in_store,
T002278,S02,2025-04-16 16:52,63.57,5,in_store,
T004446,S03,2025-05-10 12:02,65.12,4,in_store,
T005118,S03,2025-06-01 13:24,37.79,3,in_store,
T007795,S05,2025-05-08 16:53,65.56,5,online,
T001591,S01,2025-05-21 12:40,29.78,2,in_store,
T001803,S01,2025-05-27 12:55,40.19,2,online,
T002366,S02,2025-04-19 15:55,82.41,4,in_store,
T001798,S01,2025-05-26 15:15,93.54,4,online,
T007956,S05,2025-05-15 13:38,64.17,4,online,
T005575,S04,2025-04-20 16:18,45.1,3,in_store,
T001044,S01,2025-05-07 18:53,84.69,4,in_store,
T004042,S03,2025-04-23 13:04,55.59,4,in_store,
T005326,S04,2025-04-13 14:53,44.92,3,in_store,
T003497,S02,2025-05-27 13:37,52.51,3,in_store,
T000171,S01,2025-04-11 13:53,23.81,1,online,
T002464,S02,2025-04-22 14:26,11.66,1,in_store,
T006531,S04,2025-05-19 19:30,20.1,1,online,
T002546,S02,2025-04-25 13:57,54.71,4,in_store,
T003952,S03,2025-04-20 18:48,34.87,3,in_store,
T004586,S03,2025-05-11 20:43,141.05,9,in_store,SPRING25
T001662,S01,2025-05-23 10:41,32.63,3,in_store,
T004930,S03,2025-05-25 17:53,52.85,5,in_store,
T007389,S05,2025-04-23 16:57,8.52,1,in_store,
T004232,S03,2025-05-02 10:29,30.07,3,online,
T006724,S04,2025-05-25 13:02,59.78,3,in_store,
T003933,S03,2025-04-19 10:04,57.54,4,in_store,
T006066,S04,2025-05-05 19:51,64.73,3,online,
T003192,S02,2025-05-17 17:47,18.31,1,online,
T001712,S01,2025-05-24 16:06,27.38,2,in_store,
T007303,S05,2025-04-20 19:20,70.93,4,in_store,
T005987,S04,2025-05-03 09:18,19.25,1,in_store,
T007579,S05,2025-04-30 16:10,55.18,3,online,
T001862,S01,2025-05-28 17:51,36.44,2,in_store,
T001747,S01,2025-05-25 10:32,67.56,6,in_store,
T000377,S01,2025-04-17 17:57,51.29,2,online,
T007012,S05,2025-04-09 19:16,120.98,5,in_store,
T005831,S04,2025-04-28 18:38,29.62,2,in_store,
T008161,S05,2025-05-23 17:46,10.02,1,in_store,
T002713,S02,2025-05-01 09:32,69.61,4,online,
T007203,S05,2025-04-17 17:29,56.09,4,in_store,
T005657,S04,2025-04-22 13:57,83.85,4,in_store,
T001163,S01,2025-05-10 20:02,25.26,3,online,
T005506,S04,2025-04-18 12:33,17.86,1,in_store,
T006293,S04,2025-05-12 11:06,49.4,3,in_store,
T003323,S02,2025-05-22 13:45,61.64,5,online,
T008089,S05,2025-05-20 16:10,72.72,5,in_store,
T000624,S01,2025-04-25 13:19,56.96,4,in_store,
T001830,S01,2025-05-28 14:19,15.2,1,in_store,
T000909,S01,2025-05-03 18:25,50.3,3,online,
T000672,S01,2025-04-26 09:38,55.97,2,in_store,
T002019,S01,2025-06-01 12:35,48.91,3,in_store,
T005454,S04,2025-04-16 14:05,57.32,2,in_store,
T000623,S01,2025-04-25 10:27,44.23,5,in_store,
T006370,S04,2025-05-14 09:51,46.01,2,in_store,
T005634,S04,2025-04-22 18:51,31.09,2,in_store,
T005238,S04,2025-04-10 11:49,61.02,3,in_store,
T003402,S02,2025-05-25 10:28,18.37,1,in_store,
T008064,S05,2025-05-19 14:16,46.33,4,online,
T001777,S01,2025-05-26 20:52,103.1,4,in_store,
T005484,S04,2025-04-17 10:59,106.92,5,online,
T002745,S02,2025-05-02 20:08,26.85,2,online,
T005552,S04,2025-04-19 10:03,60.4,3,in_store,
T004312,S03,2025-05-05 16:36,49.81,3,in_store,
T005962,S04,2025-05-02 17:51,61.83,4,online,
T002270,S02,2025-04-15 12:01,65.12,3,online,
T000471,S01,2025-04-19 14:42,41.83,3,in_store,
T006879,S04,2025-05-30 09:51,66.11,3,in_store,
T005209,S04,2025-04-09 20:53,34.69,3,online,
T007349,S05,2025-04-21 12:45,47.71,2,online,
T004707,S03,2025-05-16 11:54,29.66,1,in_store,
T003629,S02,2025-06-01 15:35,66.9,3,in_store,
T000787,S01,2025-04-29 19:56,42.26,3,in_store,
T005508,S04,2025-04-18 18:33,92.8,3,in_store,
T007378,S05,2025-04-23 09:42,45.72,2,in_store,
T002378,S02,2025-04-19 09:42,21.12,1,in_store,
T008000,S05,2025-05-17 09:40,40.35,4,in_store,
T001229,S01,2025-05-12 18:11,46.34,3,in_store,
T001215,S01,2025-05-11 19:10,80.53,5,in_store,
T001350,S01,2025-05-15 15:13,14.79,1,online,
T006820,S04,2025-05-28 15:36,43.89,4,online,
T008183,S05,2025-05-24 19:46,66.15,4,in_store,
T008346,S05,2025-05-29 14:03,53.81,4,in_store,
T008451,S09,2025-05-16 16:49,96.35,5,in_store,
T007088,S05,2025-04-12 15:54,13.2,1,in_store,
T000573,S01,2025-04-23 15:01,64.59,4,in_store,
T006461,S04,2025-05-17 17:52,86.55,6,in_store,
T001221,S01,2025-05-11 15:41,5.03,1,in_store,
T005292,S04,2025-04-12 17:36,23.4,2,in_store,
T003473,S02,2025-05-27 09:17,73.61,5,online,
T007607,S05,2025-05-02 16:49,35.21,4,online,
T005786,S04,2025-04-26 17:23,30.13,2,online,
T006366,S04,2025-05-14 10:08,42.82,2,in_store,
T001562,S01,2025-05-21 20:12,89.24,4,online,
T007786,S05,2025-05-08 14:45,63.24,3,in_store,
T006249,S04,2025-05-11 10:31,25.41,2,in_store,
T000693,S01,2025-04-26 14:19,71.1,3,in_store,
T004585,S03,2025-05-11 17:32,81.11,6,in_store,
T004018,S03,2025-04-22 11:58,69.7,3,in_store,
T002609,S02,2025-04-27 20:12,12.84,1,in_store,
T007613,S05,2025-05-02 16:49,117.74,6,in_store,
T007707,S05,2025-05-05 20:38,91.9,6,online,
T004672,S03,2025-05-15 10:07,48.11,3,in_store,
T005200,S04,2025-04-09 10:01,34.36,3,in_store,
T003949,S03,2025-04-20 10:21,26.23,2,online,
T001660,S01,2025-05-23 20:20,32.61,2,in_store,
T006188,S04,2025-05-09 10:51,54.83,3,online,
T000350,S01,2025-04-16 14:41,72.23,3,in_store,
T001637,S01,2025-05-22 11:18,70.39,4,in_store,
T002349,S02,2025-04-18 09:16,23.45,2,in_store,
T004583,S03,2025-05-11 12:33,130.42,5,in_store,SPRING25
T000186,S01,2025-04-12 13:22,73.32,5,in_store,
T001460,S01,2025-05-18 16:06,56.19,4,in_store,
T007657,S05,2025-05-04 13:01,63.47,5,in_store,
T003180,S02,2025-05-17 19:37,69.6,4,in_store,
T004283,S03,2025-05-04 19:02,78.48,4,in_store,
T005797,S04,2025-04-27 09:16,87.44,6,in_store,
T006617,S04,2025-05-22 12:48,8.66,1,in_store,
T003932,S03,2025-04-19 20:55,36.87,3,in_store,
T002800,S02,2025-05-04 11:24,57.07,5,in_store,
T000783,S01,2025-04-29 12:54,33.68,2,in_store,
T005727,S04,2025-04-25 15:11,56.0,4,in_store,
T000774,S01,2025-04-29 16:19,102.12,6,online,
T006326,S04,2025-05-13 18:40,35.54,4,online,
T006723,S04,2025-05-25 20:01,76.4,3,online,
T008195,S05,2025-05-24 09:53,135.57,7,in_store,
T007551,S05,2025-04-30 20:27,79.83,3,online,
T002662,S02,2025-04-29 13:21,33.46,1,in_store,
T006706,S04,2025-05-25 17:19,45.4,2,in_store,
T002763,S02,2025-05-03 11:35,47.0,2,in_store,
T000560,S01,2025-04-22 10:11,51.26,4,in_store,
T000545,S01,2025-04-22 14:18,31.5,3,in_store,
T002410,S02,2025-04-20 14:35,50.6,3,in_store,
T004542,S03,2025-05-11 11:14,131.43,7,in_store,SPRING25
T005816,S04,2025-04-27 10:50,28.82,2,in_store,
T005884,S04,2025-04-29 16:37,108.31,5,in_store,
T004472,S03,2025-05-10 10:27,27.35,2,in_store,
T001706,S01,2025-05-24 10:15,15.93,1,in_store,
T006368,S04,2025-05-14 15:14,68.91,4,in_store,
T005750,S04,2025-04-25 11:46,94.52,5,in_store,
T004380,S03,2025-05-08 18:50,20.76,2,in_store,
T007107,S05,2025-04-13 15:33,39.69,3,in_store,
T007486,S05,2025-04-27 17:17,17.75,1,online,
T006375,S04,2025-05-14 17:09,16.5,1,online,
T000898,S01,2025-05-03 11:04,57.45,4,online,
T002542,S02,2025-04-25 11:51,7.02,1,in_store,
T001776,S01,2025-05-26 09:14,60.89,3,online,
T003854,S03,2025-04-15 12:36,31.23,3,in_store,
T006503,S04,2025-05-18 16:03,84.11,6,in_store,
T000520,S01,2025-04-21 12:51,23.5,2,online,
T000569,S01,2025-04-23 10:10,63.61,3,in_store,
T005665,S04,2025-04-23 10:05,79.78,4,online,
T003643,S02,2025-06-01 15:35,42.69,3,online,
T005456,S04,2025-04-17 18:52,28.08,2,in_store,
T005569,S04,2025-04-20 17:07,43.44,2,in_store,
T006027,S04,2025-05-04 15:53,22.63,1,in_store,
T000622,S01,2025-04-25 14:45,105.52,4,online,
T007726,S05,2025-05-06 13:45,13.63,1,online,
T008058,S05,2025-05-19 20:45,62.12,4,in_store,
T003267,S02,2025-05-20 13:23,42.58,4,in_store,
T002704,S02,2025-04-30 17:35,29.77,2,in_store,
T008109,S05,2025-05-21 16:30,27.31,2,in_store,
T002847,S02,2025-05-06 12:11,26.57,2,online,
T005730,S04,2025-04-25 13:29,34.01,2,in_store,
T004639,S03,2025-05-13 10:37,53.94,2,in_store,
T000695,S01,2025-04-26 10:53,54.31,4,in_store,
T008355,S05,2025-05-30 18:29,56.56,4,in_store,
T000901,S01,2025-05-03 16:21,46.4,3,in_store,
T007016,S05,2025-04-09 12:36,72.19,6,online,
T001191,S01,2025-05-11 13:08,49.4,3,in_store,
T000093,S01,2025-04-09 12:40,96.91,6,online,
T002020,S01,2025-06-01 16:27,52.72,2,in_store,
T000280,S01,2025-04-14 10:45,21.72,2,online,
T005608,S04,2025-04-21 14:23,19.28,1,in_store,
T000674,S01,2025-04-26 19:44,55.46,3,online,
T001086,S01,2025-05-08 16:55,25.81,3,online,
T003095,S02,2025-05-14 14:09,134.27,5,online,
T002536,S02,2025-04-24 19:10,66.55,3,in_store,
T000227,S01,2025-04-13 11:24,66.92,3,online,
T004371,S03,2025-05-07 15:46,74.36,3,in_store,
T002616,S02,2025-04-27 11:20,23.77,1,in_store,
T007300,S05,2025-04-20 20:19,32.66,2,online,
T000531,S01,2025-04-21 11:50,37.09,3,in_store,
T003953,S03,2025-04-20 09:46,33.84,2,online,
T002219,S02,2025-04-13 20:14,48.92,3,in_store,
T007069,S05,2025-04-11 12:09,17.31,1,in_store,
T003584,S02,2025-05-30 09:00,29.82,2,online,
T007273,S05,2025-04-19 09:45,13.19,1,online,
T004631,S03,2025-05-13 17:37,19.73,2,in_store,
T008115,S05,2025-05-21 19:43,18.47,1,online,
T005595,S04,2025-04-20 09:38,38.29,3,in_store,
T008110,S05,2025-05-21 19:41,17.03,1,in_store,
T005387,S04,2025-04-14 14:44,84.67,4,in_store,
T000376,S01,2025-04-17 17:36,66.44,5,in_store,
T008467,S09,2025-04-23 15:06,50.56,4,in_store,
T003111,S02,2025-05-14 20:46,22.95,1,in_store,
T001113,S01,2025-05-09 20:57,45.1,3,in_store,
T007334,S05,2025-04-21 10:16,59.62,5,online,
T001575,S01,2025-05-21 15:19,46.87,2,in_store,
T008277,S05,2025-05-27 17:15,63.71,3,in_store,
T003731,S03,2025-04-10 15:19,57.35,3,in_store,
T007210,S05,2025-04-17 16:07,20.85,2,online,
T002233,S02,2025-04-14 11:31,68.29,4,in_store,
T002021,S01,2025-06-01 14:55,46.5,2,in_store,
T000659,S01,2025-04-26 19:06,67.28,3,in_store,
T005666,S04,2025-04-23 13:23,46.36,4,in_store,
T005205,S04,2025-04-09 16:24,60.81,4,in_store,
T005003,S03,2025-05-28 17:50,40.84,4,online,
T000534,S01,2025-04-21 20:18,66.52,7,in_store,
T002427,S02,2025-04-20 10:05,16.03,1,in_store,
T006571,S04,2025-05-20 15:39,107.31,4,in_store,
T000124,S01,2025-04-10 12:55,39.51,2,in_store,
T007509,S05,2025-04-28 10:28,59.17,4,in_store,
T005600,S04,2025-04-20 09:27,60.16,6,in_store,
T003484,S02,2025-05-27 13:51,23.99,2,in_store,
T002234,S02,2025-04-14 09:12,41.19,2,in_store,
T001306,S01,2025-05-14 11:36,111.08,5,in_store,
T006516,S04,2025-05-19 11:58,33.98,4,in_store,
T003790,S03,2025-04-13 17:12,63.7,3,in_store,
T006036,S04,2025-05-04 18:52,14.67,2,online,
T006961,S05,2025-04-07 12:42,44.91,3,in_store,
T002833,S02,2025-05-05 19:59,77.8,3,in_store,
T008340,S05,2025-05-29 17:50,40.9,2,in_store,
T001398,S01,2025-05-17 20:46,57.95,3,in_store,
T005327,S04,2025-04-13 10:33,81.24,4,in_store,
T006943,S04,2025-06-01 11:34,56.18,3,in_store,
T002839,S02,2025-05-06 20:14,44.4,3,in_store,
T005443,S04,2025-04-16 16:35,36.79,4,in_store,
T008211,S05,2025-05-25 10:57,77.82,3,in_store,
T002393,S02,2025-04-19 18:42,58.07,2,in_store,
T006674,S04,2025-05-24 10:27,55.88,2,online,
T007823,S05,2025-05-10 14:13,31.38,3,in_store,
T004530,S03,2025-05-11 19:10,54.37,4,in_store,SPRING25
T005617,S04,2025-04-21 16:15,38.94,2,in_store,
T007765,S05,2025-05-08 13:14,33.88,2,in_store,
T000455,S01,2025-04-19 13:47,27.39,2,in_store,
T005800,S04,2025-04-27 12:58,49.97,2,in_store,
T000771,S01,2025-04-29 19:20,25.69,2,in_store,
T004119,S03,2025-04-27 20:29,59.03,3,online,
T000537,S01,2025-04-21 10:04,53.0,2,online,
T001302,S01,2025-05-14 16:10,60.7,3,in_store,
T003986,S03,2025-04-20 13:32,44.61,4,in_store,
T005077,S03,2025-05-31 19:57,122.45,5,in_store,
T006396,S04,2025-05-15 17:32,62.19,4,online,
T000597,S01,2025-04-23 18:37,28.5,2,in_store,
T006111,S04,2025-05-07 14:55,29.59,2,in_store,
T006463,S04,2025-05-17 16:51,49.31,2,online,
T005616,S04,2025-04-21 14:38,48.25,2,in_store,
T004670,S03,2025-05-15 13:09,41.47,3,in_store,
T007520,S05,2025-04-28 16:29,71.72,4,online,
T007124,S05,2025-04-13 12:27,99.47,4,in_store,
T008227,S05,2025-05-25 16:25,13.15,1,online,
T001511,S01,2025-05-19 19:05,84.84,6,in_store,
T002930,S02,2025-05-09 20:52,52.54,4,in_store,
T007421,S05,2025-04-24 16:23,37.37,2,online,
T002423,S02,2025-04-20 09:41,64.21,3,in_store,
T003021,S02,2025-05-11 15:00,15.53,1,in_store,
T008438,S09,2025-05-01 14:36,66.78,4,in_store,
T003164,S02,2025-05-17 17:33,20.16,1,in_store,
T004325,S03,2025-05-05 12:59,63.2,4,in_store,
T000435,S01,2025-04-18 20:01,83.2,5,online,
T006201,S04,2025-05-10 16:27,35.26,2,in_store,
T003385,S02,2025-05-24 11:48,34.08,2,online,
T005877,S04,2025-04-29 12:56,48.81,3,online,
T003677,S03,2025-04-07 09:42,60.19,3,online,
T001292,S01,2025-05-14 15:39,100.72,5,in_store,
T006022,S04,2025-05-04 09:23,35.35,3,in_store,
T001979,S01,2025-06-01 15:59,55.63,3,in_store,
T006971,S05,2025-04-07 17:10,35.8,3,in_store,
T002655,S02,2025-04-28 19:42,88.47,5,online,
T002577,S02,2025-04-26 09:03,115.23,5,in_store,
T005016,S03,2025-05-28 14:02,62.79,4,in_store,
T005620,S04,2025-04-21 13:42,98.23,4,in_store,
T007396,S05,2025-04-24 18:17,33.31,3,in_store,
T003773,S03,2025-04-12 14:04,14.84,1,in_store,
T005867,S04,2025-04-29 16:36,54.18,3,in_store,
T005653,S04,2025-04-22 11:14,69.61,3,in_store,
T001270,S01,2025-05-13 11:26,45.45,3,in_store,
T005210,S04,2025-04-09 16:59,15.0,1,online,
T000937,S01,2025-05-04 09:17,30.97,3,in_store,
T002671,S02,2025-04-29 15:25,108.14,4,online,
T000984,S01,2025-05-05 17:01,20.98,2,in_store,
T000372,S01,2025-04-17 16:24,34.74,2,online,
T005377,S04,2025-04-14 14:07,91.44,4,online,
T004938,S03,2025-05-25 15:22,89.34,3,online,
T007218,S05,2025-04-17 18:38,100.8,4,online,
T001549,S01,2025-05-20 10:57,45.39,3,in_store,
T005639,S04,2025-04-22 16:42,49.8,4,in_store,
T001173,S01,2025-05-10 19:46,54.66,3,online,
T005990,S04,2025-05-03 14:30,92.43,4,in_store,
T005957,S04,2025-05-02 13:17,30.84,3,online,
T008294,S05,2025-05-28 19:02,37.55,3,online,
T002475,S02,2025-04-22 19:28,63.06,4,in_store,
T003898,S03,2025-04-18 13:21,80.83,3,online,
T006094,S04,2025-05-06 20:05,38.54,2,in_store,
T007921,S05,2025-05-13 09:32,43.16,2,in_store,
T001837,S01,2025-05-28 14:54,133.3,7,in_store,
T006065,S04,2025-05-05 12:47,103.16,4,online,
T006750,S04,2025-05-26 13:18,36.88,2,in_store,
T007246,S05,2025-04-18 15:58,59.88,3,in_store,
T006412,S04,2025-05-16 11:21,67.53,4,in_store,
T006215,S04,2025-05-10 14:35,70.25,6,online,
T006823,S04,2025-05-28 12:34,45.82,2,online,
T002412,S02,2025-04-20 18:27,24.33,1,online,
T001871,S01,2025-05-29 13:46,18.92,1,in_store,
T001078,S01,2025-05-08 19:00,28.11,2,in_store,
T007086,S05,2025-04-12 16:35,48.46,3,in_store,
T002133,S02,2025-04-11 17:51,60.74,6,online,
T001404,S01,2025-05-17 13:36,65.04,3,in_store,
T008288,S05,2025-05-27 15:38,94.19,4,in_store,
T004288,S03,2025-05-04 09:28,46.26,2,in_store,
T007719,S05,2025-05-06 12:01,14.15,1,online,
T002927,S02,2025-05-09 14:32,32.67,2,in_store,
T004499,S03,2025-05-10 13:15,137.4,8,in_store,SPRING25
T005841,S04,2025-04-28 17:48,84.67,4,in_store,
T007384,S05,2025-04-23 12:45,66.57,4,online,
T006038,S04,2025-05-04 13:41,52.8,5,online,
T006920,S04,2025-05-31 15:31,36.43,3,in_store,
T004490,S03,2025-05-10 09:24,108.88,3,in_store,SPRING25
T007128,S05,2025-04-14 13:58,54.02,2,in_store,
T006079,S04,2025-05-05 14:43,62.59,5,in_store,
T001956,S01,2025-05-31 12:13,40.79,2,in_store,
T007027,S05,2025-04-10 10:03,78.51,4,in_store,
T006032,S04,2025-05-04 15:16,23.17,2,in_store,
T007132,S05,2025-04-14 14:09,43.69,2,in_store,
T000199,S01,2025-04-12 12:28,35.85,4,in_store,
T005901,S04,2025-04-30 14:28,94.4,6,in_store,
T002951,S02,2025-05-09 20:01,45.77,3,online,
T008434,S05,2025-06-01 16:39,12.58,1,in_store,
T002088,S02,2025-04-10 14:46,34.31,2,in_store,
T002385,S02,2025-04-19 20:26,34.35,2,online,
T000827,S01,2025-05-01 11:45,44.5,3,in_store,
T000189,S01,2025-04-12 11:05,17.07,2,in_store,
T002031,S02,2025-04-07 11:49,41.94,3,in_store,
T003031,S02,2025-05-12 18:33,58.44,4,in_store,
T005334,S04,2025-04-13 15:07,42.5,4,online,
T007892,S05,2025-05-12 13:35,34.96,2,in_store,
T004386,S03,2025-05-08 14:09,12.96,1,online,
T001482,S01,2025-05-18 09:30,55.07,2,in_store,
T000090,S01,2025-04-09 15:44,19.86,3,in_store,
T005559,S04,2025-04-19 19:21,42.25,5,in_store,
T007723,S05,2025-05-06 10:30,89.03,4,online,
T000493,S01,2025-04-20 20:17,50.19,2,online,
T004298,S03,2025-05-04 09:11,36.86,2,in_store,
T004995,S03,2025-05-28 14:11,74.3,4,in_store,
T007965,S05,2025-05-15 17:23,49.82,2,online,
T006790,S04,2025-05-27 16:10,29.98,2,in_store,
T004327,S03,2025-05-06 18:25,40.99,3,in_store,
T003434,S02,2025-05-25 19:03,51.55,3,online,
T006644,S04,2025-05-23 14:27,71.79,3,in_store,
T002492,S02,2025-04-22 12:09,45.58,3,online,
T003640,S02,2025-06-01 12:22,73.23,5,in_store,
T001877,S01,2025-05-29 12:07,88.03,3,online,
T007799,S05,2025-05-08 14:04,40.64,3,in_store,
T002351,S02,2025-04-18 19:11,34.58,2,online,
T003631,S02,2025-06-01 16:34,81.76,3,online,
T005296,S04,2025-04-12 18:16,100.07,7,in_store,
T001957,S01,2025-05-31 14:04,29.5,1,in_store,
T005212,S04,2025-04-09 17:32,65.4,3,in_store,
T007484,S05,2025-04-27 14:04,35.47,2,in_store,
T002037,S02,2025-04-07 09:30,57.62,2,online,
T003471,S02,2025-05-27 11:14,67.99,4,in_store,
T002432,S02,2025-04-21 11:44,12.01,1,in_store,
T005426,S04,2025-04-16 13:44,55.55,3,in_store,
T004867,S03,2025-05-23 14:03,42.04,5,in_store,
T005097,S03,2025-06-01 18:04,12.45,1,in_store,
T007695,S05,2025-05-05 15:03,80.53,7,in_store,
T006345,S04,2025-05-13 18:16,17.57,1,in_store,
T007335,S05,2025-04-21 19:35,85.76,6,online,
T002850,S02,2025-05-06 12:23,34.1,3,in_store,
T003404,S02,2025-05-25 15:43,161.82,6,in_store,
T000867,S01,2025-05-02 17:10,17.85,2,in_store,
T007645,S05,2025-05-03 11:48,87.62,5,in_store,
T001160,S01,2025-05-10 16:26,34.99,3,in_store,
T001089,S01,2025-05-08 18:51,32.77,2,online,
T001799,S01,2025-05-26 13:33,65.97,4,in_store,
T003768,S03,2025-04-12 14:56,134.45,5,in_store,
T004762,S03,2025-05-18 11:53,123.32,5,online,
T000320,S01,2025-04-15 15:36,19.1,2,in_store,
T002928,S02,2025-05-09 20:26,3.0,1,online,
T007885,S05,2025-05-12 12:43,60.23,4,online,
T005978,S04,2025-05-03 10:07,66.6,6,online,
T001507,S01,2025-05-19 15:05,40.12,4,online,
T006414,S04,2025-05-16 19:54,124.14,8,in_store,
T006357,S04,2025-05-14 10:38,22.78,2,online,
T006974,S05,2025-04-07 20:34,127.56,5,in_store,
T000736,S01,2025-04-28 20:46,29.76,2,in_store,
T003429,S02,2025-05-25 14:37,39.72,2,in_store,
T006064,S04,2025-05-05 17:31,64.4,2,in_store,
T001741,S01,2025-05-25 10:11,50.04,2,in_store,
T001846,S01,2025-05-28 16:40,72.91,5,online,
T007650,S05,2025-05-03 14:30,134.15,6,in_store,
T007295,S05,2025-04-20 16:19,20.95,2,in_store,
T004769,S03,2025-05-18 13:36,48.29,2,in_store,
T007238,S05,2025-04-18 17:17,47.62,3,in_store,
T002418,S02,2025-04-20 15:44,40.07,5,in_store,
T001731,S01,2025-05-25 17:04,24.85,3,in_store,
T007631,S05,2025-05-03 09:03,51.92,2,in_store,
T003557,S02,2025-05-29 15:31,133.11,6,in_store,
T006893,S04,2025-05-31 11:17,83.08,5,in_store,
T002221,S02,2025-04-13 15:41,42.33,3,in_store,
T007698,S05,2025-05-05 10:14,16.93,1,in_store,
T005221,S04,2025-04-10 17:59,14.56,1,in_store,
T008228,S05,2025-05-25 10:45,5.65,1,in_store,
T002463,S02,2025-04-22 20:21,18.57,1,online,
T000428,S01,2025-04-18 13:41,64.74,4,in_store,
T001767,S01,2025-05-26 12:28,50.13,3,in_store,
T003442,S02,2025-05-26 17:35,34.75,6,online,
T004947,S03,2025-05-26 20:35,40.48,2,in_store,
T006740,S04,2025-05-26 19:42,60.78,5,in_store,
T003660,S03,2025-04-07 19:51,19.85,2,in_store,
T008236,S05,2025-05-26 10:49,62.1,4,in_store,
T007552,S05,2025-04-30 17:56,53.27,4,in_store,
T006085,S04,2025-05-06 17:07,84.36,5,in_store,
T001009,S01,2025-05-06 10:20,38.97,2,online,
T004816,S03,2025-05-20 11:32,27.07,2,online,
T002697,S02,2025-04-30 11:19,36.84,2,in_store,
T003199,S02,2025-05-18 15:22,19.1,2,in_store,
T005049,S03,2025-05-30 17:20,44.44,2,online,
T004636,S03,2025-05-13 16:06,76.08,3,online,
T003669,S03,2025-04-07 10:22,53.72,3,in_store,
T004864,S03,2025-05-22 16:16,16.97,1,in_store,
T004978,S03,2025-05-27 14:15,46.08,2,in_store,
T006268,S04,2025-05-11 12:30,46.3,2,in_store,
T002687,S02,2025-04-30 10:05,8.01,1,in_store,
T004973,S03,2025-05-27 10:46,68.44,5,online,
T003674,S03,2025-04-07 18:12,29.97,3,in_store,
T005777,S04,2025-04-26 11:28,37.01,3,online,
T002343,S02,2025-04-18 14:23,47.83,2,in_store,
T001617,S01,2025-05-22 09:47,24.54,2,in_store,
T000640,S01,2025-04-25 12:09,57.81,3,in_store,
T000462,S01,2025-04-19 15:43,55.43,2,in_store,
T001697,S01,2025-05-24 09:14,27.86,2,in_store,
T002205,S02,2025-04-13 11:45,34.36,2,in_store,
T002984,S02,2025-05-10 15:59,86.86,4,in_store,
T002197,S02,2025-04-13 13:59,29.59,2,in_store,
T004735,S03,2025-05-17 14:02,46.02,2,in_store,
T004907,S03,2025-05-24 16:01,108.42,5,in_store,
T007076,S05,2025-04-12 20:39,103.84,5,in_store,
T006508,S04,2025-05-18 17:45,33.95,2,in_store,
T007772,S05,2025-05-08 10:23,36.05,2,online,
T001373,S01,2025-05-16 13:53,13.97,2,online,
T006442,S04,2025-05-17 12:13,16.34,1,online,
T002851,S02,2025-05-06 16:34,22.08,2,in_store,
T000873,S01,2025-05-02 17:54,45.24,4,online,
T002420,S02,2025-04-20 15:27,43.65,5,in_store,
T007606,S05,2025-05-02 11:21,45.31,2,online,
T007445,S05,2025-04-26 09:11,58.84,4,online,
T005943,S04,2025-05-01 09:54,67.35,4,in_store,
T003371,S02,2025-05-24 10:27,86.73,3,in_store,
T002718,S02,2025-05-01 17:57,42.58,3,in_store,
T000316,S01,2025-04-15 20:38,54.45,4,in_store,
T006480,S04,2025-05-18 17:54,15.01,1,in_store,
T005254,S04,2025-04-11 14:44,70.65,3,in_store,
T006909,S04,2025-05-31 12:08,16.52,1,online,
T001031,S01,2025-05-06 15:37,32.29,3,online,
T008051,S05,2025-05-19 19:31,32.91,3,in_store,
T000871,S01,2025-05-02 19:39,34.41,2,in_store,
T006521,S04,2025-05-19 16:05,95.13,5,in_store,
T001576,S01,2025-05-21 11:14,45.47,2,in_store,
T008348,S05,2025-05-30 11:04,40.52,2,online,
T005191,S04,2025-04-09 16:45,8.41,2,in_store,
T005028,S03,2025-05-29 09:16,91.28,5,in_store,
T001616,S01,2025-05-22 14:26,21.73,2,online,
T003753,S03,2025-04-11 13:05,48.37,3,in_store,
T003193,S02,2025-05-17 12:36,86.09,5,online,
T000662,S01,2025-04-26 12:04,17.47,1,online,
T005906,S04,2025-04-30 20:21,55.53,3,in_store,
T001899,S01,2025-05-29 09:16,17.25,1,in_store,
T008278,S05,2025-05-27 16:27,34.66,3,online,
T006472,S04,2025-05-17 11:59,32.34,2,in_store,
T001301,S01,2025-05-14 18:08,112.21,5,online,
T004477,S03,2025-05-10 16:00,31.58,4,in_store,
T001898,S01,2025-05-29 11:15,20.7,1,online,
T000342,S01,2025-04-16 13:47,67.6,4,in_store,
T000917,S01,2025-05-03 14:01,64.09,3,in_store,
T001097,S01,2025-05-08 18:23,16.44,1,in_store,
T007633,S05,2025-05-03 16:02,61.03,4,online,
T003362,S02,2025-05-24 12:21,43.37,4,online,
T007791,S05,2025-05-08 12:09,57.24,2,in_store,
T005074,S03,2025-05-31 16:56,98.88,3,in_store,
T005022,S03,2025-05-29 17:48,74.0,4,online,
T003432,S02,2025-05-25 14:32,77.52,3,in_store,
T006752,S04,2025-05-26 11:32,41.25,2,online,
T007321,S05,2025-04-20 14:54,50.5,2,in_store,
T002549,S02,2025-04-25 16:18,27.11,4,in_store,
T000017,S01,2025-04-07 10:49,55.9,5,in_store,
T002754,S02,2025-05-02 17:11,45.28,2,in_store,
T007146,S05,2025-04-14 10:01,139.96,7,in_store,
T006321,S04,2025-05-12 17:24,36.54,2,online,
T005183,S04,2025-04-08 15:22,47.71,3,in_store,
T006285,S04,2025-05-11 14:59,26.82,2,in_store,
T001995,S01,2025-06-01 13:56,38.6,3,in_store,
T007339,S05,2025-04-21 11:45,47.88,2,in_store,
T006652,S04,2025-05-23 16:00,44.52,2,online,
T002331,S02,2025-04-18 19:30,42.26,3,in_store,
T002140,S02,2025-04-11 16:40,55.06,3,in_store,
T005931,S04,2025-05-01 14:40,125.26,5,in_store,
T004429,S03,2025-05-09 14:06,19.76,1,online,
T000162,S01,2025-04-11 19:06,111.38,4,in_store,
T005483,S04,2025-04-17 19:09,59.54,2,online,
T004704,S03,2025-05-16 11:26,44.42,2,online,
T007021,S05,2025-04-10 12:07,29.26,2,online,
T008287,S05,2025-05-27 16:03,41.64,2,online,
T003392,S02,2025-05-24 17:31,43.7,3,in_store,
T006255,S04,2025-05-11 12:49,30.74,2,in_store,
T006273,S04,2025-05-11 10:16,65.42,3,online,
T001950,S01,2025-05-31 14:49,32.02,2,in_store,
T003042,S02,2025-05-12 18:09,40.99,4,online,
T008059,S05,2025-05-19 20:33,87.12,4,online,
T007908,S05,2025-05-13 18:53,64.01,3,in_store,
T000713,S01,2025-04-27 11:59,68.62,4,in_store,
T008166,S05,2025-05-23 17:11,39.76,2,online,
T002510,S02,2025-04-23 19:10,27.02,2,in_store,
T000772,S01,2025-04-29 17:07,46.74,3,in_store,
T004202,S03,2025-04-30 20:21,100.99,5,in_store,
T003896,S03,2025-04-17 11:37,125.1,4,in_store,
T002597,S02,2025-04-26 16:02,112.01,3,online,
T005480,S04,2025-04-17 09:28,7.2,1,online,
T000548,S01,2025-04-22 12:38,19.49,1,in_store,
T006291,S04,2025-05-12 14:01,34.36,3,in_store,
T006316,S04,2025-05-12 10:54,90.45,5,in_store,
T003576,S02,2025-05-30 20:38,77.66,5,online,
T007547,S05,2025-04-29 18:30,33.35,2,in_store,
T002478,S02,2025-04-22 15:57,39.76,3,in_store,
T000981,S01,2025-05-05 17:32,77.17,4,in_store,
T000004,S01,2025-04-07 20:10,23.93,2,online,
T004525,S03,2025-05-11 18:58,172.59,7,in_store,SPRING25
T005198,S04,2025-04-09 11:15,12.98,1,in_store,
T006381,S04,2025-05-15 12:29,45.4,3,in_store,
T006595,S04,2025-05-21 16:26,7.67,1,in_store,
T003051,S02,2025-05-12 17:42,47.67,2,in_store,
T001822,S01,2025-05-27 13:04,72.54,3,online,
T001282,S01,2025-05-13 20:29,21.37,2,in_store,
T001492,S01,2025-05-19 19:25,129.92,7,in_store,
T003892,S03,2025-04-17 18:44,16.17,1,online,
T005384,S04,2025-04-14 13:52,47.91,2,in_store,
T007140,S05,2025-04-14 17:21,36.78,2,in_store,
T002184,S02,2025-04-13 09:37,60.01,3,in_store,
T005253,S04,2025-04-11 19:23,29.73,2,in_store,
T005690,S04,2025-04-23 12:16,13.13,1,in_store,
T008316,S05,2025-05-29 11:59,129.22,5,in_store,
T000440,S01,2025-04-19 20:16,47.74,2,in_store,
T001951,S01,2025-05-31 09:49,21.79,4,in_store,
T005701,S04,2025-04-24 15:27,125.91,6,online,
T001246,S01,2025-05-12 12:18,61.67,3,in_store,
T004008,S03,2025-04-22 11:36,46.22,2,in_store,
T001102,S01,2025-05-08 12:38,32.51,3,in_store,
T003339,S02,2025-05-23 12:11,19.22,1,online,
T003555,S02,2025-05-29 17:07,101.36,3,in_store,
T007962,S05,2025-05-15 15:18,21.58,2,online,
T000934,S01,2025-05-04 17:03,69.43,3,in_store,
T008241,S05,2025-05-26 19:26,48.1,3,in_store,
T007522,S05,2025-04-28 18:17,23.4,1,in_store,
T007866,S05,2025-05-11 15:27,104.51,4,online,
T001374,S01,2025-05-16 15:11,39.87,3,online,
T000836,S01,2025-05-01 17:24,52.28,5,online,
T006882,S04,2025-05-30 17:50,29.65,3,in_store,
T005812,S04,2025-04-27 14:35,41.27,2,in_store,
T004130,S03,2025-04-27 10:42,84.23,4,in_store,
T002511,S02,2025-04-23 11:03,17.81,1,in_store,
T002480,S02,2025-04-22 19:22,70.39,3,in_store,
T002498,S02,2025-04-23 17:07,17.02,1,online,
T006422,S04,2025-05-16 12:31,90.27,4,in_store,
T000133,S01,2025-04-10 15:27,82.63,3,online,
T006630,S04,2025-05-22 17:08,58.08,2,online,
T006100,S04,2025-05-06 14:40,19.63,2,in_store,
T006014,S04,2025-05-04 12:34,63.28,3,online,
T004045,S03,2025-04-23 15:47,37.17,3,online,
T007473,S05,2025-04-27 15:47,65.02,3,in_store,
T006655,S04,2025-05-23 14:28,27.33,3,in_store,
T005880,S04,2025-04-29 19:34,28.73,2,online,
T006319,S04,2025-05-12 17:10,117.1,6,in_store,
T003155,S02,2025-05-16 15:02,20.59,1,online,
T003535,S02,2025-05-28 17:41,12.0,1,in_store,
T004493,S03,2025-05-10 16:35,219.69,7,online,SPRING25
T003263,S02,2025-05-20 16:59,31.46,2,in_store,
T006583,S04,2025-05-20 20:54,31.25,1,in_store,
T002330,S02,2025-04-17 10:59,38.77,4,online,
T000593,S01,2025-04-23 20:55,100.14,4,online,
T003683,S03,2025-04-07 15:15,7.32,2,in_store,
T001108,S01,2025-05-09 16:58,3.0,1,online,
T006955,S05,2025-04-07 15:26,92.96,5,online,
T000346,S01,2025-04-16 13:26,12.81,1,in_store,
T001476,S01,2025-05-18 10:17,20.5,2,in_store,
T000839,S01,2025-05-01 13:13,32.07,2,online,
T007856,S05,2025-05-11 14:35,12.3,1,in_store,
T000859,S01,2025-05-01 18:44,60.3,3,in_store,
T002859,S02,2025-05-06 19:46,76.01,4,in_store,
T002774,S02,2025-05-03 12:21,33.84,2,in_store,
T005137,S04,2025-04-07 09:46,43.72,2,online,
T004880,S03,2025-05-23 15:14,23.01,3,in_store,
T006938,S04,2025-06-01 20:08,68.34,4,online,
T003244,S02,2025-05-20 14:44,49.73,2,in_store,
T002377,S02,2025-04-19 20:22,87.64,4,online,
T001201,S01,2025-05-11 16:19,32.74,2,in_store,
T005468,S04,2025-04-17 18:40,27.07,4,in_store,
T004041,S03,2025-04-23 11:56,57.0,3,online,
T003964,S03,2025-04-20 16:02,44.96,2,in_store,
T008145,S05,2025-05-23 13:40,175.02,6,in_store,
T008421,S05,2025-06-01 15:28,35.28,2,online,
T003210,S02,2025-05-18 18:49,63.57,3,in_store,
T006788,S04,2025-05-27 20:44,36.3,3,online,
T002503,S02,2025-04-23 17:11,42.53,3,online,
T006424,S04,2025-05-16 20:49,60.49,2,online,
T000610,S01,2025-04-24 20:30,19.89,2,in_store,
T005356,S04,2025-04-13 11:38,56.3,3,online,
T006952,S04,2025-06-01 13:17,74.45,4,in_store,
T000299,S01,2025-04-15 16:15,56.62,3,in_store,
T001025,S01,2025-05-06 13:09,12.25,1,in_store,
T004846,S03,2025-05-22 09:17,46.53,3,online,
T006348,S04,2025-05-13 12:40,78.35,3,in_store,
T001119,S01,2025-05-09 13:32,21.64,2,in_store,
T005082,S03,2025-05-31 15:57,36.64,3,in_store,
T001051,S01,2025-05-07 11:36,99.17,5,online,
T005401,S04,2025-04-15 11:27,23.67,1,online,
T000553,S01,2025-04-22 11:34,80.31,4,online,
T005277,S04,2025-04-11 13:27,86.52,6,in_store,
T006296,S04,2025-05-12 17:06,32.77,2,in_store,
T005741,S04,2025-04-25 10:41,54.86,3,in_store,
T005081,S03,2025-05-31 13:20,101.41,5,in_store,
T003229,S02,2025-05-19 18:20,39.24,4,in_store,
T002538,S02,2025-04-24 17:41,15.65,2,in_store,
T003003,S02,2025-05-11 09:47,115.3,7,online,
T006574,S04,2025-05-20 13:21,29.25,2,online,
T003591,S02,2025-05-31 20:31,15.09,1,in_store,
T005692,S04,2025-04-23 16:22,83.6,4,online,
T001228,S01,2025-05-12 16:39,69.59,4,in_store,
T008193,S05,2025-05-24 17:59,91.25,5,online,
T002208,S02,2025-04-13 18:27,19.47,3,in_store,
T000649,S01,2025-04-25 16:28,13.37,1,in_store,
T001311,S01,2025-05-14 16:10,49.34,2,online,
T004732,S03,2025-05-17 13:30,53.47,2,in_store,
T004035,S03,2025-04-23 17:16,15.48,6,online,
T000465,S01,2025-04-19 14:59,102.72,5,in_store,
T003518,S02,2025-05-28 12:39,19.59,1,in_store,
T008269,S05,2025-05-27 15:15,81.62,3,in_store,
T005342,S04,2025-04-13 11:20,102.06,5,in_store,
T006730,S04,2025-05-25 14:48,103.92,6,in_store,
T007940,S05,2025-05-14 20:23,44.62,2,online,
T002506,S02,2025-04-23 20:06,41.35,3,in_store,
T005992,S04,2025-05-03 09:03,18.9,2,in_store,
T003947,S03,2025-04-20 16:32,75.0,4,online,
T003587,S02,2025-05-30 19:44,26.0,2,online,
T004476,S03,2025-05-10 09:50,61.5,2,in_store,
T008424,S05,2025-06-01 12:38,43.41,2,online,
T006817,S04,2025-05-28 10:59,28.89,2,online,
T007964,S05,2025-05-15 10:43,56.55,4,online,
T003448,S02,2025-05-26 13:51,32.13,2,in_store,
T008084,S05,2025-05-20 14:15,17.06,1,in_store,
T006569,S04,2025-05-20 16:33,47.19,3,in_store,
T001893,S01,2025-05-29 11:10,28.2,2,online,
T007162,S05,2025-04-15 09:58,35.83,3,online,
T003515,S02,2025-05-28 11:53,64.34,5,online,
T004464,S03,2025-05-10 13:55,55.79,3,in_store,
T001109,S01,2025-05-09 10:34,42.48,2,in_store,
T000325,S01,2025-04-16 13:56,29.91,3,in_store,
T000364,S01,2025-04-17 18:27,27.51,1,in_store,
T001841,S01,2025-05-28 10:31,13.02,1,in_store,
T008382,S05,2025-05-31 20:05,72.12,4,in_store,
T000524,S01,2025-04-21 14:47,55.66,3,online,
T005582,S04,2025-04-20 18:47,61.23,2,in_store,
T005391,S04,2025-04-15 18:35,17.07,1,online,
T004254,S03,2025-05-03 15:25,117.33,6,in_store,
T003840,S03,2025-04-15 09:08,80.95,4,online,
T007198,S05,2025-04-17 16:32,65.19,3,in_store,
T002844,S02,2025-05-06 16:44,18.2,1,in_store,
T006543,S04,2025-05-19 12:21,62.78,2,in_store,
T006869,S04,2025-05-30 19:30,29.8,2,in_store,
T003685,S03,2025-04-08 16:20,24.14,1,in_store,
T003791,S03,2025-04-13 16:54,34.62,2,online,
T000150,S01,2025-04-11 14:06,77.29,4,in_store,
T003798,S03,2025-04-13 13:38,110.82,5,online,
T005702,S04,2025-04-24 13:53,23.18,1,in_store,
T004875,S03,2025-05-23 12:56,38.86,4,online,
T008087,S05,2025-05-20 10:51,16.2,1,online,
T004107,S03,2025-04-26 11:09,17.3,3,in_store,
T006311,S04,2025-05-12 20:19,135.55,5,online,
T001278,S01,2025-05-13 19:17,59.99,3,in_store,
T003146,S02,2025-05-16 09:44,58.57,3,in_store,
T002060,S02,2025-04-08 12:38,36.18,2,online,
T003805,S03,2025-04-14 14:57,57.11,2,in_store,
T000987,S01,2025-05-05 15:46,45.9,2,online,
T000025,S01,2025-04-07 12:17,36.37,3,online,
T004773,S03,2025-05-18 15:01,34.85,2,in_store,
T002639,S02,2025-04-28 12:12,87.6,5,online,
T002160,S02,2025-04-12 10:34,26.36,2,in_store,
T007911,S05,2025-05-13 10:57,66.59,3,in_store,
T007356,S05,2025-04-22 09:08,96.84,4,in_store,
T006322,S04,2025-05-12 13:34,21.16,2,in_store,
T004270,S03,2025-05-04 10:10,124.48,4,online,
T003461,S02,2025-05-26 13:45,61.08,3,in_store,
T001269,S01,2025-05-13 16:02,11.53,1,in_store,
T005655,S04,2025-04-22 11:57,55.65,3,online,
T007686,S05,2025-05-05 12:53,36.96,4,online,
T002291,S02,2025-04-16 09:35,32.81,2,in_store,
T001929,S01,2025-05-30 15:00,78.41,4,online,
T000412,S01,2025-04-18 17:19,29.04,1,in_store,
T000890,S01,2025-05-03 18:26,43.49,3,in_store,
T002100,S02,2025-04-10 13:18,46.19,2,online,
T007056,S05,2025-04-11 17:35,123.84,5,online,
T004017,S03,2025-04-22 16:31,102.5,4,in_store,
T006505,S04,2025-05-18 19:07,83.71,5,in_store,
T005073,S03,2025-05-31 20:58,90.51,4,in_store,
T004780,S03,2025-05-19 10:00,24.5,2,in_store,
T006899,S04,2025-05-31 19:56,49.17,3,online,
T002501,S02,2025-04-23 12:31,28.23,4,in_store,
T005829,S04,2025-04-28 14:45,49.22,2,in_store,
T007402,S05,2025-04-24 13:30,36.69,4,in_store,
T006515,S04,2025-05-19 11:19,34.32,2,in_store,
T005420,S04,2025-04-15 14:25,45.22,4,in_store,
T006431,S04,2025-05-16 18:48,8.86,1,in_store,
T006826,S04,2025-05-28 12:30,72.54,4,in_store,
T001034,S01,2025-05-07 09:23,9.42,1,in_store,
T006632,S04,2025-05-22 20:32,58.58,3,online,
T003255,S02,2025-05-20 13:21,58.33,2,online,
T002539,S02,2025-04-24 15:14,16.45,4,in_store,
T002917,S02,2025-05-08 10:22,81.93,4,in_store,
T001114,S01,2025-05-09 15:54,13.87,1,in_store,
T002055,S02,2025-04-08 18:28,50.44,3,in_store,
T004541,S03,2025-05-11 12:40,122.81,7,in_store,SPRING25
T004892,S03,2025-05-24 17:40,37.76,2,in_store,
T006138,S04,2025-05-07 16:28,32.19,3,in_store,
T000707,S01,2025-04-27 16:17,34.61,1,online,
T006051,S04,2025-05-04 16:07,53.26,2,in_store,
T004190,S03,2025-04-29 17:55,62.46,3,in_store,
T002583,S02,2025-04-26 11:57,86.85,5,in_store,
T003257,S02,2025-05-20 19:30,138.72,6,online,
T008033,S05,2025-05-18 20:29,39.23,2,in_store,
T003764,S03,2025-04-12 13:43,49.01,3,in_store,
T001139,S01,2025-05-10 12:16,52.64,3,in_store,
T004648,S03,2025-05-14 19:33,22.65,1,in_store,
T005803,S04,2025-04-27 19:34,39.84,4,in_store,
T002231,S02,2025-04-14 15:45,40.53,3,in_store,
T006482,S04,2025-05-18 13:01,48.63,2,in_store,
T000558,S01,2025-04-22 11:35,74.72,5,in_store,
T006279,S04,2025-05-11 12:48,52.03,3,in_store,
T003724,S03,2025-04-10 12:43,15.53,1,in_store,
T005646,S04,2025-04-22 17:27,14.12,1,in_store,
T005760,S04,2025-04-26 10:59,34.74,2,in_store,
T008274,S05,2025-05-27 20:30,83.39,3,in_store,
T001041,S01,2025-05-07 10:16,137.42,5,online,
T005103,S03,2025-06-01 11:30,87.42,5,in_store,
T000939,S01,2025-05-04 09:22,133.64,6,in_store,
T002680,S02,2025-04-29 15:56,52.9,4,in_store,
T007775,S05,2025-05-08 11:46,22.3,3,in_store,
T007713,S05,2025-05-05 12:51,38.09,3,in_store,
T005864,S04,2025-04-29 12:19,62.09,2,online,
T007796,S05,2025-05-08 20:57,69.16,3,in_store,
T005382,S04,2025-04-14 10:09,16.82,2,in_store,
T005983,S04,2025-05-03 20:34,24.99,1,in_store,
T007253,S05,2025-04-19 10:18,15.18,1,in_store,
T007590,S05,2025-05-01 15:55,92.22,4,online,
T003360,S02,2025-05-24 14:51,63.59,4,in_store,
T006541,S04,2025-05-19 11:19,40.9,2,in_store,
T004402,S03,2025-05-08 09:26,62.73,4,in_store,
T007858,S05,2025-05-11 19:11,48.64,3,in_store,
T007434,S05,2025-04-25 19:15,132.29,6,in_store,
T004986,S03,2025-05-27 10:53,129.01,7,in_store,
T002398,S02,2025-04-20 09:38,120.18,4,in_store,
T003956,S03,2025-04-20 19:11,56.69,3,online,
T005960,S04,2025-05-02 19:29,151.07,7,online,
T000185,S01,2025-04-12 20:47,49.64,4,in_store,
T004726,S03,2025-05-17 19:01,62.52,3,in_store,
T003624,S02,2025-06-01 15:15,57.89,5,in_store,
T005784,S04,2025-04-26 15:28,12.76,1,in_store,
T000665,S01,2025-04-26 16:02,48.15,2,in_store,
T006733,S04,2025-05-25 10:45,54.67,3,in_store,
T000389,S01,2025-04-17 09:46,27.1,2,in_store,
T000039,S01,2025-04-08 09:27,54.44,3,online,
T002273,S02,2025-04-15 10:19,73.49,4,online,
T002685,S02,2025-04-30 20:55,46.25,3,in_store,
T003531,S02,2025-05-28 16:09,38.05,2,in_store,
T007893,S05,2025-05-12 14:36,90.46,4,in_store,
T004127,S03,2025-04-27 09:07,39.88,2,in_store,
T005920,S04,2025-04-30 16:06,24.47,2,in_store,
T003915,S03,2025-04-18 09:15,10.53,1,in_store,
T002534,S02,2025-04-24 13:08,39.29,3,in_store,
T000096,S01,2025-04-09 16:36,72.98,4,in_store,
T002560,S02,2025-04-25 17:28,62.75,3,online,
T007489,S05,2025-04-27 16:10,12.31,1,in_store,
T007071,S05,2025-04-12 10:49,36.02,2,in_store,
T005563,S04,2025-04-19 18:07,16.36,1,in_store,
T001868,S01,2025-05-28 12:28,69.21,4,online,
T007847,S05,2025-05-10 11:36,36.75,2,in_store,
T008441,S09,2025-05-31 20:02,19.34,1,online,
T008377,S05,2025-05-31 19:59,32.6,2,online,
T007240,S05,2025-04-18 15:58,56.47,3,in_store,
T000634,S01,2025-04-25 18:17,29.53,1,online,
T002732,S02,2025-05-02 14:20,67.51,3,in_store,
T007769,S05,2025-05-08 11:16,31.11,3,in_store,
T000030,S01,2025-04-08 16:15,45.33,2,in_store,
T004597,S03,2025-05-11 17:21,174.68,8,in_store,SPRING25
T005071,S03,2025-05-31 16:31,47.24,2,in_store,
T001222,S01,2025-05-12 12:27,133.13,8,in_store,
T002437,S02,2025-04-21 17:44,29.66,2,in_store,
T001570,S01,2025-05-21 11:17,53.84,2,online,
T000466,S01,2025-04-19 16:57,29.75,2,online,
T000619,S01,2025-04-24 13:06,30.18,2,in_store,
T001167,S01,2025-05-10 17:00,36.78,3,online,
T004819,S03,2025-05-21 19:40,34.78,3,online,
T006705,S04,2025-05-25 11:58,41.34,2,in_store,
T005515,S04,2025-04-18 14:40,94.72,4,in_store,
T005985,S04,2025-05-03 12:14,34.92,2,in_store,
T006459,S04,2025-05-17 10:03,74.66,4,in_store,
T001836,S01,2025-05-28 12:21,54.01,3,in_store,
T002898,S02,2025-05-08 19:56,44.7,2,in_store,
T003878,S03,2025-04-16 15:53,73.82,3,in_store,
T003058,S02,2025-05-12 14:09,120.05,7,online,
T006082,S04,2025-05-05 18:47,20.53,1,in_store,
T006988,S05,2025-04-08 10:48,155.62,7,online,
T000353,S01,2025-04-16 09:47,53.32,3,online,
T004637,S03,2025-05-13 10:18,72.71,3,in_store,
T002877,S02,2025-05-07 18:17,17.63,3,online,
T002493,S02,2025-04-22 13:18,10.43,1,in_store,
T006097,S04,2025-05-06 12:04,36.86,2,online,
T003970,S03,2025-04-20 10:52,13.06,1,online,
T003186,S02,2025-05-17 15:02,42.92,3,online,
T001496,S01,2025-05-19 14:05,69.85,8,in_store,
T001810,S01,2025-05-27 18:19,22.33,2,in_store,
T000850,S01,2025-05-01 20:24,42.54,2,online,
T008463,S09,2025-04-26 13:25,53.62,3,in_store,
T005679,S04,2025-04-23 20:41,58.78,3,in_store,
T001309,S01,2025-05-14 09:21,38.3,2,online,
T006498,S04,2025-05-18 12:28,30.99,2,online,
T005249,S04,2025-04-10 11:10,32.69,2,in_store,
T004622,S03,2025-05-12 14:52,60.4,3,online,
T003971,S03,2025-04-20 16:10,34.64,2,online,
T003388,S02,2025-05-24 14:37,11.18,1,in_store,
T003735,S03,2025-04-10 15:26,60.59,4,in_store,
T001330,S01,2025-05-15 12:07,131.38,6,in_store,
T004368,S03,2025-05-07 14:46,24.11,4,in_store,
T003320,S02,2025-05-22 13:58,55.66,3,in_store,
T008358,S05,2025-05-30 13:51,53.87,3,in_store,
T002207,S02,2025-04-13 11:38,23.11,1,in_store,
T007019,S05,2025-04-09 16:01,71.53,4,online,
T005919,S04,2025-04-30 09:44,39.6,2,in_store,
T005630,S04,2025-04-22 15:04,22.92,2,online,
T003967,S03,2025-04-20 20:08,32.24,3,online,
T004025,S03,2025-04-23 11:17,57.6,2,in_store,
T004557,S03,2025-05-11 11:55,127.38,7,in_store,SPRING25
T001458,S01,2025-05-18 19:31,30.91,2,online,
T006169,S04,2025-05-09 10:13,110.59,4,in_store,
T004513,S03,2025-05-10 11:26,76.18,3,in_store,
T007413,S05,2025-04-24 16:01,29.38,2,in_store,
T006834,S04,2025-05-29 14:26,13.73,2,in_store,
T006688,S04,2025-05-24 11:30,19.06,2,online,
T005039,S03,2025-05-29 16:19,34.48,2,in_store,
T007351,S05,2025-04-21 10:12,26.67,2,in_store,
T003720,S03,2025-04-09 20:24,26.1,2,in_store,
T007125,S05,2025-04-13 11:14,49.29,3,online,
T007902,S05,2025-05-12 09:24,32.14,3,in_store,
T002091,S02,2025-04-10 13:57,44.87,3,in_store,
T008272,S05,2025-05-27 18:09,10.59,2,in_store,
T008338,S05,2025-05-29 12:42,19.95,1,in_store,
T001386,S01,2025-05-16 20:33,16.56,1,in_store,
T004934,S03,2025-05-25 16:13,13.2,1,online,
T004196,S03,2025-04-30 14:03,97.6,3,in_store,
T007051,S05,2025-04-11 14:27,62.73,3,in_store,
T006700,S04,2025-05-25 09:05,27.72,2,online,
T005308,S04,2025-04-12 18:24,75.86,4,in_store,
T000950,S01,2025-05-04 15:14,117.97,5,online,
T004364,S03,2025-05-07 11:23,127.54,5,online,
T008230,S05,2025-05-25 20:52,7.85,1,in_store,
T006369,S04,2025-05-14 16:17,91.75,5,in_store,
T000114,S01,2025-04-10 15:14,49.5,2,in_store,
T008453,S09,2025-05-22 16:31,14.92,2,in_store,
T005905,S04,2025-04-30 10:49,51.47,4,in_store,
T004961,S03,2025-05-26 17:03,39.87,4,in_store,
T005548,S04,2025-04-19 14:22,117.32,6,in_store,
T004904,S03,2025-05-24 18:17,55.48,2,online,
T004474,S03,2025-05-10 10:58,82.3,6,in_store,
T005946,S04,2025-05-01 16:34,15.87,1,in_store,
T001307,S01,2025-05-14 10:14,33.78,2,in_store,
T007080,S05,2025-04-12 19:25,53.66,3,in_store,
T003226,S02,2025-05-19 16:09,38.03,2,online,
T003431,S02,2025-05-25 10:44,51.18,3,in_store,
T000514,S01,2025-04-21 09:31,100.59,4,in_store,
T001609,S01,2025-05-22 11:12,43.71,2,online,
T003882,S03,2025-04-17 11:07,73.33,4,online,
T002654,S02,2025-04-28 17:03,89.9,4,in_store,
T006342,S04,2025-05-13 19:11,29.76,2,in_store,
T006887,S04,2025-05-31 10:00,20.38,1,in_store,
T001639,S01,2025-05-22 12:37,104.04,4,online,
T000533,S01,2025-04-21 14:13,23.35,3,in_store,
T002503,S02,2025-04-23 17:11,42.53,3,online,
T000842,S01,2025-05-01 12:30,86.75,4,in_store,
T001413,S01,2025-05-17 11:39,51.83,3,online,
T005856,S04,2025-04-28 20:41,34.33,2,in_store,
T005604,S04,2025-04-21 13:44,17.0,1,in_store,
T007412,S05,2025-04-24 19:12,32.29,3,in_store,
T002243,S02,2025-04-14 17:57,30.39,2,in_store,
T005116,S03,2025-06-01 10:00,49.42,3,online,
T005530,S04,2025-04-19 16:44,37.11,3,online,
T004703,S03,2025-05-16 17:13,17.14,2,in_store,
T001521,S01,2025-05-19 19:04,44.89,2,online,
T004294,S03,2025-05-04 20:57,55.62,4,online,
T008268,S05,2025-05-27 20:31,11.3,1,in_store,
T002832,S02,2025-05-05 09:06,18.9,1,in_store,
T007535,S05,2025-04-29 12:59,27.5,2,online,
T001657,S01,2025-05-23 09:17,24.73,2,in_store,
T006931,S04,2025-06-01 18:08,59.71,3,in_store,
T006641,S04,2025-05-23 19:37,50.28,2,in_store,
T008150,S05,2025-05-23 16:39,33.59,2,in_store,
T005107,S03,2025-06-01 09:31,28.58,3,in_store,
T003447,S02,2025-05-26 17:04,38.13,3,online,
T001672,S01,2025-05-23 11:50,30.33,1,online,
T003652,S03,2025-04-07 11:09,38.82,3,online,
T008154,S05,2025-05-23 11:54,13.96,4,in_store,
T003366,S02,2025-05-24 15:32,16.65,1,online,
T005676,S04,2025-04-23 11:02,72.5,3,in_store,
T003153,S02,2025-05-16 14:08,68.15,4,online,
T002009,S01,2025-06-01 20:47,40.71,2,in_store,
T004099,S03,2025-04-26 10:20,53.14,3,in_store,
T005488,S04,2025-04-18 10:55,45.26,2,in_store,
T004394,S03,2025-05-08 13:44,49.87,3,in_store,
T005724,S04,2025-04-25 12:04,22.29,2,in_store,
T006054,S04,2025-05-05 17:12,83.65,3,in_store,
T000975,S01,2025-05-05 20:35,72.24,4,online,
T002547,S02,2025-04-25 17:38,10.59,2,in_store,
T007673,S05,2025-05-04 12:32,31.83,2,in_store,
T004612,S03,2025-05-12 10:32,50.49,3,online,
T003191,S02,2025-05-17 19:23,25.72,1,in_store,
T003397,S02,2025-05-25 19:46,105.3,4,online,
T000993,S01,2025-05-05 16:56,28.05,2,in_store,
T007971,S05,2025-05-15 17:51,19.95,1,in_store,
T002632,S02,2025-04-28 10:10,74.68,4,in_store,
T005312,S04,2025-04-12 17:00,64.63,3,in_store,
T006672,S04,2025-05-24 17:04,42.52,4,in_store,
T000251,S01,2025-04-13 12:25,165.99,9,in_store,
T008303,S05,2025-05-28 14:03,53.26,2,online,
T003091,S02,2025-05-13 10:03,38.47,3,in_store,
T006881,S04,2025-05-30 10:54,89.58,5,in_store,
T003045,S02,2025-05-12 11:29,33.12,3,online,
T002296,S02,2025-04-16 12:05,118.77,5,online,
T000296,S01,2025-04-15 17:52,67.29,4,in_store,
T006946,S04,2025-06-01 10:37,44.47,3,in_store,
T006942,S04,2025-06-01 09:55,26.99,3,in_store,
T005020,S03,2025-05-29 17:47,69.33,5,in_store,
T005883,S04,2025-04-29 18:30,69.21,3,in_store,
T000708,S01,2025-04-27 10:47,68.36,4,online,
T007923,S05,2025-05-13 16:36,14.0,1,online,
T008321,S05,2025-05-29 19:11,17.73,2,in_store,
T006874,S04,2025-05-30 16:04,73.53,4,online,
T005942,S04,2025-05-01 18:11,73.35,4,in_store,
T001150,S01,2025-05-10 09:33,32.19,2,online,
T003962,S03,2025-04-20 20:39,18.16,1,in_store,
T006218,S04,2025-05-10 19:00,28.0,1,online,
T005383,S04,2025-04-14 18:27,31.82,3,online,
T005034,S03,2025-05-29 16:37,76.8,3,in_store,
T002807,S02,2025-05-04 18:56,52.92,3,in_store,
T001240,S01,2025-05-12 18:52,50.08,2,in_store,
T000833,S01,2025-05-01 10:09,36.17,3,in_store,
T006886,S04,2025-05-31 10:01,51.63,2,in_store,
T004328,S03,2025-05-06 18:45,29.04,3,online,
T003650,S02,2025-06-01 18:28,87.23,4,in_store,
T002857,S02,2025-05-06 17:00,43.23,2,online,
T000385,S01,2025-04-17 17:40,75.83,4,in_store,
T002835,S02,2025-05-05 18:52,21.92,1,online,
T006298,S04,2025-05-12 17:16,39.22,3,online,
T001345,S01,2025-05-15 12:55,44.57,2,in_store,
T005910,S04,2025-04-30 13:00,11.28,1,in_store,
T005477,S04,2025-04-17 17:29,105.62,4,online,
T006666,S04,2025-05-24 14:15,29.16,2,in_store,
T004096,S03,2025-04-26 20:34,33.89,6,in_store,
T006558,S04,2025-05-20 09:28,57.15,3,in_store,
T006416,S04,2025-05-16 15:38,12.09,1,online,
T000609,S01,2025-04-24 16:48,18.35,2,in_store,
T005056,S03,2025-05-30 14:32,53.39,3,in_store,
T002720,S02,2025-05-01 14:31,78.42,3,in_store,
T006839,S04,2025-05-29 19:15,111.78,5,in_store,
T007977,S05,2025-05-16 10:30,77.38,5,in_store,
T006334,S04,2025-05-13 11:03,8.69,1,online,
T005859,S04,2025-04-29 12:31,87.06,3,online,
T005792,S04,2025-04-26 13:41,58.88,4,in_store,
T006492,S04,2025-05-18 13:01,92.11,4,online,
T007161,S05,2025-04-15 18:36,79.87,4,in_store,
T006755,S04,2025-05-26 20:58,36.38,3,in_store,
T001310,S01,2025-05-14 19:35,35.65,2,in_store,
T002909,S02,2025-05-08 17:52,37.46,2,in_store,
T007834,S05,2025-05-10 17:47,105.86,4,in_store,
T005822,S04,2025-04-27 10:11,75.31,4,online,
T003951,S03,2025-04-20 11:46,24.73,1,online,
T003409,S02,2025-05-25 09:09,41.16,4,online,
T001421,S01,2025-05-17 17:25,100.56,4,online,
T006957,S05,2025-04-07 12:14,101.79,4,in_store,
T003318,S02,2025-05-22 20:12,34.06,2,online,
T000578,S01,2025-04-23 10:29,48.3,4,in_store,
T008074,S05,2025-05-20 17:53,45.52,2,in_store,
T005014,S03,2025-05-28 16:33,36.46,2,in_store,
T001383,S01,2025-05-16 10:52,111.08,5,in_store,
T008279,S05,2025-05-27 19:11,29.1,2,in_store,
T003133,S02,2025-05-15 16:49,75.81,4,online,
T001287,S01,2025-05-14 11:35,66.6,3,in_store,
T005306,S04,2025-04-12 12:49,129.06,5,online,
T002137,S02,2025-04-11 20:32,45.56,2,in_store,
T003463,S02,2025-05-26 17:10,107.67,6,in_store,
T005317,S04,2025-04-12 17:32,76.39,5,online,
T006689,S04,2025-05-24 18:40,46.22,2,in_store,
T008213,S05,2025-05-25 16:48,41.18,2,in_store,
T008067,S05,2025-05-19 13:29,71.5,4,online,
T004336,S03,2025-05-06 12:58,23.94,2,online,
T000555,S01,2025-04-22 12:17,44.59,3,in_store,
T002646,S02,2025-04-28 15:32,27.29,5,online,
T003173,S02,2025-05-17 17:40,50.37,3,in_store,
T004203,S03,2025-04-30 18:05,31.82,2,online,
T003700,S03,2025-04-08 18:10,18.9,1,in_store,
T001333,S01,2025-05-15 10:40,29.56,4,in_store,
T003268,S02,2025-05-20 11:31,33.18,3,in_store,
T003121,S02,2025-05-15 15:22,42.28,3,in_store,
T003254,S02,2025-05-20 11:43,20.43,1,in_store,
T008134,S05,2025-05-22 15:57,60.33,3,online,
T006106,S04,2025-05-06 10:37,22.87,1,in_store,
T005898,S04,2025-04-30 17:57,143.06,5,in_store,
T001155,S01,2025-05-10 19:01,50.08,3,in_store,
T007008,S05,2025-04-09 11:43,54.02,3,online,
T002526,S02,2025-04-24 15:46,20.57,1,in_store,
T006678,S04,2025-05-24 14:44,11.45,1,in_store,
T003509,S02,2025-05-27 14:42,27.37,3,in_store,
T000045,S01,2025-04-08 15:53,53.47,2,in_store,
T007090,S05,2025-04-12 19:31,80.18,4,in_store,
T001486,S01,2025-05-19 10:20,19.96,2,online,
T004760,S03,2025-05-18 09:57,21.13,1,online,
T007703,S05,2025-05-05 14:13,138.0,5,in_store,
T003135,S02,2025-05-15 11:20,71.92,6,in_store,
T004884,S03,2025-05-23 15:57,71.19,4,in_store,
T002433,S02,2025-04-21 18:59,86.23,3,in_store,
T005368,S04,2025-04-14 16:10,27.07,2,in_store,
T003083,S02,2025-05-13 19:42,57.83,3,online,
T000615,S01,2025-04-24 12:24,13.66,1,in_store,
T000119,S01,2025-04-10 19:31,36.78,2,in_store,
T002801,S02,2025-05-04 16:36,19.55,2,in_store,
T005090,S03,2025-05-31 18:20,29.42,3,online,
T008231,S05,2025-05-25 18:07,34.97,4,online,
T003038,S02,2025-05-12 20:55,23.56,1,in_store,
T003556,S02,2025-05-29 09:53,55.21,3,online,
T003387,S02,2025-05-24 19:39,12.11,1,in_store,
T002637,S02,2025-04-28 15:00,63.27,3,online,
T001538,S01,2025-05-20 17:21,58.38,3,online,
T005015,S03,2025-05-28 18:12,104.94,5,in_store,
T003427,S02,2025-05-25 13:52,36.5,2,in_store,
T000436,S01,2025-04-19 17:56,12.56,2,online,
T002482,S02,2025-04-22 20:23,10.7,1,in_store,
T008337,S05,2025-05-29 14:11,26.24,2,in_store,
T002541,S02,2025-04-25 15:15,86.66,5,in_store,
T006089,S04,2025-05-06 12:08,98.62,5,in_store,
T006801,S04,2025-05-28 09:13,25.17,2,in_store,
T000097,S01,2025-04-09 10:21,76.74,4,online,
T007530,S05,2025-04-29 19:02,58.57,3,online,
T003944,S03,2025-04-19 15:41,18.2,1,in_store,
T006542,S04,2025-05-19 11:52,65.22,4,in_store,
T002663,S02,2025-04-29 19:56,18.2,2,in_store,
T002531,S02,2025-04-24 18:29,89.23,5,online,
T006402,S04,2025-05-15 10:59,58.92,3,online,
T004445,S03,2025-05-10 18:50,156.59,10,in_store,SPRING25
T006511,S04,2025-05-18 16:50,68.33,3,in_store,
T001584,S01,2025-05-21 19:56,159.82,5,in_store,
T001463,S01,2025-05-18 11:57,72.25,4,in_store,
T003565,S02,2025-05-30 11:39,28.82,2,in_store,
T002873,S02,2025-05-07 10:39,102.15,5,in_store,
T001845,S01,2025-05-28 12:13,27.22,2,in_store,
T003749,S03,2025-04-11 09:06,108.31,5,in_store,
T003853,S03,2025-04-15 10:06,68.43,6,in_store,
T006891,S04,2025-05-31 16:43,14.72,2,in_store,
T005505,S04,2025-04-18 19:27,26.56,2,in_store,
T002297,S02,2025-04-16 15:53,51.08,3,in_store,
T003726,S03,2025-04-10 19:50,14.69,1,online,
T007342,S05,2025-04-21 10:24,35.58,3,in_store,
T001218,S01,2025-05-11 20:52,59.15,3,in_store,
T000402,S01,2025-04-18 15:55,19.77,3,in_store,
T008221,S05,2025-05-25 15:40,54.19,3,in_store,
T000273,S01,2025-04-14 17:57,29.86,3,in_store,
T001794,S01,2025-05-26 18:01,67.2,3,online,
T004839,S03,2025-05-21 19:38,40.54,4,in_store,
T000272,S01,2025-04-14 15:20,34.19,3,in_store,
T001195,S01,2025-05-11 13:06,40.9,3,in_store,
T008012,S05,2025-05-17 18:07,38.43,3,in_store,
T002298,S02,2025-04-16 18:06,39.21,4,in_store,
T002490,S02,2025-04-22 17:41,65.82,5,in_store,
T002764,S02,2025-05-03 14:33,10.0,1,in_store,
T003417,S02,2025-05-25 13:53,7.03,1,online,
T003238,S02,2025-05-19 11:33,12.54,1,in_store,
T001801,S01,2025-05-27 12:09,52.97,3,online,
T003178,S02,2025-05-17 09:00,89.82,5,in_store,
T002700,S02,2025-04-30 15:50,97.72,4,online,
T001474,S01,2025-05-18 14:41,17.15,2,in_store,
T001430,S01,2025-05-18 11:55,86.42,4,in_store,
T004931,S03,2025-05-25 10:09,83.78,3,online,
T008361,S05,2025-05-30 20:41,71.46,3,in_store,
T003687,S03,2025-04-08 12:57,113.34,7,online,
T000591,S01,2025-04-23 19:11,88.53,4,in_store,
T008096,S05,2025-05-21 12:57,37.26,2,in_store,
T007809,S05,2025-05-09 11:44,74.45,3,in_store,
T008390,S05,2025-05-31 10:02,17.02,1,online,
T001928,S01,2025-05-30 14:29,37.02,2,in_store,
T000060,S01,2025-04-08 11:48,150.42,5,online,
T004705,S03,2025-05-16 16:36,31.09,3,in_store,
T002442,S02,2025-04-21 10:47,70.68,5,in_store,
T003601,S02,2025-05-31 12:14,55.83,3,online,
T001812,S01,2025-05-27 17:27,55.31,3,in_store,
T006447,S04,2025-05-17 18:40,38.06,2,online,
T000505,S01,2025-04-20 17:01,20.4,1,in_store,
T005413,S04,2025-04-15 16:59,17.07,1,in_store,
T001027,S01,2025-05-06 11:03,109.42,4,in_store,
T002306,S02,2025-04-16 15:30,51.6,2,in_store,
T006434,S04,2025-05-16 13:31,25.88,2,in_store,
T007678,S05,2025-05-04 17:17,56.76,2,in_store,
T006017,S04,2025-05-04 10:55,37.93,3,in_store,
T007226,S05,2025-04-18 13:56,31.94,2,in_store,
T002955,S02,2025-05-09 15:53,66.94,5,in_store,
T004362,S03,2025-05-07 18:58,21.7,1,in_store,
T005095,S03,2025-05-31 09:41,38.5,2,online,
T000954,S01,2025-05-04 17:21,53.53,3,in_store,
T004444,S03,2025-05-10 12:10,23.13,1,in_store,SPRING25
T005888,S04,2025-04-29 14:39,103.32,4,in_store,
T006020,S04,2025-05-04 16:23,19.49,3,in_store,
T004775,S03,2025-05-18 19:52,8.7,1,in_store,
T006193,S04,2025-05-10 10:45,70.91,4,online,
T004277,S03,2025-05-04 13:15,33.89,3,in_store,
T006435,S04,2025-05-16 12:57,32.97,2,online,
T002323,S02,2025-04-17 13:46,137.52,5,in_store,
T006114,S04,2025-05-07 19:34,17.07,1,in_store,
T002526,S02,2025-04-24 15:46,20.57,1,in_store,
T006441,S04,2025-05-17 14:55,17.59,1,in_store,
T006695,S04,2025-05-25 12:57,23.87,1,in_store,
T000233,S01,2025-04-13 20:23,41.22,2,in_store,
T004863,S03,2025-05-22 16:10,24.36,2,in_store,
T002922,S02,2025-05-08 16:25,51.5,2,in_store,
T000828,S01,2025-05-01 14:32,29.7,2,online,
T001816,S01,2025-05-27 16:32,51.87,3,in_store,
T001336,S01,2025-05-15 11:28,76.6,5,in_store,
T004060,S03,2025-04-24 11:30,65.46,3,in_store,
T004384,S03,2025-05-08 13:36,51.25,3,in_store,
T001313,S01,2025-05-14 18:58,36.42,3,in_store,
T001546,S01,2025-05-20 11:46,28.86,2,in_store,
T004052,S03,2025-04-24 17:09,25.23,5,in_store,
T008323,S05,2025-05-29 15:26,27.43,1,in_store,
T005276,S04,2025-04-11 13:19,21.98,1,in_store,
T004977,S03,2025-05-27 16:33,33.31,2,online,
T001437,S01,2025-05-18 14:52,11.91,1,in_store,
T004688,S03,2025-05-15 11:09,40.88,2,in_store,
T001610,S01,2025-05-22 11:01,32.51,2,online,
T004824,S03,2025-05-21 16:49,73.13,4,online,
T001489,S01,2025-05-19 09:31,50.96,2,in_store,
T007762,S05,2025-05-07 17:17,18.64,1,in_store,
T005687,S04,2025-04-23 11:57,14.1,1,in_store,
T002085,S02,2025-04-09 11:27,24.09,2,online,
T006428,S04,2025-05-16 16:15,82.32,4,in_store,
T000823,S01,2025-05-01 19:38,15.7,1,in_store,
T002751,S02,2025-05-02 16:08,96.02,6,in_store,
T006475,S04,2025-05-17 17:52,38.81,2,in_store,
T006142,S04,2025-05-08 20:02,54.03,2,in_store,
T000202,S01,2025-04-12 19:49,32.3,3,in_store,
T002079,S02,2025-04-09 09:31,66.17,3,in_store,
T003639,S02,2025-06-01 14:53,53.44,4,in_store,
T001561,S01,2025-05-20 15:49,33.35,3,in_store,
T002871,S02,2025-05-07 19:44,96.8,4,in_store,
T005000,S03,2025-05-28 16:13,64.42,3,in_store,
T003508,S02,2025-05-27 14:44,66.34,3,in_store,
T005572,S04,2025-04-20 12:44,3.0,2,online,
T006015,S04,2025-05-04 12:48,25.56,4,in_store,
T001613,S01,2025-05-22 16:36,12.62,1,in_store,
T006753,S04,2025-05-26 15:22,106.36,4,online,
T007944,S05,2025-05-14 15:54,36.96,3,in_store,
T003969,S03,2025-04-20 10:11,61.2,4,in_store,
T007919,S05,2025-05-13 11:31,57.28,3,in_store,
T002466,S02,2025-04-22 19:44,49.2,3,online,
T007409,S05,2025-04-24 11:05,113.21,5,in_store,
T005696,S04,2025-04-24 14:57,28.04,2,in_store,
T004635,S03,2025-05-13 19:27,30.39,4,in_store,
T000127,S01,2025-04-10 12:52,42.45,2,in_store,
T005485,S04,2025-04-17 16:25,84.94,4,in_store,
T001887,S01,2025-05-29 17:16,79.78,5,in_store,
T000423,S01,2025-04-18 13:50,33.79,4,online,
T008300,S05,2025-05-28 20:45,34.44,2,in_store,
T005887,S04,2025-04-29 15:04,13.95,1,online,
T007040,S05,2025-04-10 12:03,64.21,3,in_store,
T008139,S05,2025-05-22 17:04,81.54,4,online,
T008416,S05,2025-06-01 20:28,36.92,2,online,
T007750,S05,2025-05-07 16:19,21.98,2,in_store,
T001325,S01,2025-05-15 09:30,92.02,4,in_store,
T005149,S04,2025-04-08 18:34,74.81,3,in_store,
T000820,S01,2025-05-01 17:16,25.36,2,online,
T000613,S01,2025-04-24 17:04,97.79,7,online,
T008414,S05,2025-06-01 18:25,50.82,3,in_store,
T001450,S01,2025-05-18 11:18,62.54,4,online,
T006478,S04,2025-05-17 19:30,36.92,2,in_store,
T002676,S02,2025-04-29 20:03,39.16,3,in_store,
T002579,S02,2025-04-26 18:17,126.18,5,in_store,
T006080,S04,2025-05-05 11:34,37.63,4,in_store,
T007301,S05,2025-04-20 16:51,63.0,3,online,
T004470,S03,2025-05-10 19:09,15.91,2,in_store,
T004029,S03,2025-04-23 14:37,20.74,1,online,
T002893,S02,2025-05-08 13:25,49.72,3,in_store,
T003610,S02,2025-05-31 15:12,23.5,3,online,
T002570,S02,2025-04-26 19:23,21.96,1,in_store,
T004323,S03,2025-05-05 18:27,59.51,3,in_store,
T006164,S04,2025-05-08 11:45,96.34,3,online,
T002247,S02,2025-04-14 17:39,37.77,2,in_store,
T005108,S03,2025-06-01 15:20,125.96,6,online,
T003574,S02,2025-05-30 19:47,71.25,3,in_store,
T008094,S05,2025-05-21 14:25,84.61,3,online,
T005345,S04,2025-04-13 10:48,17.71,1,in_store,
T003533,S02,2025-05-28 12:33,37.45,2,online,
T002163,S02,2025-04-12 12:05,87.92,4,in_store,
T001338,S01,2025-05-15 13:36,39.52,2,online,
T001029,S01,2025-05-06 14:52,26.67,2,in_store,
T003691,S03,2025-04-08 10:25,41.92,4,online,
T003047,S02,2025-05-12 19:29,84.16,4,in_store,
T005596,S04,2025-04-20 16:50,24.95,1,in_store,
T003598,S02,2025-05-31 15:40,41.79,4,online,
T007853,S05,2025-05-11 11:44,24.54,1,in_store,
T007026,S05,2025-04-10 17:16,53.46,3,online,
T004281,S03,2025-05-04 13:43,39.2,2,in_store,
T002776,S02,2025-05-03 11:52,121.66,7,in_store,
T002651,S02,2025-04-28 14:20,32.34,2,in_store,
T007593,S05,2025-05-01 13:08,44.86,2,in_store,
T003486,S02,2025-05-27 19:38,14.43,2,in_store,
T000230,S01,2025-04-13 17:57,127.18,4,online,
T006350,S04,2025-05-13 17:43,38.78,2,in_store,
T000690,S01,2025-04-26 09:29,28.65,2,online,
T001272,S01,2025-05-13 14:08,65.31,3,online,
T001781,S01,2025-05-26 20:37,45.41,3,online,
T003554,S02,2025-05-29 16:54,16.75,1,in_store,
T003159,S02,2025-05-17 20:03,20.64,1,in_store,
T003831,S03,2025-04-15 16:27,87.41,4,in_store,
T004922,S03,2025-05-25 18:27,78.11,3,in_store,
T001970,S01,2025-05-31 13:54,23.8,1,in_store,
T007440,S05,2025-04-25 11:29,15.25,4,in_store,
T004742,S03,2025-05-17 19:58,86.36,4,in_store,
T003593,S02,2025-05-31 14:21,19.56,1,in_store,
T004881,S03,2025-05-23 13:25,28.41,2,in_store,
T006437,S04,2025-05-16 11:47,52.75,3,online,
T004925,S03,2025-05-25 15:45,57.22,3,in_store,
T006170,S04,2025-05-09 15:55,102.19,3,in_store,
T003611,S02,2025-05-31 18:54,24.68,2,in_store,
T003630,S02,2025-06-01 16:58,28.41,2,in_store,
T004500,S03,2025-05-10 14:36,51.71,3,in_store,SPRING25
T008217,S05,2025-05-25 17:17,57.86,4,in_store,
T004058,S03,2025-04-24 12:40,75.28,5,online,
T001504,S01,2025-05-19 17:01,79.32,4,in_store,
T004989,S03,2025-05-28 12:31,9.52,1,in_store,
T008023,S05,2025-05-18 16:17,31.37,2,online,
T004249,S03,2025-05-02 15:31,44.67,2,in_store,
T004912,S03,2025-05-24 15:25,47.85,4,in_store,
T008081,S05,2025-05-20 18:38,49.1,2,in_store,
T002946,S02,2025-05-09 12:43,19.06,2,in_store,
T000893,S01,2025-05-03 09:16,75.98,4,in_store,
T006271,S04,2025-05-11 09:04,106.84,4,online,
T005190,S04,2025-04-09 18:30,19.81,2,in_store,
T006514,S04,2025-05-19 10:04,106.86,4,in_store,
T003314,S02,2025-05-22 16:00,56.28,2,in_store,
T000735,S01,2025-04-27 18:15,39.74,2,in_store,
T006703,S04,2025-05-25 16:42,100.25,7,in_store,
T000517,S01,2025-04-21 10:48,73.87,4,in_store,
T005023,S03,2025-05-29 12:04,14.75,1,online,
T001558,S01,2025-05-20 14:47,62.25,5,in_store,
T004939,S03,2025-05-25 10:30,27.14,2,in_store,
T002415,S02,2025-04-20 18:54,52.26,3,in_store,
T005629,S04,2025-04-21 15:47,68.83,4,online,
T006969,S05,2025-04-07 15:56,27.71,2,in_store,
T003333,S02,2025-05-23 13:22,37.27,2,in_store,
T008028,S05,2025-05-18 18:01,28.53,2,in_store,
T006328,S04,2025-05-13 18:59,67.39,2,in_store,
T001033,S01,2025-05-06 15:30,87.45,4,in_store,
T002065,S02,2025-04-08 13:01,157.07,6,in_store,
T007364,S05,2025-04-22 16:16,38.42,2,online,
T002868,S02,2025-05-07 18:26,46.3,2,online,
T003224,S02,2025-05-18 12:53,55.4,3,in_store,
T002257,S02,2025-04-15 19:44,29.09,2,in_store,
T007168,S05,2025-04-16 18:46,39.04,3,in_store,
T004803,S03,2025-05-20 19:16,28.81,2,in_store,
T000721,S01,2025-04-27 10:49,173.08,6,in_store,
T005471,S04,2025-04-17 11:33,46.69,2,online,
T003139,S02,2025-05-16 13:10,74.58,3,in_store,
T007220,S05,2025-04-18 17:37,108.02,5,in_store,
T006559,S04,2025-05-20 10:39,62.95,3,in_store,
T004012,S03,2025-04-22 15:42,71.66,3,online,
T007937,S05,2025-05-14 09:40,54.56,2,online,
T005631,S04,2025-04-22 18:10,113.91,5,in_store,
T007804,S05,2025-05-09 12:52,50.97,3,in_store,
T006407,S04,2025-05-16 17:31,43.62,3,in_store,
T002107,S02,2025-04-10 10:48,79.9,5,in_store,
T002336,S02,2025-04-18 17:14,12.7,1,online,
T000826,S01,2025-05-01 15:22,22.0,3,in_store,
T004318,S03,2025-05-05 15:37,44.1,3,in_store,
T005997,S04,2025-05-03 10:13,30.91,1,online,
T008063,S05,2025-05-19 15:22,67.96,2,in_store,
T007087,S05,2025-04-12 10:29,152.83,5,in_store,
T001154,S01,2025-05-10 12:07,41.25,3,in_store,
T004026,S03,2025-04-23 10:39,68.85,3,online,
T000868,S01,2025-05-02 09:00,66.41,3,online,
T006648,S04,2025-05-23 19:07,33.36,2,in_store,
T002121,S02,2025-04-11 18:08,48.85,4,in_store,
T000913,S01,2025-05-03 11:30,22.88,1,in_store,
T002363,S02,2025-04-19 18:53,105.16,6,online,
T000750,S01,2025-04-28 14:29,36.45,3,online,
T008402,S05,2025-06-01 17:14,81.26,3,in_store,
T004293,S03,2025-05-04 10:56,66.62,4,in_store,
T007315,S05,2025-04-20 15:16,47.63,2,in_store,
T001623,S01,2025-05-22 16:51,71.62,2,online,
T001127,S01,2025-05-09 20:18,72.85,4,online,
T005836,S04,2025-04-28 14:34,51.95,3,in_store,
T005231,S04,2025-04-10 18:04,20.53,2,in_store,
T003833,S03,2025-04-15 15:23,33.9,2,in_store,
T000442,S01,2025-04-19 15:15,62.43,3,in_store,
T002815,S02,2025-05-05 15:49,41.4,2,in_store,
T002479,S02,2025-04-22 18:12,8.98,1,in_store,
T006896,S04,2025-05-31 10:19,43.27,3,in_store,
T002276,S02,2025-04-15 18:50,14.03,2,in_store,
T000903,S01,2025-05-03 10:24,25.08,1,online,
T000491,S01,2025-04-20 16:45,24.17,2,online,
T005479,S04,2025-04-17 13:13,132.26,5,in_store,
T007994,S05,2025-05-16 19:48,13.24,1,online,
T004163,S03,2025-04-28 15:59,22.73,1,in_store,
T001510,S01,2025-05-19 19:26,41.41,2,in_store,
T004488,S03,2025-05-10 18:57,100.25,6,in_store,SPRING25
T006098,S04,2025-05-06 20:30,82.26,3,in_store,
T005824,S04,2025-04-27 09:46,95.15,4,online,
T005460,S04,2025-04-17 11:34,36.32,2,in_store,
T005333,S04,2025-04-13 15:57,61.84,3,in_store,
T005949,S04,2025-05-02 09:09,36.3,4,in_store,
T006645,S04,2025-05-23 15:10,33.59,2,in_store,
T000398,S01,2025-04-18 09:56,28.74,2,in_store,
T007266,S05,2025-04-19 15:59,19.44,1,in_store,
T001640,S01,2025-05-23 12:20,21.28,1,in_store,
T007453,S05,2025-04-26 13:04,104.82,4,in_store,
T000617,S01,2025-04-24 09:03,59.66,2,online,
T002353,S02,2025-04-18 19:40,41.24,3,online,
T001039,S01,2025-05-07 16:41,72.99,3,in_store,
T003804,S03,2025-04-13 10:45,85.56,3,in_store,
T003993,S03,2025-04-21 16:38,78.02,4,online,
T004126,S03,2025-04-27 11:01,56.78,2,in_store,
T004409,S03,2025-05-08 15:00,61.79,3,online,
T001689,S01,2025-05-24 16:49,27.22,2,in_store,
T002615,S02,2025-04-27 17:19,100.75,4,in_store,
T005180,S04,2025-04-08 11:38,66.42,5,in_store,
T007323,S05,2025-04-20 12:33,37.98,3,online,
T000204,S01,2025-04-12 10:08,37.57,2,online,
T008171,S05,2025-05-24 16:17,19.73,1,online,
T000716,S01,2025-04-27 10:44,40.44,2,online,
T001690,S01,2025-05-24 18:16,65.0,3,in_store,
T003382,S02,2025-05-24 19:55,40.22,2,online,
T003311,S02,2025-05-22 20:39,28.39,1,online,
T005592,S04,2025-04-20 20:10,23.42,1,online,
T002521,S02,2025-04-24 11:43,23.11,1,in_store,
T008138,S05,2025-05-22 09:45,39.52,2,online,
T006397,S04,2025-05-15 13:12,17.53,1,in_store,
T007926,S05,2025-05-13 19:08,21.23,2,online,
T002413,S02,2025-04-20 20:34,18.33,1,in_store,
T006930,S04,2025-06-01 17:30,17.13,1,in_store,
T004389,S03,2025-05-08 20:07,76.73,3,online,
T007028,S05,2025-04-10 16:51,19.14,1,in_store,
T001646,S01,2025-05-23 17:12,142.77,7,in_store,
T002120,S02,2025-04-11 14:45,40.26,3,in_store,
T007759,S05,2025-05-07 09:37,94.93,5,in_store,
T007444,S05,2025-04-26 09:28,32.25,2,online,
T000891,S01,2025-05-03 09:18,12.27,2,in_store,
T001424,S01,2025-05-17 18:58,57.44,5,in_store,
T004064,S03,2025-04-24 11:40,43.14,2,online,
T003017,S02,2025-05-11 09:30,84.67,4,in_store,
T007564,S05,2025-04-30 19:54,15.81,2,in_store,
T001537,S01,2025-05-20 19:35,46.32,3,in_store,
T008271,S05,2025-05-27 11:41,27.01,2,in_store,
T004505,S03,2025-05-10 18:37,53.4,4,online,SPRING25
T000501,S01,2025-04-20 15:21,45.44,2,in_store,
T002152,S02,2025-04-12 15:22,18.48,1,in_store,
T003082,S02,2025-05-13 11:23,39.09,3,online,
T005062,S03,2025-05-30 16:12,60.85,5,in_store,
T003498,S02,2025-05-27 12:14,80.23,4,in_store,
T002364,S02,2025-04-19 10:46,44.58,4,online,
T008209,S05,2025-05-25 15:49,105.14,4,online,
T000014,S01,2025-04-07 18:00,25.66,2,in_store,
T007521,S05,2025-04-28 14:19,87.47,4,in_store,
T006997,S05,2025-04-08 15:18,121.38,5,in_store,
T008276,S05,2025-05-27 19:50,75.18,4,in_store,
T006951,S04,2025-06-01 10:15,82.19,5,in_store,
T001522,S01,2025-05-19 14:18,38.74,4,in_store,
T002749,S02,2025-05-02 18:42,62.02,3,in_store,
T005818,S04,2025-04-27 15:29,27.2,2,in_store,
T006305,S04,2025-05-12 14:14,63.14,3,in_store,
T002950,S02,2025-05-09 11:30,32.68,3,in_store,
T004122,S03,2025-04-27 15:02,34.44,2,in_store,
T005643,S04,2025-04-22 17:17,48.3,3,online,
T002342,S02,2025-04-18 16:44,47.56,2,online,
T001343,S01,2025-05-15 10:37,105.08,4,online,
T007147,S05,2025-04-14 20:00,18.13,1,online,
T007889,S05,2025-05-12 18:44,46.34,4,in_store,
T003585,S02,2025-05-30 20:41,67.6,4,in_store,
T005033,S03,2025-05-29 18:09,110.02,5,in_store,
T003786,S03,2025-04-13 18:15,16.33,2,in_store,
T008017,S05,2025-05-17 10:13,16.08,1,online,
T000929,S01,2025-05-03 16:41,140.48,7,in_store,
T002451,S02,2025-04-21 16:22,15.14,1,in_store,
T007454,S05,2025-04-26 15:00,133.81,4,online,
T000999,S01,2025-05-05 13:22,57.08,4,in_store,
T002773,S02,2025-05-03 11:48,107.41,6,in_store,
T002368,S02,2025-04-19 12:56,15.69,2,in_store,
T006856,S04,2025-05-29 15:01,38.47,3,in_store,
T005780,S04,2025-04-26 12:43,45.73,3,in_store,
T000191,S01,2025-04-12 09:29,27.47,1,online,
T007935,S05,2025-05-14 18:29,28.23,1,online,
T004548,S03,2025-05-11 20:24,86.78,7,in_store,SPRING25
T006743,S04,2025-05-26 16:50,149.38,6,in_store,
T006048,S04,2025-05-04 09:13,79.15,3,online,
T001559,S01,2025-05-20 10:53,78.79,5,in_store,
T001396,S01,2025-05-17 14:23,19.25,2,in_store,
T002675,S02,2025-04-29 10:57,14.03,1,in_store,
T001453,S01,2025-05-18 16:51,62.86,4,in_store,
T004173,S03,2025-04-29 19:34,110.19,4,in_store,
T002471,S02,2025-04-22 15:18,51.91,2,in_store,
T004237,S03,2025-05-02 19:57,42.46,2,in_store,
T003338,S02,2025-05-23 15:10,102.34,5,in_store,
T002965,S02,2025-05-10 20:42,29.14,2,in_store,
T005766,S04,2025-04-26 12:41,70.63,4,in_store,
T003084,S02,2025-05-13 11:20,19.57,1,online,
T005127,S04,2025-04-07 18:49,95.2,5,online,
T004894,S03,2025-05-24 10:43,53.45,3,online,
T005821,S04,2025-04-27 13:14,21.15,1,in_store,
T002903,S02,2025-05-08 11:12,50.65,3,online,
T006986,S05,2025-04-08 16:38,20.85,1,in_store,
T002734,S02,2025-05-02 12:14,105.14,6,in_store,
T003667,S03,2025-04-07 20:32,34.11,2,online,
T000051,S01,2025-04-08 11:41,13.35,1,online,
T005683,S04,2025-04-23 16:16,109.16,4,online,
T003126,S02,2025-05-15 12:54,16.22,2,in_store,
T006304,S04,2025-05-12 11:44,102.72,5,in_store,
T000245,S01,2025-04-13 12:30,37.97,2,in_store,
T002564,S02,2025-04-25 09:47,45.44,3,online,
T001666,S01,2025-05-23 15:28,15.94,2,in_store,
T008069,S05,2025-05-19 15:39,55.44,3,online,
T006618,S04,2025-05-22 10:32,59.2,4,in_store,
T004994,S03,2025-05-28 10:11,36.67,2,in_store,
T007850,S05,2025-05-10 17:42,8.02,1,in_store,
T001133,S01,2025-05-10 17:12,7.69,1,online,
T000775,S01,2025-04-29 12:28,14.21,1,online,
T003655,S03,2025-04-07 19:30,15.43,1,in_store,
T005533,S04,2025-04-19 19:29,117.33,4,online,
T007732,S05,2025-05-06 10:31,59.92,3,in_store,
T000297,S01,2025-04-15 19:24,6.65,1,in_store,
T007878,S05,2025-05-11 11:31,72.06,3,online,
T002033,S02,2025-04-07 17:17,53.0,3,online,
T001599,S01,2025-05-22 13:52,42.92,3,in_store,
T004138,S03,2025-04-28 10:14,32.87,1,in_store,
T006449,S04,2025-05-17 11:27,19.86,2,online,
T002566,S02,2025-04-25 18:32,59.98,3,in_store,
T005594,S04,2025-04-20 10:40,40.74,3,online,
T004728,S03,2025-05-17 19:15,41.66,3,in_store,
T000341,S01,2025-04-16 10:08,28.73,2,online,
T000147,S01,2025-04-11 09:57,6.35,1,online,
T001057,S01,2025-05-07 09:46,20.88,2,in_store,
T006417,S04,2025-05-16 13:33,55.73,3,in_store,
T007108,S05,2025-04-13 16:23,14.25,1,online,
T002602,S02,2025-04-26 14:51,9.01,1,in_store,
T004495,S03,2025-05-10 14:00,48.64,5,in_store,SPRING25
T002008,S01,2025-06-01 10:56,27.01,2,in_store,
T005199,S04,2025-04-09 14:06,27.32,1,online,
T002831,S02,2025-05-05 17:54,48.22,4,in_store,
T008275,S05,2025-05-27 12:25,63.74,3,in_store,
T002880,S02,2025-05-07 18:00,24.29,2,online,
T008286,S05,2025-05-27 09:35,13.94,1,online,
T003869,S03,2025-04-16 17:32,26.88,3,in_store,
T000207,S01,2025-04-12 20:20,41.37,2,in_store,
T001230,S01,2025-05-12 19:41,57.49,3,in_store,
T004996,S03,2025-05-28 18:02,55.64,3,in_store,
T005467,S04,2025-04-17 16:08,17.22,1,in_store,
T001153,S01,2025-05-10 20:06,73.16,4,in_store,
T003361,S02,2025-05-24 15:26,56.72,4,in_store,
T007897,S05,2025-05-12 18:38,45.11,3,online,
T003438,S02,2025-05-25 15:56,84.93,3,online,
T005492,S04,2025-04-18 10:05,72.87,3,in_store,
T005584,S04,2025-04-20 12:24,22.32,2,online,
T001838,S01,2025-05-28 19:00,55.21,5,in_store,
T002535,S02,2025-04-24 09:31,30.99,2,in_store,
T000912,S01,2025-05-03 15:43,49.19,3,in_store,
T000439,S01,2025-04-19 16:53,19.28,1,online,
T003134,S02,2025-05-15 18:24,79.86,3,in_store,
T002139,S02,2025-04-11 10:48,56.05,4,in_store,
T005228,S04,2025-04-10 10:18,15.0,1,online,
T006464,S04,2025-05-17 12:40,21.24,1,online,
T002178,S02,2025-04-12 09:40,65.49,3,online,
T001143,S01,2025-05-10 13:22,42.27,3,in_store,
T006337,S04,2025-05-13 20:51,43.54,3,online,
T005708,S04,2025-04-24 15:51,72.01,4,online,
T008320,S05,2025-05-29 11:33,14.23,1,online,
T002940,S02,2025-05-09 16:16,97.32,5,in_store,
T004216,S03,2025-05-01 19:36,51.87,4,in_store,
T001828,S01,2025-05-27 18:47,39.43,3,in_store,
T000379,S01,2025-04-17 11:10,125.49,4,in_store,
T004369,S03,2025-05-07 11:16,89.47,5,in_store,
T005764,S04,2025-04-26 16:49,20.42,2,online,
T005416,S04,2025-04-15 15:48,17.1,1,in_store,
T003106,S02,2025-05-14 17:31,48.15,3,in_store,
T007594,S05,2025-05-01 13:16,77.95,3,in_store,
T006778,S04,2025-05-27 20:07,37.76,3,online,
T000497,S01,2025-04-20 13:46,24.8,5,online,
T006987,S05,2025-04-08 19:51,101.8,3,in_store,
T001106,S01,2025-05-09 17:09,50.82,4,in_store,
T005193,S04,2025-04-09 13:11,68.31,3,online,
T004882,S03,2025-05-23 12:40,76.56,3,online,
T004158,S03,2025-04-28 19:00,65.31,4,online,
T004733,S03,2025-05-17 12:54,50.06,7,in_store,
T007802,S05,2025-05-09 13:54,67.89,4,in_store,
T005917,S04,2025-04-30 17:57,78.0,4,in_store,
T005406,S04,2025-04-15 09:49,150.67,6,online,
T007580,S05,2025-05-01 11:53,33.6,3,in_store,
T008267,S05,2025-05-27 10:05,46.58,2,in_store,
T003829,S03,2025-04-14 11:49,43.67,3,in_store,
T000540,S01,2025-04-22 14:27,36.17,2,in_store,
T006608,S04,2025-05-22 11:50,70.02,4,online,
T006963,S05,2025-04-07 19:32,22.92,2,in_store,
T000529,S01,2025-04-21 18:27,58.69,3,online,
T000495,S01,2025-04-20 17:49,44.79,3,in_store,
T001829,S01,2025-05-27 10:22,30.97,3,in_store,
T004678,S03,2025-05-15 16:28,25.97,3,in_store,
T002670,S02,2025-04-29 17:47,61.72,5,online,
T002584,S02,2025-04-26 10:36,26.44,2,in_store,
T002918,S02,2025-05-08 16:42,31.07,2,online,
T007925,S05,2025-05-13 15:30,50.49,2,online,
T008052,S05,2025-05-19 14:40,60.46,3,online,
T000434,S01,2025-04-18 20:56,50.73,3,in_store,
T002661,S02,2025-04-29 14:28,22.72,1,online,
T001942,S01,2025-05-31 20:07,44.02,2,in_store,
T000295,S01,2025-04-15 18:37,52.12,2,online,
T000399,S01,2025-04-18 19:25,30.6,2,online,
T006031,S04,2025-05-04 09:36,60.94,4,in_store,
T003514,S02,2025-05-28 18:08,55.87,4,in_store,
T003200,S02,2025-05-18 14:05,56.45,3,in_store,
T004838,S03,2025-05-21 20:23,41.99,3,in_store,
T006782,S04,2025-05-27 20:36,100.51,2,in_store,
T000158,S01,2025-04-11 13:58,62.74,3,online,
T000646,S01,2025-04-25 12:25,27.23,2,online,
T005307,S04,2025-04-12 19:31,18.82,1,in_store,
T004007,S03,2025-04-22 19:50,24.28,2,online,
T007262,S05,2025-04-19 17:06,55.15,2,online,
T005828,S04,2025-04-28 20:41,23.34,1,in_store,
T002498,S02,2025-04-23 17:07,17.02,1,online,
T005021,S03,2025-05-29 19:10,125.84,6,in_store,
T008198,S05,2025-05-24 16:00,51.87,3,in_store,
T006206,S04,2025-05-10 11:03,28.05,2,in_store,
T007635,S05,2025-05-03 14:35,77.26,4,in_store,
T002054,S02,2025-04-08 17:22,41.3,3,online,
T001921,S01,2025-05-30 16:54,27.13,2,in_store,
T004518,S03,2025-05-11 12:03,102.82,6,in_store,
T002652,S02,2025-04-28 10:00,53.82,5,online,
T007341,S05,2025-04-21 16:30,40.3,4,in_store,
T004974,S03,2025-05-27 18:18,32.62,2,online,
T003678,S03,2025-04-07 12:56,47.77,2,in_store,
T000742,S01,2025-04-28 19:57,24.72,2,online,
T001007,S01,2025-05-06 13:54,97.42,3,in_store,
T001136,S01,2025-05-10 16:04,99.6,4,in_store,
T004494,S03,2025-05-10 13:22,137.56,6,online,SPRING25
T007995,S05,2025-05-16 18:13,69.79,4,in_store,
T004015,S03,2025-04-22 20:12,38.61,2,in_store,
T005165,S04,2025-04-08 10:11,6.53,1,online,
T005599,S04,2025-04-20 16:28,51.57,2,in_store,
T007068,S05,2025-04-11 18:20,44.41,3,online,
T004829,S03,2025-05-21 15:06,64.38,5,online,
T004460,S03,2025-05-10 20:30,80.28,4,in_store,SPRING25
T007013,S05,2025-04-09 14:40,26.27,2,online,
T005451,S04,2025-04-16 12:18,56.65,3,in_store,
T004341,S03,2025-05-06 20:25,125.01,6,online,
T004808,S03,2025-05-20 18:05,46.32,3,in_store,
T005417,S04,2025-04-15 19:53,94.18,5,online,
T007186,S05,2025-04-16 19:32,44.73,3,in_store,
T001579,S01,2025-05-21 14:10,25.59,2,in_store,
T003064,S02,2025-05-13 11:20,15.58,1,in_store,
T000966,S01,2025-05-05 12:26,26.07,2,online,
T008136,S05,2025-05-22 16:47,46.27,3,in_store,
T008232,S05,2025-05-26 18:40,110.13,6,in_store,
T001079,S01,2025-05-08 13:25,34.58,2,in_store,
T004351,S03,2025-05-06 09:45,35.75,2,online,
T006143,S04,2025-05-08 19:19,33.83,2,in_store,
T004647,S03,2025-05-14 16:35,24.87,1,online,
T004629,S03,2025-05-12 12:22,45.17,3,online,
T000334,S01,2025-04-16 13:39,55.62,3,in_store,
T006356,S04,2025-05-14 12:01,32.31,2,in_store,
T007362,S05,2025-04-22 17:34,46.81,2,in_store,
T005449,S04,2025-04-16 09:37,45.28,3,in_store,
T005361,S04,2025-04-14 11:57,20.18,2,in_store,
T007697,S05,2025-05-05 20:04,41.81,2,in_store,
T003368,S02,2025-05-24 14:09,81.4,4,in_store,
T000923,S01,2025-05-03 12:18,68.73,3,in_store,
T004956,S03,2025-05-26 12:12,49.69,3,in_store,
T000403,S01,2025-04-18 13:01,54.73,5,in_store,
T005902,S04,2025-04-30 15:18,74.14,5,in_store,
T001252,S01,2025-05-13 11:58,30.72,2,in_store,
T004790,S03,2025-05-19 16:36,42.9,2,in_store,
T006254,S04,2025-05-11 18:47,105.19,4,in_store,
T003379,S02,2025-05-24 12:16,50.74,3,online,
T004975,S03,2025-05-27 18:38,52.53,3,in_store,
T000408,S01,2025-04-18 09:01,75.31,3,online,
T001297,S01,2025-05-14 12:26,66.39,6,in_store,
T000581,S01,2025-04-23 09:15,62.21,3,online,
T001260,S01,2025-05-13 19:21,28.63,2,in_store,
T002365,S02,2025-04-19 12:13,111.37,7,online,
T001103,S01,2025-05-08 13:59,89.3,3,in_store,
T001908,S01,2025-05-30 11:07,84.69,3,in_store,
T003380,S02,2025-05-24 12:35,41.97,2,in_store,
T003881,S03,2025-04-16 09:15,74.95,4,in_store,
T001017,S01,2025-05-06 09:41,65.64,4,in_store,
T005830,S04,2025-04-28 15:30,24.76,1,in_store,
T000616,S01,2025-04-24 11:20,37.17,2,online,
T000314,S01,2025-04-15 18:45,63.18,4,online,
T002302,S02,2025-04-16 11:09,154.81,5,online,
T000680,S01,2025-04-26 17:53,16.64,1,in_store,
T005214,S04,2025-04-09 09:56,44.59,3,online,
T004632,S03,2025-05-13 13:35,75.04,3,online,
T003196,S02,2025-05-18 13:29,69.24,4,online,
T001622,S01,2025-05-22 13:36,98.25,5,in_store,
T000860,S01,2025-05-01 20:30,38.19,3,in_store,
T005441,S04,2025-04-16 11:17,18.43,2,in_store,
T002023,S01,2025-06-01 20:58,19.32,1,in_store,
T002078,S02,2025-04-09 11:00,71.51,3,in_store,
T006962,S05,2025-04-07 19:40,74.77,3,in_store,
T008297,S05,2025-05-28 11:37,79.42,3,in_store,
T007602,S05,2025-05-02 17:52,16.53,1,in_store,
T006427,S04,2025-05-16 16:47,36.82,2,online,
T005689,S04,2025-04-23 20:52,71.56,5,in_store,
T001514,S01,2025-05-19 13:01,56.69,2,in_store,
T008120,S05,2025-05-22 19:35,52.98,2,in_store,
T003571,S02,2025-05-30 11:01,45.96,3,online,
T001172,S01,2025-05-10 10:26,23.67,1,online,
T005465,S04,2025-04-17 19:51,31.84,3,online,
T006485,S04,2025-05-18 14:36,51.15,3,in_store,
T001164,S01,2025-05-10 17:36,12.82,1,in_store,
T003336,S02,2025-05-23 13:01,64.74,3,in_store,
T005163,S04,2025-04-08 20:24,52.71,3,in_store,
T003501,S02,2025-05-27 13:32,49.19,4,in_store,
T004238,S03,2025-05-02 10:10,40.7,2,in_store,
T004693,S03,2025-05-16 19:02,32.57,2,in_store,
T003214,S02,2025-05-18 18:48,59.2,4,in_store,
T005965,S04,2025-05-02 17:41,9.05,1,online,
T007860,S05,2025-05-11 09:40,63.06,3,online,
T001284,S01,2025-05-14 15:54,31.63,2,online,
T001498,S01,2025-05-19 15:54,59.95,3,in_store,
T007178,S05,2025-04-16 19:37,41.51,2,in_store,
T005640,S04,2025-04-22 17:16,14.18,1,in_store,
T000532,S01,2025-04-21 19:02,26.42,3,in_store,
T004498,S03,2025-05-10 10:53,34.92,2,in_store,SPRING25
T005405,S04,2025-04-15 15:36,35.96,2,online,
T002321,S02,2025-04-17 18:53,58.08,2,in_store,
T006935,S04,2025-06-01 10:41,34.18,2,in_store,
T002872,S02,2025-05-07 19:38,43.02,2,in_store,
T002820,S02,2025-05-05 09:46,76.44,5,online,
T002684,S02,2025-04-30 09:54,41.55,2,in_store,
T007475,S05,2025-04-27 15:56,51.14,5,in_store,
T001848,S01,2025-05-28 13:04,64.23,4,in_store,
T004089,S03,2025-04-26 19:20,225.61,8,in_store,
T000637,S01,2025-04-25 16:56,100.14,7,online,
T002730,S02,2025-05-02 17:47,90.87,4,in_store,
T007744,S05,2025-05-07 11:03,25.89,2,in_store,
T001859,S01,2025-05-28 15:00,30.47,2,online,
T007980,S05,2025-05-16 12:25,29.34,2,online,
T008156,S05,2025-05-23 09:28,55.37,4,in_store,
T001411,S01,2025-05-17 14:14,65.63,3,online,
T005497,S04,2025-04-18 15:37,27.32,2,in_store,
T003354,S02,2025-05-23 20:14,19.54,3,in_store,
T002612,S02,2025-04-27 15:45,70.64,4,in_store,
T004335,S03,2025-05-06 19:49,19.01,2,online,
T004221,S03,2025-05-01 19:00,53.33,3,online,
T008068,S05,2025-05-19 14:24,50.45,3,online,
T007886,S05,2025-05-12 16:06,49.11,4,online,
T005459,S04,2025-04-17 19:25,68.57,5,in_store,
T003067,S02,2025-05-13 11:06,35.23,2,online,
T001055,S01,2025-05-07 10:50,76.71,4,in_store,
T001314,S01,2025-05-14 14:42,10.16,1,online,
T002991,S02,2025-05-10 15:52,95.18,6,in_store,
T004908,S03,2025-05-24 19:25,53.87,2,online,
T002401,S02,2025-04-20 20:15,104.73,5,in_store,
T005338,S04,2025-04-13 17:03,88.35,5,online,
T002822,S02,2025-05-05 16:20,57.17,3,in_store,
T004009,S03,2025-04-22 12:59,22.62,1,in_store,
T001072,S01,2025-05-07 12:00,42.21,5,in_store,
T007081,S05,2025-04-12 17:36,48.68,2,in_store,
T004103,S03,2025-04-26 11:36,43.56,5,in_store,
T008197,S05,2025-05-24 14:04,37.4,3,in_store,
T004617,S03,2025-05-12 09:05,22.91,1,in_store,
T000057,S01,2025-04-08 17:06,32.71,2,in_store,
T006158,S04,2025-05-08 12:19,22.57,2,in_store,
T003353,S02,2025-05-23 20:24,27.11,3,online,
T002264,S02,2025-04-15 15:24,71.95,6,in_store,
T001925,S01,2025-05-30 15:54,44.91,2,in_store,
T006413,S04,2025-05-16 16:50,29.79,2,online,
T006439,S04,2025-05-17 09:51,7.96,2,in_store,
T005732,S04,2025-04-25 09:12,75.64,5,in_store,
T004322,S03,2025-05-05 18:03,16.48,1,in_store,
T006423,S04,2025-05-16 14:27,61.96,4,in_store,
T008341,S05,2025-05-29 10:01,64.4,3,in_store,
T003794,S03,2025-04-13 14:08,19.13,2,in_store,
T007279,S05,2025-04-19 09:01,71.5,3,in_store,
T002971,S02,2025-05-10 13:56,33.39,2,online,
T006900,S04,2025-05-31 15:10,64.08,3,online,
T004686,S03,2025-05-15 09:37,17.29,2,in_store,
T007095,S05,2025-04-12 09:59,52.49,4,in_store,
T005063,S03,2025-05-30 11:10,64.57,4,in_store,
T001186,S01,2025-05-11 13:49,93.19,5,in_store,
T005224,S04,2025-04-10 12:07,41.19,2,online,
T007901,S05,2025-05-12 16:38,14.79,2,online,
T004046,S03,2025-04-23 15:44,43.44,2,in_store,
T007634,S05,2025-05-03 17:17,83.68,5,in_store,
T003375,S02,2025-05-24 14:19,77.53,5,online,
T003391,S02,2025-05-24 09:05,33.44,3,in_store,
T005381,S04,2025-04-14 15:09,143.46,4,online,
T004534,S03,2025-05-11 09:05,167.99,6,online,
T000359,S01,2025-04-17 09:26,33.94,2,online,
T003293,S02,2025-05-21 18:48,105.8,4,online,
T006804,S04,2025-05-28 16:29,71.04,3,in_store,
T004538,S03,2025-05-11 15:12,86.6,5,online,
T003931,S03,2025-04-19 09:11,48.41,2,in_store,
T000673,S01,2025-04-26 14:27,3.0,2,online,
T003775,S03,2025-04-12 16:39,28.77,3,in_store,
T004776,S03,2025-05-18 18:57,37.74,2,in_store,
T005782,S04,2025-04-26 14:03,101.96,4,in_store,
T003885,S03,2025-04-17 13:52,20.83,2,online,
T001744,S01,2025-05-25 14:44,32.59,2,in_store,
T002185,S02,2025-04-13 12:34,17.01,2,online,
T000293,S01,2025-04-15 10:29,77.37,3,in_store,
T000086,S01,2025-04-09 14:44,19.57,2,online,
T007679,S05,2025-05-04 16:36,19.71,2,in_store,
T005055,S03,2025-05-30 20:39,139.68,5,online,
T000944,S01,2025-05-04 12:33,57.27,2,in_store,
T000131,S01,2025-04-10 14:53,69.14,4,online,
T004387,S03,2025-05-08 18:58,10.21,2,in_store,
T000156,S01,2025-04-11 19:17,20.39,1,online,
T001524,S01,2025-05-19 13:48,43.13,2,in_store,
T004001,S03,2025-04-21 16:06,49.04,5,in_store,
T007599,S05,2025-05-02 10:48,22.15,4,online,
T000218,S01,2025-04-13 09:50,87.85,5,online,
T000625,S01,2025-04-25 17:07,34.25,2,online,
T002967,S02,2025-05-10 09:43,80.79,3,in_store,
T005004,S03,2025-05-28 17:08,74.55,4,in_store,
T002096,S02,2025-04-10 19:33,19.91,2,online,
T002875,S02,2025-05-07 19:20,68.19,3,online,
T004502,S03,2025-05-10 15:50,42.23,2,in_store,SPRING25
T000261,S01,2025-04-14 13:56,38.01,2,in_store,
T006390,S04,2025-05-15 09:56,44.42,3,in_store,
T003725,S03,2025-04-10 11:50,74.17,3,in_store,
T004432,S03,2025-05-09 20:09,35.18,2,in_store,
T008411,S05,2025-06-01 13:48,45.7,4,in_store,
T003876,S03,2025-04-16 19:29,152.3,6,in_store,
T008075,S05,2025-05-20 16:31,98.23,4,online,
T007824,S05,2025-05-10 11:20,130.13,4,online,
T007816,S05,2025-05-09 16:51,55.83,4,in_store,
T002224,S02,2025-04-14 10:04,70.95,3,in_store,
T005251,S04,2025-04-11 18:51,102.15,4,in_store,
T005215,S04,2025-04-10 18:44,27.78,2,in_store,
T004609,S03,2025-05-12 16:05,53.37,3,online,
T000468,S01,2025-04-19 11:04,39.4,4,in_store,
T004674,S03,2025-05-15 20:09,21.17,2,in_store,
T000477,S01,2025-04-20 20:33,26.88,1,in_store,
T003666,S03,2025-04-07 19:24,126.0,6,in_store,
T005635,S04,2025-04-22 10:23,74.34,4,online,
T005807,S04,2025-04-27 18:42,49.52,3,in_store,
T003871,S03,2025-04-16 13:01,50.68,3,online,
T000500,S01,2025-04-20 17:10,31.91,2,in_store,
T005271,S04,2025-04-11 14:41,64.41,3,in_store,
T000499,S01,2025-04-20 13:24,20.75,1,in_store,
T001276,S01,2025-05-13 13:55,23.22,2,in_store,
T004183,S03,2025-04-29 14:49,20.08,1,in_store,
T007724,S05,2025-05-06 09:02,13.94,1,online,
T005380,S04,2025-04-14 20:41,40.36,2,in_store,
T003822,S03,2025-04-14 09:57,90.68,5,in_store,
T008407,S05,2025-06-01 12:04,31.22,2,in_store,
T002972,S02,2025-05-10 18:23,77.0,3,in_store,
T005318,S04,2025-04-12 10:58,66.38,2,in_store,
T004911,S03,2025-05-24 12:49,107.94,6,in_store,
T003157,S02,2025-05-16 15:16,92.47,5,in_store,
T002374,S02,2025-04-19 19:03,56.95,3,online,
T000697,S01,2025-04-27 12:38,49.01,2,online,
T003422,S02,2025-05-25 12:50,51.39,2,in_store,
T003530,S02,2025-05-28 19:07,96.41,4,online,
T005551,S04,2025-04-19 17:10,29.31,3,in_store,
T005840,S04,2025-04-28 13:15,67.0,3,in_store,
T005882,S04,2025-04-29 10:07,33.77,3,in_store,
T005272,S04,2025-04-11 17:45,32.32,1,in_store,
T000180,S01,2025-04-12 16:13,18.89,1,in_store,
T007784,S05,2025-05-08 10:28,38.83,2,in_store,
T003494,S02,2025-05-27 14:45,92.51,3,in_store,
T004563,S03,2025-05-11 13:40,141.38,6,in_store,
T001555,S01,2025-05-20 14:05,56.59,4,in_store,
T003324,S02,2025-05-22 18:56,59.83,3,online,
T007383,S05,2025-04-23 17:16,25.08,2,in_store,
T002990,S02,2025-05-10 12:10,13.63,1,in_store,
T001547,S01,2025-05-20 18:12,52.99,3,online,
T007261,S05,2025-04-19 17:54,17.57,1,online,
T006642,S04,2025-05-23 14:19,60.9,4,online,
T005315,S04,2025-04-12 09:54,7.96,1,online,
T002830,S02,2025-05-05 19:30,30.25,2,in_store,
T001503,S01,2025-05-19 19:48,74.25,4,in_store,
T001409,S01,2025-05-17 09:22,70.41,3,in_store,
T004359,S03,2025-05-07 19:22,30.24,3,online,
T004623,S03,2025-05-12 09:55,39.81,2,in_store,
T000848,S01,2025-05-01 18:18,59.1,4,online,
T005112,S03,2025-06-01 20:34,46.21,2,in_store,
T000317,S01,2025-04-15 09:15,44.93,3,online,
T000507,S01,2025-04-20 12:43,70.65,4,in_store,
T007297,S05,2025-04-20 12:02,77.08,4,in_store,
T005132,S04,2025-04-07 14:32,77.79,5,in_store,
T004663,S03,2025-05-14 17:23,79.5,4,in_store,
T005988,S04,2025-05-03 20:48,30.02,2,in_store,
T007813,S05,2025-05-09 10:23,32.5,2,in_store,
T008016,S05,2025-05-17 17:49,65.28,4,in_store,
T004701,S03,2025-05-16 17:30,64.6,3,online,
T004717,S03,2025-05-17 15:46,98.22,5,in_store,
T000292,S01,2025-04-15 14:50,37.49,2,in_store,
T005894,S04,2025-04-30 20:44,31.09,3,in_store,
T006154,S04,2025-05-08 18:39,76.86,3,online,
T003212,S02,2025-05-18 19:42,111.37,5,in_store,
T002791,S02,2025-05-03 19:42,40.26,3,in_store,
T002954,S02,2025-05-09 18:36,32.67,2,in_store,
T008065,S05,2025-05-19 19:55,44.46,2,in_store,
T000796,S01,2025-04-30 20:35,35.96,2,in_store,
T002097,S02,2025-04-10 14:18,51.32,4,in_store,
T006840,S04,2025-05-29 09:26,79.22,4,in_store,
T004951,S03,2025-05-26 11:59,46.98,3,in_store,
T003732,S03,2025-04-10 09:45,11.95,2,online,
T007243,S05,2025-04-18 20:54,30.9,2,in_store,
T004508,S03,2025-05-10 09:05,101.33,8,in_store,SPRING25
T000289,S01,2025-04-14 09:58,36.76,2,in_store,
T003436,S02,2025-05-25 12:16,11.48,1,online,
T008226,S05,2025-05-25 12:09,111.81,5,in_store,
T000854,S01,2025-05-01 11:51,32.3,5,online,
T008250,S05,2025-05-26 20:59,37.56,3,online,
T002230,S02,2025-04-14 20:48,49.4,4,in_store,
T003709,S03,2025-04-09 19:14,53.25,4,online,
T003573,S02,2025-05-30 19:37,37.86,2,in_store,
T000801,S01,2025-04-30 11:14,59.36,3,in_store,
T003189,S02,2025-05-17 17:33,69.77,3,in_store,
T006701,S04,2025-05-25 10:36,126.35,5,in_store,
T000740,S01,2025-04-28 16:12,50.53,3,in_store,
T002212,S02,2025-04-13 13:57,19.33,1,online,
T003335,S02,2025-05-23 12:28,27.71,2,online,
T007905,S05,2025-05-12 13:09,62.57,3,in_store,
T008422,S05,2025-06-01 11:29,38.05,3,in_store,
T003022,S02,2025-05-11 15:12,40.27,2,in_store,
T007604,S05,2025-05-02 12:49,22.09,1,in_store,
T001346,S01,2025-05-15 14:15,34.42,2,in_store,
T003821,S03,2025-04-14 16:16,79.1,4,in_store,
T005809,S04,2025-04-27 12:15,30.66,2,online,
T000503,S01,2025-04-20 15:31,147.73,7,in_store,
T006709,S04,2025-05-25 16:42,66.7,3,in_store,
T005328,S04,2025-04-13 17:23,72.81,3,in_store,
T001452,S01,2025-05-18 17:32,60.74,3,online,
T006007,S04,2025-05-03 16:45,66.87,4,in_store,
T006671,S04,2025-05-24 14:40,27.58,2,online,
T006545,S04,2025-05-19 20:19,24.31,2,online,
T006821,S04,2025-05-28 11:34,48.02,4,in_store,
T004718,S03,2025-05-17 19:10,102.54,4,online,
T003696,S03,2025-04-08 15:22,16.65,1,in_store,
T004131,S03,2025-04-27 19:58,68.18,3,in_store,
T006450,S04,2025-05-17 20:36,26.41,2,online,
T008026,S05,2025-05-18 20:16,22.13,1,online,
T007495,S05,2025-04-27 12:16,35.32,2,online,
T007646,S05,2025-05-03 09:52,149.31,5,in_store,
T003297,S02,2025-05-21 20:33,60.45,3,in_store,
T005470,S04,2025-04-17 20:32,52.67,5,in_store,
T002585,S02,2025-04-26 14:15,51.09,3,in_store,
T002474,S02,2025-04-22 10:46,58.15,3,in_store,
T001087,S01,2025-05-08 09:21,40.12,2,online,
T006621,S04,2025-05-22 12:51,105.73,4,in_store,
T001368,S01,2025-05-16 16:43,30.44,2,online,
T005798,S04,2025-04-27 15:49,51.26,2,in_store,
T007433,S05,2025-04-25 16:30,39.35,2,in_store,
T008056,S05,2025-05-19 15:22,52.05,5,in_store,
T000579,S01,2025-04-23 20:25,129.31,5,in_store,
T008254,S05,2025-05-26 10:46,43.4,2,in_store,
T006278,S04,2025-05-11 11:53,35.71,2,in_store,
T006365,S04,2025-05-14 14:05,8.79,1,online,
T005177,S04,2025-04-08 10:12,47.18,2,in_store,
T000328,S01,2025-04-16 11:14,61.43,3,in_store,
T004304,S03,2025-05-05 16:28,68.6,3,online,
T004793,S03,2025-05-19 15:56,31.07,3,in_store,
T005623,S04,2025-04-21 17:10,32.89,3,in_store,
T005517,S04,2025-04-18 11:16,43.74,3,in_store,
T006614,S04,2025-05-22 20:33,87.79,4,in_store,
T007078,S05,2025-04-12 19:03,20.46,1,in_store,
T000815,S01,2025-04-30 11:51,181.02,6,in_store,
T006233,S04,2025-05-10 10:29,37.77,4,in_store,
T003452,S02,2025-05-26 16:39,51.24,3,online,
T000451,S01,2025-04-19 20:19,19.05,1,in_store,
T003937,S03,2025-04-19 13:11,106.55,5,online,
T001502,S01,2025-05-19 20:34,68.22,4,in_store,
T000474,S01,2025-04-20 16:51,70.5,3,in_store,
T005937,S04,2025-05-01 13:09,52.42,5,in_store,
T003917,S03,2025-04-18 16:05,100.83,6,online,
T000703,S01,2025-04-27 15:38,22.12,1,in_store,
T003406,S02,2025-05-25 10:38,41.57,4,online,
T006011,S04,2025-05-03 11:24,68.65,2,online,
T005961,S04,2025-05-02 10:32,11.58,2,in_store,
T002350,S02,2025-04-18 20:45,94.05,4,online,
T006197,S04,2025-05-10 09:18,102.01,5,in_store,
T000741,S01,2025-04-28 19:13,91.76,3,in_store,
T006512,S04,2025-05-18 09:23,40.79,3,online,
T004602,S03,2025-05-11 12:30,67.36,4,in_store,SPRING25
T005157,S04,2025-04-08 10:07,55.91,4,online,
T008102,S05,2025-05-21 12:17,68.17,4,in_store,
T001674,S01,2025-05-23 16:11,30.2,4,in_store,
T003542,S02,2025-05-29 11:37,52.88,3,in_store,
T002563,S02,2025-04-25 18:18,54.29,4,online,
T000795,S01,2025-04-30 18:47,19.02,1,online,
T003421,S02,2025-05-25 12:42,65.38,3,in_store,
T006761,S04,2025-05-26 18:12,99.3,5,in_store,
T000411,S01,2025-04-18 13:33,104.14,6,online,
T006650,S04,2025-05-23 15:17,27.13,2,in_store,
T002548,S02,2025-04-25 11:17,18.75,1,in_store,
T000361,S01,2025-04-17 11:37,29.69,3,online,
T005872,S04,2025-04-29 13:21,57.36,3,online,
T003317,S02,2025-05-22 12:39,56.58,4,in_store,
T005376,S04,2025-04-14 10:34,30.08,1,online,
T007416,S05,2025-04-24 18:42,23.44,2,online,
T007916,S05,2025-05-13 09:48,142.27,5,online,
T001955,S01,2025-05-31 16:05,76.5,4,in_store,
T000383,S01,2025-04-17 18:14,112.62,5,online,
T008239,S05,2025-05-26 09:37,25.83,2,in_store,
T002428,S02,2025-04-20 17:00,102.5,5,in_store,
T001210,S01,2025-05-11 15:13,85.96,5,in_store,
T006885,S04,2025-05-31 14:16,33.22,2,online,
T004279,S03,2025-05-04 11:11,20.4,1,in_store,
T003684,S03,2025-04-07 09:37,37.54,2,in_store,
T005044,S03,2025-05-30 19:15,104.03,4,in_store,
T003132,S02,2025-05-15 12:53,71.94,3,in_store,
T001855,S01,2025-05-28 11:01,137.55,6,in_store,
T000875,S01,2025-05-02 18:31,66.01,3,in_store,
T003369,S02,2025-05-24 17:19,65.82,4,in_store,
T003160,S02,2025-05-17 18:37,33.69,2,online,
T006764,S04,2025-05-27 19:07,45.65,3,in_store,
T002841,S02,2025-05-06 19:00,54.88,4,in_store,
T007618,S05,2025-05-02 18:56,52.65,3,online,
T002938,S02,2025-05-09 12:58,25.02,2,online,
T008093,S05,2025-05-21 09:55,64.51,3,in_store,
T001983,S01,2025-06-01 18:00,67.35,3,online,
T000620,S01,2025-04-24 13:26,50.16,3,in_store,
T000427,S01,2025-04-18 16:31,52.85,3,online,
T000282,S01,2025-04-14 13:53,62.43,3,in_store,
T000785,S01,2025-04-29 14:20,118.81,8,online,
T003187,S02,2025-05-17 09:09,43.12,3,in_store,
T002721,S02,2025-05-01 09:44,27.14,1,in_store,
T006026,S04,2025-05-04 14:33,113.89,8,in_store,
T003018,S02,2025-05-11 14:50,103.87,6,in_store,
T006118,S04,2025-05-07 19:35,63.17,2,in_store,
T007871,S05,2025-05-11 15:12,63.0,4,in_store,
T003998,S03,2025-04-21 17:36,19.41,1,in_store,
T002227,S02,2025-04-14 18:54,28.28,2,in_store,
T003061,S02,2025-05-12 15:44,66.75,4,in_store,
T003918,S03,2025-04-18 17:47,27.37,2,in_store,
T006112,S04,2025-05-07 13:31,21.97,1,in_store,
T002914,S02,2025-05-08 15:38,104.43,4,online,
T000709,S01,2025-04-27 15:47,66.7,3,in_store,
T002977,S02,2025-05-10 18:35,116.19,5,in_store,
T001638,S01,2025-05-22 18:43,25.73,2,online,
T001792,S01,2025-05-26 15:55,31.45,3,in_store,
T004850,S03,2025-05-22 17:15,55.3,3,in_store,
T002309,S02,2025-04-17 18:42,12.6,1,in_store,
T006562,S04,2025-05-20 17:47,69.16,4,in_store,
T004646,S03,2025-05-13 09:32,15.4,1,in_store,
T007545,S05,2025-04-29 14:42,83.02,5,in_store,
T004410,S03,2025-05-09 12:55,37.28,2,in_store,
T001423,S01,2025-05-17 10:19,16.5,4,online,
T005601,S04,2025-04-20 20:35,96.69,6,online,
T008417,S05,2025-06-01 13:11,32.15,2,in_store,
T006445,S04,2025-05-17 14:28,16.43,1,online,
T004442,S03,2025-05-10 19:05,53.66,5,in_store,SPRING25
T005874,S04,2025-04-29 20:38,20.21,4,in_store,
T004078,S03,2025-04-25 11:52,78.01,3,in_store,
T004889,S03,2025-05-24 20:39,27.98,1,in_store,
T001220,S01,2025-05-11 12:51,33.23,3,in_store,
T008029,S05,2025-05-18 10:57,26.09,1,in_store,
T001922,S01,2025-05-30 18:09,17.87,4,online,
T007180,S05,2025-04-16 09:29,45.35,3,online,
T001204,S01,2025-05-11 11:59,37.52,2,in_store,
T000572,S01,2025-04-23 16:32,24.06,2,in_store,
T005153,S04,2025-04-08 12:04,31.93,2,online,
T007151,S05,2025-04-15 14:29,32.19,2,in_store,
T005171,S04,2025-04-08 11:04,39.13,3,online,
T004751,S03,2025-05-17 11:33,13.74,1,in_store,
T001435,S01,2025-05-18 20:32,138.5,6,online,
T006822,S04,2025-05-28 18:17,22.37,1,in_store,
T000170,S01,2025-04-11 18:19,41.95,3,online,
T000870,S01,2025-05-02 14:14,84.93,6,in_store,
T001142,S01,2025-05-10 14:20,44.81,2,in_store,
T004449,S03,2025-05-10 09:12,92.53,5,in_store,SPRING25
T002446,S02,2025-04-21 13:59,37.92,2,in_store,
T003926,S03,2025-04-19 09:40,29.11,2,online,
T007537,S05,2025-04-29 16:50,34.84,2,online,
T006148,S04,2025-05-08 19:16,17.72,1,in_store,
T003260,S02,2025-05-20 10:36,38.47,2,in_store,
T004253,S03,2025-05-03 12:14,26.57,3,in_store,
T005656,S04,2025-04-22 20:31,42.31,3,in_store,
T000600,S01,2025-04-24 20:26,36.11,2,online,
T007204,S05,2025-04-17 18:56,22.3,2,in_store,
T004075,S03,2025-04-25 14:28,36.67,2,in_store,
T006287,S04,2025-05-11 09:22,42.78,5,in_store,
T001685,S01,2025-05-24 14:09,39.2,2,online,
T001978,S01,2025-06-01 20:37,116.11,6,online,
T002575,S02,2025-04-26 20:34,46.69,2,online,
T007387,S05,2025-04-23 11:20,26.64,2,in_store,
T003934,S03,2025-04-19 19:59,77.71,4,in_store,
T001590,S01,2025-05-21 11:17,108.63,6,online,
T000570,S01,2025-04-23 15:45,52.12,3,in_store,
T007267,S05,2025-04-19 15:23,54.28,2,in_store,
T000021,S01,2025-04-07 19:37,31.95,2,in_store,
T000877,S01,2025-05-02 17:29,44.85,3,in_store,
T006289,S04,2025-05-11 19:55,110.19,5,in_store,
T008158,S05,2025-05-23 18:57,29.39,2,online,
T007773,S05,2025-05-08 13:40,29.51,2,in_store,
T006367,S04,2025-05-14 14:10,18.35,1,in_store,
T006177,S04,2025-05-09 09:32,36.89,3,online,
T005267,S04,2025-04-11 14:59,96.48,4,in_store,
T008344,S05,2025-05-29 10:58,59.79,4,online,
T002545,S02,2025-04-25 20:02,81.81,5,in_store,
T003644,S02,2025-06-01 17:07,59.27,4,in_store,
T004855,S03,2025-05-22 19:07,126.84,4,in_store,
T001881,S01,2025-05-29 18:32,83.54,6,in_store,
T005239,S04,2025-04-10 18:54,43.23,2,in_store,
T003398,S02,2025-05-25 11:55,41.66,3,in_store,
T003029,S02,2025-05-12 19:18,20.62,3,online,
T004664,S03,2025-05-15 16:27,42.23,2,in_store,
T006933,S04,2025-06-01 18:43,59.25,3,online,
T008352,S05,2025-05-30 15:42,55.85,2,in_store,
T000100,S01,2025-04-09 20:19,44.79,5,in_store,
T003770,S03,2025-04-12 20:49,49.38,2,in_store,
T000645,S01,2025-04-25 09:22,94.27,5,in_store,
T002853,S02,2025-05-06 12:35,32.63,2,in_store,
T001281,S01,2025-05-13 14:35,48.19,2,in_store,
T001315,S01,2025-05-14 09:32,36.79,3,online,
T003954,S03,2025-04-20 12:03,49.75,3,online,
T006062,S04,2025-05-05 15:15,77.91,4,in_store,
T001749,S01,2025-05-25 20:10,72.38,4,online,
T008184,S05,2025-05-24 11:12,140.69,6,online,
T002664,S02,2025-04-29 09:54,146.1,5,in_store,
T000812,S01,2025-04-30 09:49,27.1,2,in_store,
T001820,S01,2025-05-27 15:16,115.59,4,online,
T004050,S03,2025-04-24 12:37,15.95,1,online,
T002338,S02,2025-04-18 12:50,31.25,4,in_store,
T000719,S01,2025-04-27 19:22,79.57,3,online,
T003899,S03,2025-04-18 19:34,51.08,3,in_store,
T000431,S01,2025-04-18 11:04,85.46,5,in_store,
T004858,S03,2025-05-22 19:28,10.88,1,in_store,
T000849,S01,2025-05-01 11:29,33.57,5,in_store,
T005242,S04,2025-04-10 18:16,50.97,6,in_store,
T007105,S05,2025-04-13 19:19,50.7,3,online,
T006141,S04,2025-05-08 09:32,93.44,4,online,
T002170,S02,2025-04-12 09:50,30.9,2,in_store,
T002935,S02,2025-05-09 11:47,34.33,2,online,
T005602,S04,2025-04-20 11:22,141.49,5,in_store,
T001890,S01,2025-05-29 13:56,82.06,4,online,
T007818,S05,2025-05-09 11:44,17.63,1,in_store,
T002733,S02,2025-05-02 11:33,94.89,4,in_store,
T005895,S04,2025-04-30 11:56,61.33,6,in_store,
T006310,S04,2025-05-12 18:05,21.47,2,in_store,
T007194,S05,2025-04-16 09:15,33.76,2,in_store,
T002099,S02,2025-04-10 16:08,39.51,3,in_store,
T004255,S03,2025-05-03 19:34,38.27,3,online,
T003236,S02,2025-05-19 13:35,15.93,1,online,
T000562,S01,2025-04-22 20:46,40.03,2,online,
T004987,S03,2025-05-27 16:28,130.37,6,online,
T005029,S03,2025-05-29 14:35,57.61,2,online,
T005865,S04,2025-04-29 19:47,88.91,5,in_store,
T005167,S04,2025-04-08 16:35,89.05,5,in_store,
T007183,S05,2025-04-16 12:14,15.35,1,in_store,
T000725,S01,2025-04-27 12:26,25.12,2,in_store,
T000574,S01,2025-04-23 17:35,89.63,5,in_store,
T001317,S01,2025-05-14 09:49,67.49,3,in_store,
T006456,S04,2025-05-17 10:07,36.6,3,online,
T003271,S02,2025-05-21 17:15,77.28,4,online,
T002345,S02,2025-04-18 10:16,40.14,3,online,
T007672,S05,2025-05-04 12:32,26.99,1,in_store,
T002400,S02,2025-04-20 12:05,84.51,4,in_store,
T008374,S05,2025-05-31 15:02,12.51,1,in_store,
T003161,S02,2025-05-17 15:45,51.03,5,online,
T005801,S04,2025-04-27 14:30,15.56,1,in_store,
T000349,S01,2025-04-16 10:55,62.17,4,online,
T002524,S02,2025-04-24 19:00,33.61,2,online,
T006660,S04,2025-05-24 12:58,44.66,2,online,
T005511,S04,2025-04-18 13:35,46.83,3,in_store,
T007729,S05,2025-05-06 16:11,13.46,1,online,
T000068,S01,2025-04-09 11:16,66.25,4,in_store,
T004482,S03,2025-05-10 20:09,113.34,3,in_store,SPRING25
T006681,S04,2025-05-24 20:33,15.68,2,in_store,
T006968,S05,2025-04-07 18:12,50.68,2,in_store,
T003991,S03,2025-04-20 14:18,41.0,2,in_store,
T006258,S04,2025-05-11 16:23,77.34,4,online,
T003477,S02,2025-05-27 20:36,68.7,5,in_store,
T007624,S05,2025-05-03 10:43,87.32,5,in_store,
T000032,S01,2025-04-08 14:39,83.9,4,in_store,
T005147,S04,2025-04-08 20:48,72.64,5,in_store,
T007169,S05,2025-04-16 19:31,61.56,4,in_store,
T000072,S01,2025-04-09 20:45,45.71,2,in_store,
T002884,S02,2025-05-07 18:24,52.04,3,in_store,
T007621,S05,2025-05-02 09:08,21.1,2,in_store,
T003875,S03,2025-04-16 09:49,20.61,1,online,
T000568,S01,2025-04-23 19:04,15.95,1,online,
T003460,S02,2025-05-26 18:19,63.56,3,online,
T004331,S03,2025-05-06 17:10,32.25,2,online,
T002053,S02,2025-04-08 15:19,27.4,2,in_store,
T003167,S02,2025-05-17 18:01,42.42,3,in_store,
T003929,S03,2025-04-19 19:40,76.33,4,in_store,
T005005,S03,2025-05-28 15:35,78.79,3,in_store,
T003566,S02,2025-05-30 16:17,36.76,3,online,
T006939,S04,2025-06-01 12:21,64.15,2,in_store,
T006510,S04,2025-05-18 10:30,110.39,5,in_store,
T004706,S03,2025-05-16 20:54,86.2,4,in_store,
T002731,S02,2025-05-02 14:20,15.72,2,in_store,
T005354,S04,2025-04-13 17:56,74.84,4,in_store,
T003820,S03,2025-04-14 09:33,62.51,3,in_store,
T003765,S03,2025-04-12 18:34,29.93,2,in_store,
T007084,S05,2025-04-12 17:56,31.78,2,in_store,
T006021,S04,2025-05-04 14:59,86.79,4,in_store,
T007999,S05,2025-05-17 18:15,108.49,5,online,
T004633,S03,2025-05-13 19:07,61.13,3,online,
T006837,S04,2025-05-29 19:49,59.6,4,online,
T003453,S02,2025-05-26 13:56,104.66,5,in_store,
T003525,S02,2025-05-28 16:59,42.97,2,online,
T006501,S04,2025-05-18 15:55,60.21,5,online,
T003078,S02,2025-05-13 13:19,37.28,2,online,
T008433,S05,2025-06-01 11:56,43.31,2,in_store,
T007563,S05,2025-04-30 17:02,55.76,4,in_store,
T000781,S01,2025-04-29 17:17,147.86,6,online,
T008035,S05,2025-05-18 19:57,125.94,4,online,
T000311,S01,2025-04-15 16:10,66.92,3,in_store,
T005739,S04,2025-04-25 09:34,98.51,4,in_store,
T005504,S04,2025-04-18 19:18,102.38,5,in_store,
T002887,S02,2025-05-07 09:25,61.75,4,online,
T004204,S03,2025-04-30 11:15,100.62,4,in_store,
T006735,S04,2025-05-26 14:25,60.16,3,in_store,
T001948,S01,2025-05-31 10:45,98.63,4,in_store,
T000117,S01,2025-04-10 11:45,21.26,1,online,
T001938,S01,2025-05-31 13:07,60.43,6,in_store,
T002102,S02,2025-04-10 16:18,25.73,1,online,
T001757,S01,2025-05-25 11:12,21.98,1,in_store,
T004604,S03,2025-05-11 13:14,70.22,4,in_store,
T004644,S03,2025-05-13 16:55,39.77,2,online,
T005373,S04,2025-04-14 09:41,13.06,1,in_store,
T006220,S04,2025-05-10 13:47,9.7,1,in_store,
T006453,S04,2025-05-17 10:59,36.87,2,in_store,
T007414,S05,2025-04-24 10:10,59.85,2,online,
T004692,S03,2025-05-16 10:19,39.01,2,online,
T000759,S01,2025-04-28 15:52,99.08,5,in_store,
T005771,S04,2025-04-26 13:56,35.93,3,in_store,
T007524,S05,2025-04-28 15:37,90.94,5,online,
T003757,S03,2025-04-11 10:46,13.8,5,in_store,
T002505,S02,2025-04-23 20:01,34.1,2,in_store,
T008055,S05,2025-05-19 14:00,45.77,4,online,
T007910,S05,2025-05-13 15:10,26.98,3,in_store,
T003506,S02,2025-05-27 13:20,61.96,3,online,
T006168,S04,2025-05-09 17:05,25.19,1,in_store,
T005815,S04,2025-04-27 17:20,57.49,3,in_store,
T007102,S05,2025-04-13 10:50,27.06,2,in_store,
T007120,S05,2025-04-13 14:53,18.24,1,in_store,
T007163,S05,2025-04-15 15:15,174.34,6,in_store,
T006282,S04,2025-05-11 16:36,72.37,4,in_store,
T001607,S01,2025-05-22 13:16,132.85,6,in_store,
T008356,S05,2025-05-30 16:53,25.49,2,in_store,
T000107,S01,2025-04-09 16:02,77.59,4,online,
T007538,S05,2025-04-29 10:15,12.44,4,online,
T006119,S04,2025-05-07 09:16,25.59,2,in_store,
T008280,S05,2025-05-27 10:05,42.17,3,in_store,
T005560,S04,2025-04-19 12:47,74.14,5,in_store,
T002934,S02,2025-05-09 13:51,14.26,1,in_store,
T001065,S01,2025-05-07 15:06,53.99,5,online,
T006976,S05,2025-04-07 13:28,79.63,3,online,
T005805,S04,2025-04-27 10:54,36.08,2,online,
T004436,S03,2025-05-10 17:05,62.09,4,in_store,
T003092,S02,2025-05-13 11:21,138.62,5,in_store,
T002640,S02,2025-04-28 12:30,30.53,3,in_store,
T002047,S02,2025-04-08 18:21,18.62,2,online,
T005096,S03,2025-06-01 20:17,11.94,1,in_store,
T007344,S05,2025-04-21 14:15,78.97,5,in_store,
T007600,S05,2025-05-02 17:41,15.03,1,in_store,
T003858,S03,2025-04-16 17:26,76.31,5,in_store,
T007096,S05,2025-04-12 16:24,38.82,2,in_store,
T002508,S02,2025-04-23 09:30,38.51,2,online,
T006524,S04,2025-05-19 20:52,99.71,6,online,
T006024,S04,2025-05-04 17:13,12.75,1,in_store,
T006076,S04,2025-05-05 12:17,46.7,3,in_store,
T003754,S03,2025-04-11 14:40,15.69,1,in_store,
T005820,S04,2025-04-27 15:16,10.89,1,in_store,
T001166,S01,2025-05-10 09:22,92.63,4,in_store,
T006796,S04,2025-05-28 19:22,30.77,3,online,
T003313,S02,2025-05-22 12:57,24.22,2,in_store,
T006526,S04,2025-05-19 16:05,34.24,5,in_store,
T003466,S02,2025-05-26 10:11,85.87,4,in_store,
T002610,S02,2025-04-27 16:41,34.79,4,online,
T007783,S05,2025-05-08 18:30,49.85,3,in_store,
T008270,S05,2025-05-27 17:46,38.54,1,online,
T005189,S04,2025-04-09 20:08,59.84,4,online,
T001679,S01,2025-05-24 13:49,24.65,2,online,
T005314,S04,2025-04-12 18:30,18.82,1,online,
T002968,S02,2025-05-10 15:51,11.63,1,in_store,
T007145,S05,2025-04-14 16:21,163.27,8,online,
T001923,S01,2025-05-30 14:41,81.18,4,online,
T000855,S01,2025-05-01 15:55,136.82,7,in_store,
T004333,S03,2025-05-06 11:42,31.61,3,in_store,
T004465,S03,2025-05-10 12:51,142.89,5,in_store,SPRING25
T007375,S05,2025-04-23 14:27,61.49,3,in_store,
T004730,S03,2025-05-17 14:46,79.58,4,in_store,
T007931,S05,2025-05-13 15:28,39.0,5,online,
T000105,S01,2025-04-09 15:25,80.23,4,in_store,
T005067,S03,2025-05-30 16:50,19.91,1,online,
T004853,S03,2025-05-22 17:56,67.24,3,in_store,
T005573,S04,2025-04-20 18:46,94.6,5,in_store,
T003182,S02,2025-05-17 20:41,52.85,2,in_store,
T005357,S04,2025-04-13 20:30,18.58,1,online,
T003204,S02,2025-05-18 10:00,19.64,1,in_store,
T003231,S02,2025-05-19 14:09,15.58,1,online,
T002357,S02,2025-04-18 11:32,88.02,7,in_store,
T000907,S01,2025-05-03 09:42,16.34,1,in_store,
T001761,S01,2025-05-25 16:30,69.62,5,in_store,
T000908,S01,2025-05-03 11:37,87.96,3,online,
T004154,S03,2025-04-28 18:17,16.36,1,in_store,
T004149,S03,2025-04-28 16:59,24.02,3,in_store,
T000489,S01,2025-04-20 18:55,69.69,3,online,
T006400,S04,2025-05-15 09:31,44.05,5,in_store,
T005244,S04,2025-04-10 15:36,77.45,5,in_store,
T004979,S03,2025-05-27 17:50,34.38,3,in_store,
T007171,S05,2025-04-16 09:20,28.81,5,in_store,
T003016,S02,2025-05-11 16:18,37.62,2,in_store,
T002608,S02,2025-04-27 19:50,18.18,1,in_store,
T004798,S03,2025-05-20 17:06,73.13,3,in_store,
T003472,S02,2025-05-27 19:46,22.29,2,in_store,
T003177,S02,2025-05-17 11:03,76.29,4,in_store,
T008429,S05,2025-06-01 15:18,41.7,2,online,
T005589,S04,2025-04-20 17:31,61.3,3,online,
T003772,S03,2025-04-12 15:51,118.03,5,online,
T000575,S01,2025-04-23 12:10,32.96,2,online,
T006008,S04,2025-05-03 17:32,66.67,3,in_store,
T003063,S02,2025-05-13 14:57,91.62,5,online,
T007122,S05,2025-04-13 17:34,65.85,3,online,
T007337,S05,2025-04-21 13:54,19.86,1,in_store,
T005705,S04,2025-04-24 09:51,35.0,2,in_store,
T004291,S03,2025-05-04 17:07,107.34,4,in_store,
T002659,S02,2025-04-28 15:51,61.76,3,in_store,
T004990,S03,2025-05-28 15:15,72.43,4,online,
T006090,S04,2025-05-06 13:13,64.84,3,in_store,
T007949,S05,2025-05-14 14:20,62.28,3,in_store,
T007073,S05,2025-04-12 10:22,72.73,5,online,
T007756,S05,2025-05-07 11:45,101.47,3,in_store,
T006308,S04,2025-05-12 11:24,40.85,2,in_store,
T003069,S02,2025-05-13 12:04,99.22,6,online,
T006171,S04,2025-05-09 12:17,35.36,3,in_store,
T000226,S01,2025-04-13 19:49,132.39,6,in_store,
T004350,S03,2025-05-06 16:20,37.67,3,in_store,
T004899,S03,2025-05-24 13:32,27.96,2,in_store,
T001652,S01,2025-05-23 19:26,53.82,3,online,
T007737,S05,2025-05-06 15:01,110.91,6,in_store,
T005907,S04,2025-04-30 10:11,46.72,3,in_store,
T000062,S01,2025-04-08 19:22,83.26,4,online,
T002277,S02,2025-04-15 17:19,102.86,5,in_store,
T005544,S04,2025-04-19 13:38,117.83,5,in_store,
T002431,S02,2025-04-21 14:44,26.91,2,in_store,
T000228,S01,2025-04-13 20:35,24.97,1,online,
T005290,S04,2025-04-12 10:08,34.69,3,online,
T001888,S01,2025-05-29 12:12,42.39,2,online,
T000132,S01,2025-04-10 11:45,60.49,3,in_store,
T008347,S05,2025-05-30 15:48,27.65,2,in_store,
T005432,S04,2025-04-16 17:01,48.5,4,in_store,
T003464,S02,2025-05-26 16:20,77.02,3,in_store,
T004589,S03,2025-05-11 09:27,24.77,3,in_store,SPRING25
T003117,S02,2025-05-15 12:05,54.91,4,in_store,
T003925,S03,2025-04-19 15:55,73.13,3,online,
T007904,S05,2025-05-12 20:05,16.17,2,in_store,
T002067,S02,2025-04-09 11:54,54.75,5,in_store,
T005546,S04,2025-04-19 17:24,18.77,1,in_store,
T002836,S02,2025-05-05 18:36,58.6,4,in_store,
T003864,S03,2025-04-16 15:10,62.18,5,in_store,
T005223,S04,2025-04-10 17:44,64.63,4,online,
T004809,S03,2025-05-20 15:36,106.58,5,online,
T007046,S05,2025-04-11 09:35,90.75,4,in_store,
T003777,S03,2025-04-12 12:34,44.11,3,in_store,
T003887,S03,2025-04-17 13:45,77.89,3,online,
T001952,S01,2025-05-31 13:03,78.94,5,in_store,
T003589,S02,2025-05-30 09:59,57.1,3,online,
T004642,S03,2025-05-13 14:42,59.9,4,in_store,
T005799,S04,2025-04-27 10:52,85.58,6,in_store,
T007608,S05,2025-05-02 19:01,73.33,3,online,
T008186,S05,2025-05-24 13:58,60.74,4,in_store,
T001608,S01,2025-05-22 09:07,32.1,2,online,
T001349,S01,2025-05-15 12:47,44.83,4,in_store,
T002569,S02,2025-04-26 14:12,27.85,4,in_store,
T005464,S04,2025-04-17 19:46,67.41,3,in_store,
T004806,S03,2025-05-20 14:42,18.77,1,online,
T007628,S05,2025-05-03 15:50,16.36,1,in_store,
T001010,S01,2025-05-06 11:37,39.34,2,in_store,
T005138,S04,2025-04-07 09:39,31.47,2,in_store,
T001323,S01,2025-05-14 12:00,14.83,2,online,
T002576,S02,2025-04-26 20:50,24.09,1,in_store,
T004577,S03,2025-05-11 20:20,219.44,7,in_store,SPRING25
T003866,S03,2025-04-16 16:05,47.38,2,online,
T002975,S02,2025-05-10 09:36,38.61,3,in_store,
T003564,S02,2025-05-30 12:39,49.54,3,in_store,
T007366,S05,2025-04-22 09:47,49.29,4,in_store,
T008450,S09,2025-04-29 10:47,71.21,4,in_store,
T002115,S02,2025-04-10 12:18,22.92,2,in_store,
T002075,S02,2025-04-09 16:12,41.69,3,in_store,
T007800,S05,2025-05-09 10:45,30.81,2,in_store,
T007450,S05,2025-04-26 20:04,35.38,2,in_store,
T005586,S04,2025-04-20 17:19,49.58,4,online,
T001328,S01,2025-05-15 12:53,54.69,4,in_store,
T003246,S02,2025-05-20 15:44,43.09,3,in_store,
T003680,S03,2025-04-07 20:08,35.18,2,in_store,
T003467,S02,2025-05-27 10:25,74.44,4,in_store,
T004553,S03,2025-05-11 15:26,15.87,3,in_store,SPRING25
T007284,S05,2025-04-19 19:16,17.12,1,in_store,
T005115,S03,2025-06-01 10:03,40.92,2,in_store,
T000862,S01,2025-05-02 13:06,17.08,3,in_store,
T002068,S02,2025-04-09 20:14,43.93,2,online,
T002255,S02,2025-04-15 18:15,25.91,1,in_store,
T004856,S03,2025-05-22 18:14,99.12,5,in_store,
T001237,S01,2025-05-12 12:19,48.37,3,in_store,
T000724,S01,2025-04-27 18:50,70.13,5,in_store,
T006216,S04,2025-05-10 10:37,15.29,1,in_store,
T002311,S02,2025-04-17 12:17,74.31,2,online,
T003761,S03,2025-04-11 17:57,16.55,1,in_store,
T004895,S03,2025-05-24 11:50,105.59,7,in_store,
T005196,S04,2025-04-09 15:49,37.75,2,online,
T004782,S03,2025-05-19 13:46,51.27,4,in_store,
T006513,S04,2025-05-18 17:17,149.8,6,in_store,
T001340,S01,2025-05-15 18:44,39.39,5,in_store,
T003512,S02,2025-05-28 17:39,47.98,4,in_store,
T005585,S04,2025-04-20 16:03,30.41,2,in_store,
T002523,S02,2025-04-24 11:35,9.3,2,in_store,
T002806,S02,2025-05-04 10:43,67.67,3,in_store,
T002081,S02,2025-04-09 09:54,62.73,3,in_store,
T007523,S05,2025-04-28 13:25,52.95,4,in_store,
T002358,S02,2025-04-18 16:05,42.09,3,in_store,
T001915,S01,2025-05-30 20:13,108.38,5,in_store,
T008021,S05,2025-05-18 16:35,65.55,7,in_store,
T007644,S05,2025-05-03 18:41,49.51,2,in_store,
T002611,S02,2025-04-27 18:29,31.22,3,in_store,
T003411,S02,2025-05-25 14:19,17.49,1,in_store,
T004242,S03,2025-05-02 17:20,43.05,3,in_store,
T003985,S03,2025-04-20 13:49,43.44,4,in_store,
T007797,S05,2025-05-08 17:03,22.5,1,online,
T006852,S04,2025-05-29 16:14,37.93,2,in_store,
T007428,S05,2025-04-25 17:38,24.9,2,in_store,
T006953,S04,2025-06-01 09:00,56.63,3,online,
T007472,S05,2025-04-27 15:16,46.24,4,in_store,
T003963,S03,2025-04-20 12:39,42.37,5,in_store,
T006815,S04,2025-05-28 19:56,51.96,3,online,
T001417,S01,2025-05-17 12:04,50.26,3,online,
T006372,S04,2025-05-14 13:07,46.73,2,in_store,
T000121,S01,2025-04-10 15:56,22.87,1,in_store,
T001714,S01,2025-05-24 20:57,111.27,5,online,
T003451,S02,2025-05-26 19:43,108.7,6,in_store,
T003071,S02,2025-05-13 09:20,113.26,7,online,
T004655,S03,2025-05-14 10:02,26.99,1,online,
T004812,S03,2025-05-20 19:49,55.63,3,in_store,
T006518,S04,2025-05-19 20:40,42.47,2,online,
T000539,S01,2025-04-21 14:14,89.74,5,online,
T004613,S03,2025-05-12 16:07,79.36,4,online,
T005130,S04,2025-04-07 13:36,47.87,4,online,
T001209,S01,2025-05-11 10:43,82.85,6,in_store,
T000943,S01,2025-05-04 16:03,29.98,3,online,
T007499,S05,2025-04-27 09:15,42.76,2,in_store,
T006604,S04,2025-05-21 13:48,39.06,2,in_store,
T002251,S02,2025-04-15 11:47,65.65,2,in_store,
T003856,S03,2025-04-16 12:08,26.04,2,online,
T003561,S02,2025-05-29 17:15,38.39,3,in_store,
T002724,S02,2025-05-01 12:15,31.91,3,in_store,
T005409,S04,2025-04-15 17:19,50.24,4,in_store,
T008143,S05,2025-05-22 16:44,16.18,1,in_store,
T004192,S03,2025-04-30 11:31,17.49,1,in_store,
T007518,S05,2025-04-28 11:22,11.38,1,online,
T001681,S01,2025-05-24 09:19,27.16,2,in_store,
T001406,S01,2025-05-17 19:27,36.72,3,in_store,
T004964,S03,2025-05-26 13:16,52.57,3,in_store,
T006956,S05,2025-04-07 11:10,102.62,6,online,
T002638,S02,2025-04-28 17:33,46.93,2,in_store,
T006455,S04,2025-05-17 12:43,124.86,5,online,
T001532,S01,2025-05-20 17:36,81.89,6,in_store,
T008205,S05,2025-05-25 17:47,21.46,1,in_store,
T007277,S05,2025-04-19 20:34,35.24,2,in_store,
T005106,S03,2025-06-01 17:03,33.71,2,in_store,
T002484,S02,2025-04-22 11:50,91.93,4,in_store,
T001064,S01,2025-05-07 14:43,11.99,1,in_store,
T004010,S03,2025-04-22 16:57,46.58,3,in_store,
T004827,S03,2025-05-21 14:00,58.07,3,in_store,
T004048,S03,2025-04-24 16:54,146.47,6,online,
T004588,S03,2025-05-11 10:12,218.63,8,in_store,SPRING25
T003131,S02,2025-05-15 17:13,26.59,1,online,
T000290,S01,2025-04-15 20:31,45.5,4,in_store,
T001147,S01,2025-05-10 11:06,20.7,2,online,
T004625,S03,2025-05-12 11:41,14.25,1,in_store,
T006388,S04,2025-05-15 18:06,83.46,3,in_store,
T004690,S03,2025-05-15 12:58,33.22,2,online,
T002287,S02,2025-04-16 16:07,55.72,3,in_store,
T004507,S03,2025-05-10 12:45,90.37,5,in_store,SPRING25
T001469,S01,2025-05-18 09:34,139.59,6,online,
T000694,S01,2025-04-26 11:51,44.01,2,in_store,
T005521,S04,2025-04-18 15:26,122.26,5,in_store,
T000587,S01,2025-04-23 13:43,13.44,1,online,
T006756,S04,2025-05-26 19:44,19.16,2,in_store,
T000972,S01,2025-05-05 10:25,19.57,3,in_store,
T002411,S02,2025-04-20 12:00,131.06,6,online,
T000626,S01,2025-04-25 14:23,145.43,6,in_store,
T004543,S03,2025-05-11 14:31,127.52,6,in_store,SPRING25
T000308,S01,2025-04-15 13:02,14.79,1,online,
T000352,S01,2025-04-16 18:01,65.81,3,online,
T000705,S01,2025-04-27 09:22,19.99,2,in_store,
T006009,S04,2025-05-03 15:58,82.74,6,in_store,
T006704,S04,2025-05-25 10:16,32.4,2,in_store,
T003950,S03,2025-04-20 11:44,42.42,6,in_store,
T001412,S01,2025-05-17 20:43,76.46,3,online,
T005562,S04,2025-04-19 11:56,37.46,2,in_store,
T002103,S02,2025-04-10 17:28,91.15,5,in_store,
T003301,S02,2025-05-22 14:02,30.81,2,in_store,
T000586,S01,2025-04-23 09:31,109.82,6,in_store,
T006808,S04,2025-05-28 09:52,60.28,3,in_store,
T003997,S03,2025-04-21 15:45,95.42,6,in_store,
T000753,S01,2025-04-28 18:32,33.03,2,online,
T005435,S04,2025-04-16 19:24,38.5,2,online,
T000712,S01,2025-04-27 09:56,13.66,2,in_store,
T003227,S02,2025-05-19 12:46,19.96,2,in_store,
T004928,S03,2025-05-25 17:51,12.47,2,in_store,
T007050,S05,2025-04-11 17:08,90.93,4,in_store,
T006777,S04,2025-05-27 18:10,24.27,2,online,
T004016,S03,2025-04-22 14:45,65.59,3,online,
T004245,S03,2025-05-02 10:31,105.2,4,in_store,
T006179,S04,2025-05-09 18:56,41.43,2,online,
T008192,S05,2025-05-24 11:37,47.48,2,in_store,
T001655,S01,2025-05-23 14:01,73.4,4,online,
T003269,S02,2025-05-20 16:32,63.78,3,in_store,
T001629,S01,2025-05-22 14:14,10.15,1,in_store,
T001897,S01,2025-05-29 18:07,32.93,2,online,
T007717,S05,2025-05-06 19:07,27.07,1,in_store,
T004457,S03,2025-05-10 09:50,38.05,5,online,
T002430,S02,2025-04-21 09:22,151.04,6,in_store,
T006973,S05,2025-04-07 09:25,30.95,3,online,
T003729,S03,2025-04-10 19:46,42.97,2,in_store,
T003793,S03,2025-04-13 10:26,39.94,2,online,
T002499,S02,2025-04-23 12:19,94.65,4,online,
T002488,S02,2025-04-22 15:32,62.14,4,in_store,
T000144,S01,2025-04-11 11:36,22.67,1,in_store,
T000547,S01,2025-04-22 10:20,89.82,5,in_store,
T007688,S05,2025-05-05 17:13,20.59,1,in_store,
T001171,S01,2025-05-10 20:26,41.23,2,online,
T002948,S02,2025-05-09 14:42,48.86,3,in_store,
T008408,S05,2025-06-01 20:18,89.97,6,online,
T002240,S02,2025-04-14 10:19,66.18,3,in_store,
T007906,S05,2025-05-12 09:25,30.78,2,in_store,
T002226,S02,2025-04-14 18:44,62.08,3,in_store,
T000592,S01,2025-04-23 14:26,128.33,6,online,
T007156,S05,2025-04-15 13:32,96.87,3,in_store,
T000155,S01,2025-04-11 20:47,57.21,5,in_store,
T006843,S04,2025-05-29 17:50,31.59,2,in_store,
T005403,S04,2025-04-15 18:32,107.71,4,online,
T004468,S03,2025-05-10 20:23,45.07,6,in_store,
T000486,S01,2025-04-20 15:07,26.96,2,in_store,
T003419,S02,2025-05-25 18:07,38.3,2,in_store,
T007275,S05,2025-04-19 13:57,44.11,2,in_store,
T005120,S03,2025-06-01 12:29,34.38,2,online,
T001795,S01,2025-05-26 16:55,119.04,5,online,
T001884,S01,2025-05-29 09:17,31.28,3,in_store,
T002177,S02,2025-04-12 11:19,63.14,3,in_store,
T004836,S03,2025-05-21 13:54,26.27,2,in_store,
T007114,S05,2025-04-13 16:17,21.68,4,online,
T001961,S01,2025-05-31 16:25,6.03,1,in_store,
T006861,S04,2025-05-30 20:22,30.9,2,in_store,
T002148,S02,2025-04-12 16:35,34.33,3,in_store,
T002403,S02,2025-04-20 09:56,72.0,5,online,
T005452,S04,2025-04-16 09:24,154.67,8,online,
T001705,S01,2025-05-24 13:35,26.45,2,online,
T005051,S03,2025-05-30 15:53,64.24,3,in_store,
T006231,S04,2025-05-10 12:26,24.36,2,in_store,
T005514,S04,2025-04-18 11:19,66.19,3,in_store,
T008403,S05,2025-06-01 17:42,141.11,4,online,
T001052,S01,2025-05-07 19:50,23.33,3,in_store,
T008180,S05,2025-05-24 09:38,53.56,3,online,
T002112,S02,2025-04-10 15:00,26.78,1,in_store,
T006488,S04,2025-05-18 20:18,140.78,6,in_store,
T006807,S04,2025-05-28 10:54,25.71,2,in_store,
T006873,S04,2025-05-30 16:24,48.37,2,in_store,
T005909,S04,2025-04-30 15:56,77.2,4,in_store,
T005225,S04,2025-04-10 12:56,58.76,3,in_store,
T008445,S09,2025-05-21 18:28,66.19,3,online,
T001436,S01,2025-05-18 20:40,33.38,2,online,
T002780,S02,2025-05-03 17:28,51.19,4,in_store,
T007907,S05,2025-05-13 09:37,62.83,4,online,
T001594,S01,2025-05-21 18:36,97.76,4,in_store,
T006044,S04,2025-05-04 16:45,50.19,5,online,
T007462,S05,2025-04-26 15:42,33.0,2,in_store,
T002468,S02,2025-04-22 20:11,18.95,2,in_store,
T006102,S04,2025-05-06 10:03,48.46,4,in_store,
T005566,S04,2025-04-20 19:14,26.54,2,online,
T007510,S05,2025-04-28 17:14,31.13,2,in_store,
T007938,S05,2025-05-14 17:12,49.53,3,in_store,
T000564,S01,2025-04-23 12:07,15.75,2,in_store,
T003980,S03,2025-04-20 11:29,72.44,5,in_store,
T004206,S03,2025-04-30 15:40,14.25,1,in_store,
T008015,S05,2025-05-17 12:56,19.32,1,online,
T007188,S05,2025-04-16 18:28,81.67,8,in_store,
T005664,S04,2025-04-23 17:59,46.0,2,online,
T002750,S02,2025-05-02 14:07,58.1,2,in_store,
T002510,S02,2025-04-23 19:10,27.02,2,in_store,
T006133,S04,2025-05-07 18:02,24.46,1,online,
T001581,S01,2025-05-21 13:16,46.41,5,online,
T006037,S04,2025-05-04 14:14,53.64,4,in_store,
T003823,S03,2025-04-14 11:38,83.08,4,in_store,
T000203,S01,2025-04-12 14:43,134.9,8,in_store,
T007819,S05,2025-05-09 18:51,91.02,5,in_store,
T004521,S03,2025-05-11 16:19,227.44,9,in_store,SPRING25
T005404,S04,2025-04-15 12:47,53.13,5,online,
T004289,S03,2025-05-04 16:08,50.12,4,in_store,
T001198,S01,2025-05-11 11:32,92.68,3,online,
T008179,S05,2025-05-24 10:34,25.81,2,in_store,
T004000,S03,2025-04-21 13:30,86.64,4,in_store,
T004616,S03,2025-05-12 14:28,18.05,2,in_store,
T007747,S05,2025-05-07 17:55,37.93,2,in_store,
T002992,S02,2025-05-11 14:39,26.56,2,in_store,
T004205,S03,2025-04-30 16:21,88.78,7,in_store,
T001847,S01,2025-05-28 15:17,26.06,1,online,
T005043,S03,2025-05-30 13:26,18.0,1,in_store,
T002433,S02,2025-04-21 18:59,86.23,3,in_store,
T000559,S01,2025-04-22 12:59,26.07,2,online,
T004805,S03,2025-05-20 09:09,36.74,2,in_store,
T002477,S02,2025-04-22 11:56,107.61,6,in_store,
T003481,S02,2025-05-27 15:38,43.02,3,in_store,
T000038,S01,2025-04-08 13:19,43.86,3,in_store,
T000426,S01,2025-04-18 14:47,27.45,2,in_store,
T006580,S04,2025-05-20 16:36,63.17,3,in_store,
T004013,S03,2025-04-22 18:00,27.82,2,in_store,
T002214,S02,2025-04-13 18:00,4.36,2,in_store,
T002534,S02,2025-04-24 13:08,39.29,3,in_store,
T002644,S02,2025-04-28 15:13,41.36,5,in_store,
T003507,S02,2025-05-27 09:03,43.48,2,online,
T002290,S02,2025-04-16 10:24,101.72,5,in_store,
T003278,S02,2025-05-21 11:09,85.93,5,online,
T000109,S01,2025-04-09 14:06,26.87,2,in_store,
T003412,S02,2025-05-25 11:36,100.97,4,in_store,
T000498,S01,2025-04-20 14:51,10.18,2,online,
T003812,S03,2025-04-14 17:44,39.47,2,online,
T007945,S05,2025-05-14 11:18,102.43,3,in_store,
T002307,S02,2025-04-16 17:21,70.47,5,in_store,
T002211,S02,2025-04-13 12:56,19.18,2,in_store,
T007828,S05,2025-05-10 19:21,62.49,5,online,
T001813,S01,2025-05-27 11:33,22.16,1,in_store,
T001604,S01,2025-05-22 12:32,45.29,2,in_store,
T002581,S02,2025-04-26 11:13,118.4,3,in_store,
T003000,S02,2025-05-11 13:34,33.74,2,in_store,
T005146,S04,2025-04-08 20:17,11.72,1,online,
T006078,S04,2025-05-05 14:46,57.93,3,in_store,
T002741,S02,2025-05-02 14:17,14.46,1,online,
T002159,S02,2025-04-12 09:28,51.62,3,online,
T001605,S01,2025-05-22 14:50,22.51,2,in_store,
T003023,S02,2025-05-11 11:04,59.76,4,in_store,
T000246,S01,2025-04-13 19:38,42.01,2,in_store,
T000734,S01,2025-04-27 18:12,39.38,2,online,
T000764,S01,2025-04-29 18:26,22.85,2,online,
T000281,S01,2025-04-14 10:06,52.17,3,online,
T008126,S05,2025-05-22 17:02,111.06,3,in_store,
T000254,S01,2025-04-13 18:05,54.96,3,in_store,
T000550,S01,2025-04-22 19:22,25.56,3,in_store,
T007407,S05,2025-04-24 11:36,18.5,1,online,
T001250,S01,2025-05-13 20:25,42.67,2,in_store,
T005558,S04,2025-04-19 16:10,179.42,8,in_store,
T002897,S02,2025-05-08 16:47,38.78,3,in_store,
T005855,S04,2025-04-28 18:35,56.72,3,in_store,
T001223,S01,2025-05-12 17:52,76.8,3,in_store,
T001642,S01,2025-05-23 18:50,77.0,4,in_store,
T008423,S05,2025-06-01 18:10,15.46,1,in_store,
T000394,S01,2025-04-17 14:48,68.48,4,online,
T000267,S01,2025-04-14 09:36,97.44,4,in_store,
T004483,S03,2025-05-10 18:34,51.85,4,online,SPRING25
T003053,S02,2025-05-12 18:09,39.78,2,in_store,
T004868,S03,2025-05-23 19:35,104.95,4,in_store,
T000829,S01,2025-05-01 17:33,91.23,5,in_store,
T000182,S01,2025-04-12 15:41,35.16,3,online,
T003144,S02,2025-05-16 12:06,55.38,4,in_store,
T008253,S05,2025-05-26 14:58,40.0,2,in_store,
T000265,S01,2025-04-14 09:59,84.89,6,online,
T004582,S03,2025-05-11 13:14,75.53,3,in_store,
T008380,S05,2025-05-31 10:35,71.82,3,in_store,
T005536,S04,2025-04-19 10:19,59.8,4,in_store,
T004516,S03,2025-05-10 18:04,60.78,3,in_store,SPRING25
T002467,S02,2025-04-22 16:32,92.68,4,in_store,
T000669,S01,2025-04-26 11:38,14.86,2,online,
T001771,S01,2025-05-26 17:46,83.08,4,in_store,
T006729,S04,2025-05-25 18:00,56.64,4,online,
T001003,S01,2025-05-06 11:39,70.37,5,online,
T004749,S03,2025-05-17 16:22,54.31,5,in_store,
T006013,S04,2025-05-03 13:02,34.59,2,in_store,
T001319,S01,2025-05-14 15:24,143.14,4,in_store,
T001548,S01,2025-05-20 15:19,86.14,4,online,
T007130,S05,2025-04-14 09:56,55.14,3,online,
T004669,S03,2025-05-15 14:25,100.11,5,online,
T002714,S02,2025-05-01 10:09,23.61,1,online,
T001787,S01,2025-05-26 19:15,79.92,3,in_store,
T004837,S03,2025-05-21 17:26,54.05,3,in_store,
T000278,S01,2025-04-14 19:50,23.65,1,online,
T007423,S05,2025-04-24 19:08,51.05,5,online,
T002599,S02,2025-04-26 10:18,22.39,2,in_store,
T005783,S04,2025-04-26 09:47,81.6,4,in_store,
T005628,S04,2025-04-21 16:56,73.28,4,online,
T003654,S03,2025-04-07 19:17,19.28,1,in_store,
T008458,S09,2025-05-17 10:55,50.72,4,in_store,
T007160,S05,2025-04-15 19:21,59.17,3,in_store,
T007668,S05,2025-05-04 18:57,61.13,3,in_store,
T002340,S02,2025-04-18 12:48,66.93,4,in_store,
T007385,S05,2025-04-23 13:04,62.84,2,in_store,
T006741,S04,2025-05-26 16:40,77.06,4,in_store,
T001889,S01,2025-05-29 13:24,46.93,2,online,
T003544,S02,2025-05-29 15:17,16.04,1,in_store,
T000378,S01,2025-04-17 20:16,26.07,2,in_store,
T008155,S05,2025-05-23 09:51,39.82,2,in_store,
T001184,S01,2025-05-11 13:58,51.45,3,in_store,
T000635,S01,2025-04-25 16:54,20.32,2,in_store,
T003104,S02,2025-05-14 15:58,21.42,2,online,
T004763,S03,2025-05-18 18:48,50.03,3,in_store,
T003245,S02,2025-05-20 14:28,59.02,3,online,
T005673,S04,2025-04-23 16:24,14.81,1,in_store,
T006726,S04,2025-05-25 18:57,40.81,2,in_store,
T005981,S04,2025-05-03 20:34,63.93,4,in_store,
T005718,S04,2025-04-24 15:56,23.41,1,in_store,
T004755,S03,2025-05-18 15:17,21.2,1,in_store,
T001891,S01,2025-05-29 10:52,15.64,1,in_store,
T000080,S01,2025-04-09 16:07,36.29,3,online,
T007785,S05,2025-05-08 15:44,47.45,3,in_store,
T007617,S05,2025-05-02 10:13,34.19,2,in_store,
T003911,S03,2025-04-18 14:30,47.69,2,in_store,
T001030,S01,2025-05-06 11:35,78.0,3,in_store,
T008357,S05,2025-05-30 19:39,38.81,3,online,
T002347,S02,2025-04-18 09:10,18.75,3,in_store,
T000916,S01,2025-05-03 19:49,68.68,4,online,
T001968,S01,2025-05-31 18:02,54.23,3,in_store,
T008218,S05,2025-05-25 16:09,95.12,6,in_store,
T007112,S05,2025-04-13 13:31,106.86,6,in_store,
T001399,S01,2025-05-17 09:34,62.92,4,in_store,
T003489,S02,2025-05-27 12:13,83.47,3,online,
T002271,S02,2025-04-15 14:43,43.14,3,online,
T003009,S02,2025-05-11 17:38,18.57,1,in_store,
T001902,S01,2025-05-29 15:27,47.7,2,in_store,
T005234,S04,2025-04-10 13:24,64.94,4,in_store,
T007037,S05,2025-04-10 09:26,73.15,3,in_store,
T007206,S05,2025-04-17 16:43,22.56,2,online,
T004592,S03,2025-05-11 20:59,55.5,4,in_store,SPRING25
T005265,S04,2025-04-11 17:16,51.19,3,in_store,
T006640,S04,2025-05-22 09:25,113.76,6,online,
T001180,S01,2025-05-10 18:47,70.1,4,in_store,
T001994,S01,2025-06-01 13:03,79.09,4,in_store,
T001746,S01,2025-05-25 12:20,63.41,3,online,
T006234,S04,2025-05-10 13:17,51.99,5,online,
T007490,S05,2025-04-27 17:43,33.54,2,online,
T002706,S02,2025-04-30 14:57,75.07,3,in_store,
T001553,S01,2025-05-20 16:42,28.07,2,online,
T003622,S02,2025-06-01 11:21,51.02,2,in_store,
T003207,S02,2025-05-18 15:38,14.67,1,in_store,
T007285,S05,2025-04-20 15:45,41.57,3,online,
T006408,S04,2025-05-16 11:31,42.2,2,online,
T006440,S04,2025-05-17 19:22,53.88,2,in_store,
T000323,S01,2025-04-16 09:08,204.27,9,online,
T000784,S01,2025-04-29 15:20,41.86,2,in_store,
T001954,S01,2025-05-31 10:01,28.83,2,in_store,
T004840,S03,2025-05-21 12:40,37.05,3,in_store,
T004424,S03,2025-05-09 15:43,31.65,2,in_store,
T000767,S01,2025-04-29 16:36,113.94,4,in_store,
T006060,S04,2025-05-05 09:22,48.65,2,in_store,
T000046,S01,2025-04-08 13:17,17.32,2,in_store,
T007993,S05,2025-05-16 18:01,62.59,3,online,
T008214,S05,2025-05-25 10:22,108.94,4,online,
T002293,S02,2025-04-16 15:55,190.96,7,in_store,
T001545,S01,2025-05-20 18:04,41.66,3,in_store,
T004209,S03,2025-04-30 19:14,31.13,2,online,
T000789,S01,2025-04-30 09:35,36.12,2,in_store,
T002204,S02,2025-04-13 14:17,58.76,4,in_store,
T006596,S04,2025-05-21 15:03,48.48,3,in_store,
T005526,S04,2025-04-18 17:17,13.88,4,online,
T001991,S01,2025-06-01 15:47,9.15,1,in_store,
T002912,S02,2025-05-08 10:03,45.14,3,in_store,
T005340,S04,2025-04-13 10:25,43.29,2,online,
T003130,S02,2025-05-15 12:42,30.12,2,in_store,
T002515,S02,2025-04-23 15:14,90.81,4,in_store,
T004218,S03,2025-05-01 20:06,14.18,1,in_store,
T002933,S02,2025-05-09 18:10,16.19,2,in_store,
T002660,S02,2025-04-28 17:46,31.02,2,in_store,
T005352,S04,2025-04-13 17:12,104.18,4,in_store,
T004820,S03,2025-05-21 09:18,40.4,2,online,
T005995,S04,2025-05-03 20:39,96.36,5,in_store,
T007018,S05,2025-04-09 09:00,28.72,2,in_store,
T001289,S01,2025-05-14 09:18,42.59,4,online,
T005348,S04,2025-04-13 15:39,61.67,2,in_store,
T002876,S02,2025-05-07 10:50,52.29,4,in_store,
T001872,S01,2025-05-29 17:50,51.78,2,in_store,
T006967,S05,2025-04-07 12:35,25.12,1,in_store,
T004948,S03,2025-05-26 12:18,11.31,1,in_store,
T001641,S01,2025-05-23 13:57,93.66,6,online,
T001247,S01,2025-05-12 11:06,18.36,3,in_store,
T002947,S02,2025-05-09 20:05,13.58,1,in_store,
T007959,S05,2025-05-15 14:37,24.9,1,online,
T001322,S01,2025-05-14 11:25,66.76,3,in_store,
T002259,S02,2025-04-15 17:03,58.89,3,in_store,
T003811,S03,2025-04-14 09:27,45.72,3,in_store,
T002693,S02,2025-04-30 16:20,62.88,3,in_store,
T000773,S01,2025-04-29 10:58,47.85,2,in_store,
T000627,S01,2025-04-25 17:39,39.34,4,in_store,
T005993,S04,2025-05-03 15:29,16.48,1,in_store,
T004796,S03,2025-05-19 14:33,89.71,7,in_store,
T002495,S02,2025-04-23 13:23,32.33,2,online,
T005527,S04,2025-04-19 15:44,37.18,2,in_store,
T005611,S04,2025-04-21 16:51,91.49,5,in_store,
T002923,S02,2025-05-09 11:17,40.97,2,online,
T004113,S03,2025-04-27 13:00,51.53,2,online,
T001156,S01,2025-05-10 10:47,35.47,3,online,
T004991,S03,2025-05-28 13:11,37.26,3,in_store,
T007512,S05,2025-04-28 19:50,3.0,1,online,
T000148,S01,2025-04-11 17:46,51.6,2,in_store,
T000518,S01,2025-04-21 11:17,195.34,7,in_store,
T005752,S04,2025-04-26 12:44,48.67,4,online,
T004519,S03,2025-05-11 13:41,119.17,6,in_store,SPRING25
T007630,S05,2025-05-03 10:33,26.17,1,online,
T008381,S05,2025-05-31 20:54,40.0,2,online,
T007774,S05,2025-05-08 13:39,26.37,1,online,
T001926,S01,2025-05-30 16:21,149.37,6,online,
T005230,S04,2025-04-10 14:33,44.91,2,in_store,
T004412,S03,2025-05-09 10:28,22.34,2,in_store,
T001585,S01,2025-05-21 12:46,35.64,3,in_store,
T000438,S01,2025-04-19 19:49,61.88,4,in_store,
T007500,S05,2025-04-27 09:37,14.8,1,online,
T002414,S02,2025-04-20 11:12,46.72,2,in_store,
T002425,S02,2025-04-20 19:22,34.23,2,in_store,
T002333,S02,2025-04-18 16:26,86.65,3,in_store,
T000143,S01,2025-04-11 10:37,76.82,4,in_store,
T000664,S01,2025-04-26 13:36,26.41,2,in_store,
T007164,S05,2025-04-15 19:03,45.27,2,online,
T007066,S05,2025-04-11 14:24,84.88,4,online,
T006517,S04,2025-05-19 14:13,10.07,1,online,
T004207,S03,2025-04-30 13:30,89.62,4,online,
T002982,S02,2025-05-10 14:09,65.77,4,online,
T008325,S05,2025-05-29 17:05,134.93,4,in_store,
T000706,S01,2025-04-27 16:01,48.4,3,in_store,
T005680,S04,2025-04-23 16:18,44.5,3,in_store,
T003750,S03,2025-04-11 10:23,59.0,3,in_store,
T002108,S02,2025-04-10 15:16,11.54,3,online,
T007470,S05,2025-04-27 15:12,39.43,2,in_store,
T008062,S05,2025-05-19 17:19,15.65,1,in_store,
T004033,S03,2025-04-23 19:53,19.27,2,in_store,
T004811,S03,2025-05-20 17:43,34.56,3,in_store,
T007248,S05,2025-04-19 17:16,40.84,3,in_store,
T007247,S05,2025-04-18 17:54,18.29,1,in_store,
T002913,S02,2025-05-08 10:51,23.67,2,online,
T001231,S01,2025-05-12 19:54,44.88,2,in_store,
T006713,S04,2025-05-25 18:30,38.36,3,online,
T005349,S04,2025-04-13 18:42,45.02,4,online,
T004523,S03,2025-05-11 11:20,49.48,2,in_store,
T005134,S04,2025-04-07 16:52,75.14,4,online,
T004575,S03,2025-05-11 18:54,54.56,4,in_store,SPRING25
T002936,S02,2025-05-09 10:41,49.21,4,online,
T005570,S04,2025-04-20 15:34,78.33,5,online,
T002961,S02,2025-05-10 20:46,42.15,3,in_store,
T001400,S01,2025-05-17 11:23,15.1,1,online,
T005176,S04,2025-04-08 13:24,55.63,3,in_store,
T002173,S02,2025-04-12 17:13,71.96,3,in_store,
T002452,S02,2025-04-21 09:03,69.12,4,in_store,
T000225,S01,2025-04-13 16:14,60.4,4,in_store,
T006185,S04,2025-05-09 14:48,17.83,1,in_store,
T003688,S03,2025-04-08 12:37,66.41,2,in_store,
T006948,S04,2025-06-01 13:28,103.76,5,in_store,
T001500,S01,2025-05-19 11:11,52.1,3,in_store,
T006226,S04,2025-05-10 14:26,60.53,3,in_store,
T007057,S05,2025-04-11 11:57,35.44,2,in_store,
T006067,S04,2025-05-05 13:30,32.78,3,in_store,
T007741,S05,2025-05-07 14:05,66.08,3,in_store,
T006140,S04,2025-05-07 16:32,92.85,4,in_store,
T000213,S01,2025-04-12 20:47,44.96,3,in_store,
T004168,S03,2025-04-29 10:40,34.95,2,online,
T001178,S01,2025-05-10 10:34,16.08,1,in_store,
T005141,S04,2025-04-07 15:39,18.07,1,online,
T000851,S01,2025-05-01 17:26,72.07,4,in_store,
T007360,S05,2025-04-22 20:34,23.93,2,in_store,
T001708,S01,2025-05-24 13:23,59.9,2,in_store,
T004946,S03,2025-05-26 13:13,37.59,2,in_store,
T004841,S03,2025-05-21 16:20,80.53,6,in_store,
T001661,S01,2025-05-23 10:40,60.84,3,in_store,
T002458,S02,2025-04-21 14:24,35.03,2,in_store,
T003983,S03,2025-04-20 09:31,51.38,3,in_store,
T006797,S04,2025-05-28 11:47,41.25,3,in_store,
T002532,S02,2025-04-24 15:22,33.79,1,in_store,
T003511,S02,2025-05-28 15:46,57.3,3,online,
T007265,S05,2025-04-19 12:12,55.87,2,in_store,
T003748,S03,2025-04-11 20:43,30.56,4,online,
T000563,S01,2025-04-22 11:49,74.97,4,in_store,
T007851,S05,2025-05-10 14:29,35.0,2,in_store,
T005396,S04,2025-04-15 14:14,73.36,3,online,
T007457,S05,2025-04-26 20:00,32.02,3,in_store,
T002889,S02,2025-05-07 13:55,26.17,2,online,
T006315,S04,2025-05-12 16:05,12.86,2,in_store,
T001048,S01,2025-05-07 20:45,20.62,4,online,
T002232,S02,2025-04-14 19:40,22.9,2,in_store,
T001122,S01,2025-05-09 18:16,61.81,3,in_store,
T004223,S03,2025-05-01 09:59,107.0,4,online,
T001327,S01,2025-05-15 20:48,25.29,2,in_store,
T002842,S02,2025-05-06 13:56,59.4,4,in_store,
T000313,S01,2025-04-15 09:36,7.76,1,in_store,
T008060,S05,2025-05-19 18:34,83.63,5,in_store,
T007459,S05,2025-04-26 10:28,46.95,3,in_store,
T003340,S02,2025-05-23 11:31,16.0,1,online,
T004199,S03,2025-04-30 12:12,27.9,3,in_store,
T007888,S05,2025-05-12 20:30,44.05,2,in_store,
T001819,S01,2025-05-27 19:50,17.87,1,online,
T004887,S03,2025-05-24 17:23,48.87,2,in_store,
T006810,S04,2025-05-28 09:57,74.04,5,in_store,
T001100,S01,2025-05-08 15:42,94.86,4,in_store,
T001273,S01,2025-05-13 16:12,19.34,1,in_store,
T000430,S01,2025-04-18 19:19,93.15,3,in_store,
T005758,S04,2025-04-26 20:10,26.49,2,online,
T001456,S01,2025-05-18 17:54,48.52,2,online,
T001405,S01,2025-05-17 19:10,34.92,4,in_store,
T002125,S02,2025-04-11 09:41,54.73,3,online,
T002258,S02,2025-04-15 16:11,33.69,2,online,
T001557,S01,2025-05-20 18:14,59.16,3,online,
T006380,S04,2025-05-15 11:47,17.6,1,in_store,
T004250,S03,2025-05-02 17:42,66.26,3,in_store,
T007731,S05,2025-05-06 13:47,23.79,1,in_store,
T006590,S04,2025-05-21 15:47,14.36,1,in_store,
T007308,S05,2025-04-20 19:14,34.46,2,in_store,
T006827,S04,2025-05-28 11:11,42.61,2,online,
T001179,S01,2025-05-10 10:56,49.33,2,in_store,
T007596,S05,2025-05-01 13:39,38.12,3,in_store,
T003048,S02,2025-05-12 17:58,39.66,3,in_store,
T003307,S02,2025-05-22 17:27,39.74,3,in_store,
T003299,S02,2025-05-21 09:45,81.82,3,online,
T002225,S02,2025-04-14 16:21,97.46,4,online,
T001621,S01,2025-05-22 16:24,51.06,2,in_store,
T007680,S05,2025-05-04 17:55,64.35,3,in_store,
T008469,S09,2025-04-14 17:16,13.68,1,online,
T005790,S04,2025-04-26 16:12,67.21,3,in_store,
T006104,S04,2025-05-06 19:04,45.83,2,online,
T002260,S02,2025-04-15 14:46,83.69,6,in_store,
T004711,S03,2025-05-16 20:22,22.88,3,in_store,
T007927,S05,2025-05-13 09:30,37.86,3,online,
T006819,S04,2025-05-28 16:47,36.28,3,online,
T007873,S05,2025-05-11 11:51,23.19,1,in_store,
T002500,S02,2025-04-23 09:12,60.08,4,in_store,
T005158,S04,2025-04-08 18:36,41.79,2,in_store,
T002673,S02,2025-04-29 15:28,104.78,6,in_store,
T007597,S05,2025-05-01 09:38,16.11,1,in_store,
T002890,S02,2025-05-07 18:22,31.64,2,online,
T006926,S04,2025-05-31 18:16,58.92,2,online,
T002578,S02,2025-04-26 17:28,45.12,3,in_store,
T006677,S04,2025-05-24 20:50,87.84,5,in_store,
T005311,S04,2025-04-12 13:27,34.45,2,in_store,
T008351,S05,2025-05-30 16:27,57.22,6,online,
T003586,S02,2025-05-30 15:37,20.96,1,in_store,
T002486,S02,2025-04-22 13:50,90.69,4,online,
T004659,S03,2025-05-14 15:02,45.48,3,in_store,
T002707,S02,2025-05-01 11:11,33.75,2,online,
T000955,S01,2025-05-04 19:40,100.19,5,online,
T006548,S04,2025-05-20 12:31,33.19,2,in_store,
T004200,S03,2025-04-30 09:00,60.6,3,in_store,
T001053,S01,2025-05-07 15:34,23.96,2,in_store,
T007753,S05,2025-05-07 15:26,36.33,3,in_store,
T002445,S02,2025-04-21 09:13,36.13,2,in_store,
T002804,S02,2025-05-04 11:34,77.44,3,in_store,
T005742,S04,2025-04-25 19:05,23.53,1,online,
T000889,S01,2025-05-03 20:32,69.17,3,in_store,
T007469,S05,2025-04-27 10:15,98.0,4,in_store,
T003060,S02,2025-05-12 11:12,20.7,1,in_store,
T006736,S04,2025-05-26 20:06,20.82,1,online,
T004247,S03,2025-05-02 11:21,21.94,1,in_store,
T004872,S03,2025-05-23 12:32,45.48,2,in_store,
T004914,S03,2025-05-25 17:21,121.57,4,online,
T000140,S01,2025-04-10 20:34,72.56,3,in_store,
T000630,S01,2025-04-25 11:21,25.66,2,online,
T004731,S03,2025-05-17 17:14,28.42,2,online,
T000050,S01,2025-04-08 17:39,69.15,3,online,
T006849,S04,2025-05-29 12:03,56.97,3,online,
T001907,S01,2025-05-30 16:11,75.89,3,in_store,
T003372,S02,2025-05-24 13:22,49.31,4,in_store,
T006959,S05,2025-04-07 09:19,55.41,3,in_store,
T000470,S01,2025-04-19 17:12,26.91,2,in_store,
T000892,S01,2025-05-03 14:15,72.61,4,in_store,
T008327,S05,2025-05-29 14:21,52.15,3,in_store,
T002808,S02,2025-05-04 11:20,52.96,3,online,
T007700,S05,2025-05-05 12:09,31.17,2,online,
T000653,S01,2025-04-26 16:10,47.1,5,online,
T003641,S02,2025-06-01 13:14,24.2,1,in_store,
T001203,S01,2025-05-11 09:38,114.81,5,in_store,
T006115,S04,2025-05-07 20:47,49.04,2,online,
T005550,S04,2025-04-19 20:55,18.15,1,online,
T004721,S03,2025-05-17 13:11,20.71,1,in_store,
T007845,S05,2025-05-10 13:20,27.65,2,online,
T007348,S05,2025-04-21 18:43,53.08,4,in_store,
T006693,S04,2025-05-24 14:34,63.35,5,online,
T004169,S03,2025-04-29 15:51,42.35,4,in_store,
T004687,S03,2025-05-15 09:59,85.43,3,in_store,
T007316,S05,2025-04-20 11:35,79.29,4,online,
T000188,S01,2025-04-12 20:47,117.34,5,in_store,
T003723,S03,2025-04-10 11:28,66.29,4,in_store,
T002154,S02,2025-04-12 14:17,42.22,3,online,
T000743,S01,2025-04-28 12:05,55.91,4,online,
T001914,S01,2025-05-30 14:51,18.69,1,in_store,
T003449,S02,2025-05-26 11:05,104.1,6,in_store,
T002856,S02,2025-05-06 16:42,32.6,2,online,
T007941,S05,2025-05-14 19:35,64.56,5,in_store,
T000794,S01,2025-04-30 20:55,95.69,6,in_store,
T002594,S02,2025-04-26 13:39,25.59,1,in_store,
T000911,S01,2025-05-03 18:50,49.93,3,in_store,
T000055,S01,2025-04-08 12:39,21.21,2,in_store,
T002596,S02,2025-04-26 16:33,56.28,4,in_store,
T004564,S03,2025-05-11 11:21,43.73,2,online,SPRING25
T000754,S01,2025-04-28 17:53,48.2,3,online,
T007656,S05,2025-05-04 15:21,64.55,4,in_store,
T002783,S02,2025-05-03 15:17,10.03,1,online,
T003826,S03,2025-04-14 20:06,26.3,3,online,
T007728,S05,2025-05-06 19:40,94.33,3,in_store,
T007052,S05,2025-04-11 14:20,64.53,2,in_store,
T001300,S01,2025-05-14 14:19,118.69,6,online,
T006506,S04,2025-05-18 12:33,24.08,1,online,
T003883,S03,2025-04-17 20:03,18.35,1,in_store,
T004921,S03,2025-05-25 10:43,49.8,3,in_store,
T000766,S01,2025-04-29 14:18,107.25,5,in_store,
T000041,S01,2025-04-08 14:21,60.29,2,in_store,
T004088,S03,2025-04-25 20:21,30.27,2,in_store,
T005156,S04,2025-04-08 12:23,99.49,4,in_store,
T005202,S04,2025-04-09 14:09,36.39,2,in_store,
T006978,S05,2025-04-08 18:44,63.88,2,online,
T002500,S02,2025-04-23 09:12,60.08,4,in_store,
T005971,S04,2025-05-02 20:47,83.4,4,online,
T004699,S03,2025-05-16 19:15,40.67,3,in_store,
T004886,S03,2025-05-24 12:17,41.94,2,in_store,
T001293,S01,2025-05-14 13:50,71.44,4,in_store,
T007158,S05,2025-04-15 15:38,42.24,2,online,
T004576,S03,2025-05-11 17:22,127.97,6,in_store,
T007083,S05,2025-04-12 15:48,37.58,2,in_store,
T000329,S01,2025-04-16 20:31,14.61,1,in_store,
T007782,S05,2025-05-08 18:42,36.62,2,in_store,
T008295,S05,2025-05-28 14:52,73.38,5,online,
T006144,S04,2025-05-08 09:47,23.86,3,in_store,
T007165,S05,2025-04-15 20:09,14.21,1,in_store,
T000488,S01,2025-04-20 12:28,57.71,3,in_store,
T004997,S03,2025-05-28 17:14,73.21,4,online,
T003424,S02,2025-05-25 11:08,47.4,3,in_store,
T004198,S03,2025-04-30 11:22,5.31,2,in_store,
T006125,S04,2025-05-07 10:59,21.33,1,in_store,
T007091,S05,2025-04-12 13:11,54.79,3,online,
T007127,S05,2025-04-13 20:52,34.24,3,in_store,
T001730,S01,2025-05-25 09:11,25.46,1,in_store,
T002502,S02,2025-04-23 15:03,60.52,3,in_store,
T003513,S02,2025-05-28 16:59,18.25,1,online,
T006159,S04,2025-05-08 18:33,82.24,4,in_store,
T003043,S02,2025-05-12 20:35,29.7,3,online,
T001058,S01,2025-05-07 11:13,37.25,2,in_store,
T007997,S05,2025-05-16 20:00,84.96,4,in_store,
T005651,S04,2025-04-22 10:25,33.04,3,online,
T002729,S02,2025-05-01 10:08,86.69,3,online,
T008106,S05,2025-05-21 12:56,71.8,3,in_store,
T004815,S03,2025-05-20 15:56,75.92,4,in_store,
T006668,S04,2025-05-24 17:39,72.97,4,online,
T004100,S03,2025-04-26 19:26,36.6,2,online,
T005500,S04,2025-04-18 14:29,28.29,2,in_store,
T005667,S04,2025-04-23 19:07,67.42,4,online,
T003355,S02,2025-05-23 10:43,77.63,4,in_store,
T002582,S02,2025-04-26 14:24,54.64,3,in_store,
T007632,S05,2025-05-03 11:29,45.3,5,in_store,
T007376,S05,2025-04-23 13:19,87.36,4,in_store,
T006403,S04,2025-05-15 13:23,11.75,1,in_store,
T007217,S05,2025-04-17 10:36,39.9,5,in_store,
T005240,S04,2025-04-10 18:33,66.85,4,online,
T006288,S04,2025-05-11 11:24,51.07,4,in_store,
T007054,S05,2025-04-11 09:16,67.17,3,in_store,
T006907,S04,2025-05-31 16:22,110.53,4,in_store,
T004415,S03,2025-05-09 17:49,31.77,1,in_store,
T006658,S04,2025-05-24 19:31,50.66,4,online,
T000303,S01,2025-04-15 17:13,68.2,5,in_store,
T002001,S01,2025-06-01 20:10,45.68,2,in_store,
T003582,S02,2025-05-30 09:19,29.34,2,in_store,
T004172,S03,2025-04-29 14:31,61.24,2,in_store,
T008119,S05,2025-05-22 18:56,63.92,4,online,
T002104,S02,2025-04-10 17:23,56.46,3,in_store,
T003198,S02,2025-05-18 16:03,117.6,4,online,
T000969,S01,2025-05-05 17:11,28.51,2,in_store,
T003618,S02,2025-06-01 20:38,24.95,1,in_store,
T008393,S05,2025-05-31 11:54,71.64,4,online,
T000437,S01,2025-04-19 09:44,64.25,3,in_store,
T007544,S05,2025-04-29 12:27,51.16,4,in_store,
T000876,S01,2025-05-02 18:48,57.68,4,in_store,
T003588,S02,2025-05-30 14:05,45.46,2,in_store,
T008013,S05,2025-05-17 15:12,59.56,4,online,
T002312,S02,2025-04-17 15:05,25.6,3,in_store,
T002642,S02,2025-04-28 15:10,113.74,5,online,
T000825,S01,2025-05-01 14:17,55.46,3,online,
T008043,S05,2025-05-18 19:41,90.84,4,in_store,
T007755,S05,2025-05-07 11:50,14.59,1,in_store,
T008229,S05,2025-05-25 15:20,29.33,3,in_store,
T002848,S02,2025-05-06 10:04,26.24,2,in_store,
T005283,S04,2025-04-12 16:29,66.05,4,in_store,
T000024,S01,2025-04-07 18:59,156.1,9,online,
T004753,S03,2025-05-17 11:49,70.41,4,in_store,
T006772,S04,2025-05-27 15:15,40.54,2,online,
T002920,S02,2025-05-08 12:37,39.39,4,online,
T004471,S03,2025-05-10 11:03,58.22,6,in_store,
T002282,S02,2025-04-16 17:54,64.82,3,in_store,
T006419,S04,2025-05-16 16:15,54.66,7,in_store,
T005424,S04,2025-04-16 16:14,51.94,4,in_store,
T002025,S02,2025-04-07 18:15,43.48,4,online,
T007392,S05,2025-04-23 15:35,69.33,3,in_store,
T003273,S02,2025-05-21 13:04,65.72,4,in_store,
T007929,S05,2025-05-13 13:52,38.79,3,in_store,
T003758,S03,2025-04-11 12:10,62.54,3,in_store,
T008077,S05,2025-05-20 15:49,36.03,2,in_store,
T008044,S05,2025-05-18 13:21,33.38,3,in_store,
T008379,S05,2025-05-31 16:29,107.9,5,in_store,
T004955,S03,2025-05-26 18:44,27.14,2,online,
T004306,S03,2025-05-05 18:11,69.99,3,online,
T005208,S04,2025-04-09 19:56,22.45,2,in_store,
T001446,S01,2025-05-18 13:10,84.34,4,in_store,
T007221,S05,2025-04-18 13:34,13.49,1,in_store,
T002406,S02,2025-04-20 15:44,22.64,1,in_store,
T004842,S03,2025-05-21 16:49,71.31,3,in_store,
T002355,S02,2025-04-18 10:06,35.02,2,online,
T004580,S03,2025-05-11 10:55,60.91,6,in_store,
T008376,S05,2025-05-31 18:26,57.17,2,in_store,
T007930,S05,2025-05-13 11:15,37.63,2,in_store,
T007951,S05,2025-05-14 09:39,107.42,4,in_store,
T006844,S04,2025-05-29 18:28,30.91,2,in_store,
T007420,S05,2025-04-24 15:38,69.58,3,in_store,
T006992,S05,2025-04-08 15:25,63.47,5,in_store,
T003872,S03,2025-04-16 09:07,53.12,4,in_store,
T006256,S04,2025-05-11 15:42,76.47,6,in_store,
T002997,S02,2025-05-11 16:47,75.28,3,in_store,
T004295,S03,2025-05-04 14:20,52.69,3,in_store,
T006353,S04,2025-05-13 14:29,72.72,3,online,
T004656,S03,2025-05-14 14:11,80.85,4,online,
T006383,S04,2025-05-15 12:32,63.08,3,in_store,
T003292,S02,2025-05-21 15:31,44.78,3,in_store,
T001074,S01,2025-05-08 10:47,12.38,1,in_store,
T001062,S01,2025-05-07 18:55,102.02,5,in_store,
T003259,S02,2025-05-20 11:20,37.42,3,in_store,
T001784,S01,2025-05-26 09:56,31.32,2,in_store,
T003721,S03,2025-04-09 18:27,50.06,2,online,
T002439,S02,2025-04-21 16:06,26.9,3,online,
T008397,S05,2025-05-31 17:42,40.9,4,online,
T006853,S04,2025-05-29 11:27,69.66,6,in_store,
T008053,S05,2025-05-19 13:14,33.88,4,in_store,
T002858,S02,2025-05-06 11:00,24.25,1,in_store,
T002694,S02,2025-04-30 13:14,37.69,2,in_store,
T001192,S01,2025-05-11 10:38,103.17,4,in_store,
T001138,S01,2025-05-10 09:39,109.36,5,online,
T006690,S04,2025-05-24 09:28,147.49,4,in_store,
T005721,S04,2025-04-25 16:23,39.03,2,in_store,
T004434,S03,2025-05-10 20:46,121.93,6,in_store,SPRING25
T002817,S02,2025-05-05 19:48,15.76,1,in_store,
T005512,S04,2025-04-18 09:12,34.12,2,online,
T005001,S03,2025-05-28 13:09,20.24,1,in_store,
T007099,S05,2025-04-13 11:43,52.8,4,in_store,
T003232,S02,2025-05-19 20:53,172.41,5,online,
T001433,S01,2025-05-18 17:24,56.59,2,in_store,
T006152,S04,2025-05-08 14:20,20.1,1,in_store,
T004181,S03,2025-04-29 13:22,30.63,2,online,
T007451,S05,2025-04-26 16:08,12.81,1,in_store,
T005462,S04,2025-04-17 18:50,34.65,2,in_store,
T004228,S03,2025-05-01 12:10,52.02,3,online,
T005428,S04,2025-04-16 17:32,90.28,5,online,
T002952,S02,2025-05-09 09:02,62.31,4,online,
T001793,S01,2025-05-26 17:40,29.01,2,in_store,
T001874,S01,2025-05-29 13:45,38.34,2,in_store,
T002143,S02,2025-04-11 15:50,96.19,8,in_store,
T002390,S02,2025-04-19 12:58,49.28,4,online,
T007033,S05,2025-04-10 20:37,47.26,3,in_store,
T001015,S01,2025-05-06 20:25,46.87,4,in_store,
T002988,S02,2025-05-10 10:16,45.11,3,in_store,
T000817,S01,2025-05-01 12:00,15.55,1,in_store,
T001984,S01,2025-06-01 14:51,36.3,2,in_store,
T002978,S02,2025-05-10 20:23,23.44,3,in_store,
T001645,S01,2025-05-23 19:55,58.82,3,in_store,
T005974,S04,2025-05-02 16:41,46.64,3,online,
T006025,S04,2025-05-04 20:54,31.68,3,in_store,
T007988,S05,2025-05-16 10:41,100.31,4,in_store,
T004301,S03,2025-05-04 14:22,69.92,3,online,
T005535,S04,2025-04-19 16:41,47.78,3,in_store,
T000487,S01,2025-04-20 09:12,42.02,3,in_store,
T006223,S04,2025-05-10 11:45,18.43,1,in_store,
T004186,S03,2025-04-29 17:36,43.43,5,in_store,
T002046,S02,2025-04-08 18:52,54.73,3,in_store,
T000005,S01,2025-04-07 16:30,28.95,2,in_store,
T000063,S01,2025-04-08 16:43,11.0,1,online,
T004684,S03,2025-05-15 15:49,45.47,2,in_store,
T004910,S03,2025-05-24 12:06,35.29,2,in_store,
T007943,S05,2025-05-14 18:12,58.4,3,online,
T004316,S03,2025-05-05 09:45,36.5,2,online,
T004246,S03,2025-05-02 14:20,42.14,2,in_store,
T005273,S04,2025-04-11 19:28,63.51,4,in_store,
T000838,S01,2025-05-01 15:26,42.4,5,online,
T002356,S02,2025-04-18 20:26,41.06,2,in_store,
T008049,S05,2025-05-18 12:43,46.9,4,in_store,
T005434,S04,2025-04-16 18:56,33.78,2,in_store,
T007924,S05,2025-05-13 20:59,29.63,2,online,
T005324,S04,2025-04-13 16:58,58.91,3,online,
T002919,S02,2025-05-08 19:42,117.1,7,online,
T000302,S01,2025-04-15 11:25,56.85,2,online,
T005637,S04,2025-04-22 15:13,15.82,1,in_store,
T007464,S05,2025-04-26 10:14,46.63,4,in_store,
T005168,S04,2025-04-08 15:53,58.51,3,in_store,
T003455,S02,2025-05-26 19:53,31.31,1,in_store,
T002556,S02,2025-04-25 19:14,98.98,5,online,
T005250,S04,2025-04-10 13:09,115.53,5,online,
T002846,S02,2025-05-06 10:09,42.01,3,online,
T006620,S04,2025-05-22 18:40,26.66,3,online,
T002524,S02,2025-04-24 19:00,33.61,2,online,
T000324,S01,2025-04-16 18:36,18.1,1,online,
T004087,S03,2025-04-25 13:06,39.53,3,online,
T001454,S01,2025-05-18 14:07,29.81,3,in_store,
T007326,S05,2025-04-20 18:51,22.29,2,in_store,
T000932,S01,2025-05-03 11:24,56.67,3,online,
T001096,S01,2025-05-08 15:57,157.34,6,in_store,
T007100,S05,2025-04-13 14:02,76.83,6,in_store,
T004789,S03,2025-05-19 18:38,37.72,2,in_store,
T001425,S01,2025-05-17 15:19,54.73,3,in_store,
T008118,S05,2025-05-22 12:23,55.47,2,in_store,
T003769,S03,2025-04-12 16:41,32.4,2,in_store,
T002050,S02,2025-04-08 11:01,62.13,4,in_store,
T003334,S02,2025-05-23 09:17,95.32,5,in_store,
T003575,S02,2025-05-30 13:30,50.23,6,in_store,
T005934,S04,2025-05-01 14:04,119.52,3,online,
T001190,S01,2025-05-11 12:53,126.42,5,in_store,
T005835,S04,2025-04-28 09:57,25.16,2,online,
T003041,S02,2025-05-12 16:04,28.54,2,online,
T000304,S01,2025-04-15 11:05,23.86,2,in_store,
T000583,S01,2025-04-23 10:26,92.13,4,in_store,
T002746,S02,2025-05-02 15:13,22.69,2,in_store,
T005722,S04,2025-04-25 18:51,24.42,1,in_store,
T004736,S03,2025-05-17 19:11,70.59,4,in_store,
T008452,S09,2025-04-07 17:14,30.02,2,online,
T000135,S01,2025-04-10 12:49,17.94,1,in_store,
T005289,S04,2025-04-12 14:38,33.06,3,online,
T007898,S05,2025-05-12 20:11,86.9,3,in_store,
T006878,S04,2025-05-30 18:54,173.56,5,in_store,
T000952,S01,2025-05-04 11:32,66.39,5,in_store,
T008435,S05,2025-06-01 10:56,16.43,3,in_store,
T005013,S03,2025-05-28 16:18,34.01,3,online,
T006793,S04,2025-05-27 16:33,32.19,3,in_store,
T003633,S02,2025-06-01 11:35,64.62,4,in_store,
T008128,S05,2025-05-22 18:25,76.06,5,online,
T004310,S03,2025-05-05 13:39,39.96,3,in_store,
T007049,S05,2025-04-11 20:22,25.25,2,in_store,
T001141,S01,2025-05-10 15:14,61.69,2,online,
T003234,S02,2025-05-19 18:22,65.75,4,in_store,
T006355,S04,2025-05-13 11:56,17.69,1,in_store,
T002035,S02,2025-04-07 11:52,231.0,6,in_store,
T000388,S01,2025-04-17 20:55,32.48,3,in_store,
T002866,S02,2025-05-07 13:37,64.55,4,in_store,
T001187,S01,2025-05-11 10:07,44.17,3,online,
T008313,S05,2025-05-28 20:44,57.28,3,online,
T002823,S02,2025-05-05 16:04,26.98,1,in_store,
T002865,S02,2025-05-07 18:54,31.42,3,in_store,
T005915,S04,2025-04-30 16:23,4.94,1,in_store,
T000422,S01,2025-04-18 16:53,79.68,4,online,
T005084,S03,2025-05-31 15:11,20.05,2,in_store,
T003302,S02,2025-05-22 12:17,36.64,3,in_store,
T005184,S04,2025-04-08 10:17,100.29,7,in_store,
T007508,S05,2025-04-28 11:25,34.28,4,in_store,
T001361,S01,2025-05-16 11:08,64.14,3,online,
T001468,S01,2025-05-18 09:32,68.63,3,online,
T007103,S05,2025-04-13 17:51,33.23,2,in_store,
T006812,S04,2025-05-28 16:25,49.08,3,in_store,
T000920,S01,2025-05-03 15:17,63.52,3,online,
T005155,S04,2025-04-08 16:00,79.09,4,online,
T003169,S02,2025-05-17 10:46,37.35,2,in_store,
T001742,S01,2025-05-25 12:14,94.09,4,in_store,
T003658,S03,2025-04-07 18:34,27.47,2,in_store,
T002604,S02,2025-04-26 11:00,9.57,1,in_store,
T001357,S01,2025-05-16 18:57,20.39,1,in_store,
T006806,S04,2025-05-28 13:56,8.83,1,in_store,
T002157,S02,2025-04-12 19:13,12.99,1,online,
T003085,S02,2025-05-13 16:38,93.53,4,online,
T006028,S04,2025-05-04 10:04,27.86,2,in_store,
T006731,S04,2025-05-25 10:40,69.07,3,in_store,
T005886,S04,2025-04-29 09:07,35.66,2,online,
T006360,S04,2025-05-14 13:42,52.89,3,online,
T003681,S03,2025-04-07 16:04,34.02,2,in_store,
T005911,S04,2025-04-30 18:22,40.37,2,in_store,
T004076,S03,2025-04-25 16:24,18.56,1,in_store,
T005757,S04,2025-04-26 20:09,21.73,2,online,
T007830,S05,2025-05-10 18:00,36.23,2,in_store,
T005928,S04,2025-05-01 20:35,44.69,2,in_store,
T002086,S02,2025-04-09 17:29,58.36,2,in_store,
T001370,S01,2025-05-16 17:52,45.63,2,in_store,
T007227,S05,2025-04-18 09:52,58.74,5,in_store,
T001123,S01,2025-05-09 18:17,125.55,4,in_store,
T002028,S02,2025-04-07 14:12,40.91,3,in_store,
T001182,S01,2025-05-11 18:57,65.43,4,in_store,
T003407,S02,2025-05-25 19:09,66.29,3,in_store,
T005615,S04,2025-04-21 15:36,225.23,7,online,
T001099,S01,2025-05-08 14:48,59.28,3,in_store,
T001290,S01,2025-05-14 20:33,84.98,4,online,
T000879,S01,2025-05-02 10:25,32.79,2,in_store,
T005763,S04,2025-04-26 18:16,190.98,7,online,
T007689,S05,2025-05-05 13:24,47.58,3,in_store,
T006720,S04,2025-05-25 15:29,68.31,4,in_store,
T004094,S03,2025-04-26 18:52,40.25,3,in_store,
T006156,S04,2025-05-08 10:43,43.81,3,online,
T003734,S03,2025-04-10 20:15,69.49,3,online,
T005476,S04,2025-04-17 11:13,49.55,3,online,
T005148,S04,2025-04-08 16:12,28.54,2,online,
T003742,S03,2025-04-10 14:20,53.39,3,in_store,
T003541,S02,2025-05-29 13:50,44.45,2,online,
T003958,S03,2025-04-20 13:08,29.67,2,online,
T005545,S04,2025-04-19 12:32,31.95,2,in_store,
T007193,S05,2025-04-16 15:15,75.84,3,in_store,
T003637,S02,2025-06-01 14:49,36.32,3,in_store,
T002379,S02,2025-04-19 16:49,14.63,1,in_store,
T000936,S01,2025-05-04 12:45,98.65,4,online,
T002963,S02,2025-05-10 13:48,111.17,7,online,
T000704,S01,2025-04-27 12:11,89.71,6,in_store,
T000306,S01,2025-04-15 18:09,43.52,2,online,
T005622,S04,2025-04-21 10:38,41.09,2,online,
T007967,S05,2025-05-15 20:00,64.3,6,in_store,
T005761,S04,2025-04-26 15:17,54.46,3,in_store,
T007609,S05,2025-05-02 16:01,142.03,5,in_store,
T006649,S04,2025-05-23 12:47,52.81,3,in_store,
T000381,S01,2025-04-17 13:10,54.52,3,in_store,
T001193,S01,2025-05-11 09:47,32.59,3,online,
T003359,S02,2025-05-24 20:58,67.8,4,in_store,
T001919,S01,2025-05-30 20:39,101.39,4,in_store,
T007612,S05,2025-05-02 18:08,25.26,5,online,
T000639,S01,2025-04-25 13:38,32.12,2,in_store,
T000810,S01,2025-04-30 16:48,45.45,3,online,
T006798,S04,2025-05-28 19:27,43.5,3,online,
T003103,S02,2025-05-14 09:28,65.85,3,in_store,
T005135,S04,2025-04-07 09:56,16.78,1,in_store,
T003492,S02,2025-05-27 09:41,54.81,5,in_store,
T003261,S02,2025-05-20 17:24,10.77,1,in_store,
T002701,S02,2025-04-30 16:02,66.76,3,online,
T001704,S01,2025-05-24 15:30,68.08,5,online,
T004533,S03,2025-05-11 15:12,94.07,6,in_store,SPRING25
T000234,S01,2025-04-13 20:00,118.44,5,in_store,
T002052,S02,2025-04-08 15:42,79.91,4,in_store,
T002457,S02,2025-04-21 20:26,36.34,4,online,
T000885,S01,2025-05-02 09:57,44.57,2,in_store,
T004943,S03,2025-05-26 13:15,26.44,2,in_store,
T007735,S05,2025-05-06 13:38,10.65,1,in_store,
T006561,S04,2025-05-20 09:40,93.45,4,in_store,
T003779,S03,2025-04-12 18:02,83.81,3,in_store,
T005058,S03,2025-05-30 20:26,47.0,2,in_store,
T007177,S05,2025-04-16 13:19,21.77,1,online,
T006923,S04,2025-05-31 16:05,27.17,2,in_store,
T006794,S04,2025-05-27 18:43,58.02,3,in_store,
T006096,S04,2025-05-06 11:43,5.56,4,online,
T006552,S04,2025-05-20 10:03,53.57,2,in_store,
T002636,S02,2025-04-28 12:35,103.43,5,in_store,
T007565,S05,2025-04-30 10:46,35.83,2,in_store,
T003437,S02,2025-05-25 10:37,61.16,3,in_store,
T003439,S02,2025-05-26 13:29,44.25,2,online,
T000008,S01,2025-04-07 14:13,71.49,3,online,
T003855,S03,2025-04-15 11:19,12.52,1,in_store,
T003802,S03,2025-04-13 18:29,26.56,2,online,
T002845,S02,2025-05-06 14:16,57.35,4,in_store,
T007887,S05,2025-05-12 18:38,50.21,3,in_store,
T000413,S01,2025-04-18 12:22,40.76,3,online,
T003065,S02,2025-05-13 20:53,69.61,3,online,
T001869,S01,2025-05-29 11:50,142.66,4,in_store,
T001217,S01,2025-05-11 18:48,21.33,1,in_store,
T006294,S04,2025-05-12 09:29,63.49,3,in_store,
T008175,S05,2025-05-24 17:38,52.43,5,in_store,
T002902,S02,2025-05-08 15:43,9.58,1,in_store,
T003370,S02,2025-05-24 17:45,8.03,1,in_store,
T007955,S05,2025-05-15 20:43,100.41,6,in_store,
T000300,S01,2025-04-15 12:30,62.88,4,in_store,
T007479,S05,2025-04-27 14:34,52.25,5,online,
T000682,S01,2025-04-26 20:23,66.27,3,in_store,
T004984,S03,2025-05-27 17:00,14.35,1,online,
T003583,S02,2025-05-30 20:41,52.8,2,in_store,
T004835,S03,2025-05-21 15:05,49.92,2,in_store,
T006385,S04,2025-05-15 20:51,28.16,2,online,
T006344,S04,2025-05-13 19:26,50.1,3,online,
T005900,S04,2025-04-30 18:54,51.65,3,in_store,
T002094,S02,2025-04-10 09:08,9.76,1,in_store,
T006544,S04,2025-05-19 09:21,30.85,2,in_store,
T003613,S02,2025-05-31 16:06,14.77,1,in_store,
T004489,S03,2025-05-10 17:55,166.02,7,in_store,SPRING25
T002186,S02,2025-04-13 15:40,31.91,2,in_store,
T002594,S02,2025-04-26 13:39,25.59,1,in_store,
T003108,S02,2025-05-14 17:28,82.11,3,in_store,
T003606,S02,2025-05-31 17:21,22.81,2,online,
T005286,S04,2025-04-12 16:11,43.42,2,in_store,
T005151,S04,2025-04-08 10:00,40.73,2,in_store,
T006466,S04,2025-05-17 13:45,46.09,3,online,
T006679,S04,2025-05-24 16:42,51.94,3,in_store,
T008342,S05,2025-05-29 14:54,49.79,3,online,
T004478,S03,2025-05-10 18:36,55.28,4,online,SPRING25
T000206,S01,2025-04-12 12:53,76.02,4,in_store,
T005088,S03,2025-05-31 15:59,19.09,1,in_store,
T001833,S01,2025-05-28 13:10,35.21,2,in_store,
T002924,S02,2025-05-09 12:38,73.66,3,in_store,
T003315,S02,2025-05-22 09:54,102.51,6,in_store,
T006783,S04,2025-05-27 09:25,16.77,2,in_store,
T001909,S01,2025-05-30 14:48,40.4,2,in_store,
T006593,S04,2025-05-21 17:46,86.49,4,online,
T000511,S01,2025-04-21 18:33,70.32,3,online,
T002472,S02,2025-04-22 13:00,54.16,3,online,
T006151,S04,2025-05-08 12:49,33.54,2,online,
T005218,S04,2025-04-10 11:33,3.0,5,in_store,
T003483,S02,2025-05-27 18:02,19.0,1,online,
T006303,S04,2025-05-12 09:15,57.41,3,in_store,
T005685,S04,2025-04-23 17:12,37.81,2,in_store,
T003713,S03,2025-04-09 11:24,80.98,5,in_store,
T007355,S05,2025-04-22 10:41,76.04,4,in_store,
T003615,S02,2025-05-31 19:37,37.0,2,online,
T003819,S03,2025-04-14 17:31,51.18,4,in_store,
T004129,S03,2025-04-27 19:39,42.44,3,online,
T002059,S02,2025-04-08 19:06,52.04,2,in_store,
T006301,S04,2025-05-12 19:03,32.63,2,online,
T002570,S02,2025-04-26 19:23,21.96,1,in_store,
T006103,S04,2025-05-06 18:44,18.13,2,in_store,
T001359,S01,2025-05-16 09:47,76.73,5,in_store,
T002539,S02,2025-04-24 15:14,16.45,4,in_store,
T005695,S04,2025-04-24 10:37,32.68,2,in_store,
T001005,S01,2025-05-06 18:10,158.63,6,online,
T005379,S04,2025-04-14 20:59,44.42,2,in_store,
T007340,S05,2025-04-21 15:27,19.78,1,in_store,
T003288,S02,2025-05-21 14:50,66.26,3,in_store,
T004095,S03,2025-04-26 16:54,64.26,3,online,
T006738,S04,2025-05-26 10:38,58.7,2,in_store,
T001572,S01,2025-05-21 12:11,24.44,1,in_store,
T001261,S01,2025-05-13 20:36,120.21,5,in_store,
T003457,S02,2025-05-26 11:34,88.55,6,in_store,
T007917,S05,2025-05-13 10:52,81.34,4,in_store,
T007647,S05,2025-05-03 11:57,47.75,2,in_store,
T005144,S04,2025-04-08 13:11,97.8,4,in_store,
T005365,S04,2025-04-14 14:34,30.14,2,in_store,
T006767,S04,2025-05-27 10:06,60.71,2,in_store,
T005091,S03,2025-05-31 16:54,108.18,7,in_store,
T000351,S01,2025-04-16 17:53,72.86,3,in_store,
T004503,S03,2025-05-10 18:25,139.75,5,online,
T000940,S01,2025-05-04 20:47,38.5,3,in_store,
T000546,S01,2025-04-22 17:15,9.96,1,online,
T004556,S03,2025-05-11 13:46,129.28,5,in_store,SPRING25
T003550,S02,2025-05-29 19:00,41.13,2,in_store,
T008290,S05,2025-05-27 18:33,48.82,3,in_store,
T001038,S01,2025-05-07 16:56,32.26,3,in_store,
T002574,S02,2025-04-26 10:21,20.76,1,in_store,
T004778,S03,2025-05-19 20:07,21.83,1,in_store,
T004992,S03,2025-05-28 13:07,55.05,3,in_store,
T001918,S01,2025-05-30 10:27,20.36,2,in_store,
T000154,S01,2025-04-11 14:14,12.97,1,in_store,
T000123,S01,2025-04-10 16:28,83.97,5,in_store,
T007752,S05,2025-05-07 17:10,83.37,4,online,
T002631,S02,2025-04-27 09:05,47.94,2,online,
T006265,S04,2025-05-11 10:00,35.97,3,in_store,
T005186,S04,2025-04-09 13:25,31.95,2,in_store,
T006991,S05,2025-04-08 17:02,70.43,4,in_store,
T005703,S04,2025-04-24 14:43,57.65,3,in_store,
T007975,S05,2025-05-15 13:40,70.24,3,in_store,
T006745,S04,2025-05-26 20:46,30.57,2,in_store,
T002512,S02,2025-04-23 14:48,37.24,2,in_store,
T001263,S01,2025-05-13 16:10,42.92,2,online,
T008076,S05,2025-05-20 18:54,59.15,3,online,
T006610,S04,2025-05-22 18:52,100.51,5,in_store,
T001842,S01,2025-05-28 10:21,29.21,2,in_store,
T005263,S04,2025-04-11 11:08,63.39,3,online,
T003825,S03,2025-04-14 18:02,76.87,5,online,
T008302,S05,2025-05-28 13:04,166.41,8,in_store,
T004049,S03,2025-04-24 16:10,79.41,3,online,
T001544,S01,2025-05-20 17:01,45.83,3,in_store,
T006458,S04,2025-05-17 13:46,75.18,3,in_store,
T007798,S05,2025-05-08 19:37,23.08,2,online,
T005355,S04,2025-04-13 18:58,31.46,2,in_store,
T007561,S05,2025-04-30 10:57,52.91,3,online,
T004683,S03,2025-05-15 09:34,50.74,2,in_store,
T001905,S01,2025-05-29 20:54,146.39,5,online,
T001274,S01,2025-05-13 13:51,35.59,3,online,
T005866,S04,2025-04-29 15:18,120.4,5,in_store,
T000947,S01,2025-05-04 09:08,116.43,4,online,
T008292,S05,2025-05-28 19:09,33.85,2,in_store,
T001083,S01,2025-05-08 15:39,43.37,3,online,
T006990,S05,2025-04-08 14:01,51.13,2,online,
T005744,S04,2025-04-25 17:54,37.87,2,in_store,
T006667,S04,2025-05-24 11:32,11.6,1,in_store,
T003430,S02,2025-05-25 09:17,61.84,4,online,
T000198,S01,2025-04-12 10:19,71.34,3,in_store,
T003279,S02,2025-05-21 10:24,95.56,4,in_store,
T000151,S01,2025-04-11 15:08,117.33,6,in_store,
T006673,S04,2025-05-24 20:04,35.7,2,in_store,
T002739,S02,2025-05-02 20:51,72.14,3,in_store,
T000181,S01,2025-04-12 20:45,14.34,1,online,
T007460,S05,2025-04-26 19:50,62.17,3,online,
T004072,S03,2025-04-25 12:33,82.93,5,in_store,
T001805,S01,2025-05-27 20:00,8.87,1,online,
T005089,S03,2025-05-31 20:00,21.0,1,in_store,
T004382,S03,2025-05-08 12:12,22.15,1,in_store,
T008022,S05,2025-05-18 12:36,55.46,2,in_store,
T006977,S05,2025-04-08 17:36,97.41,5,online,
T005662,S04,2025-04-22 13:57,20.68,1,in_store,
T007343,S05,2025-04-21 13:18,118.5,5,in_store,
T006306,S04,2025-05-12 10:07,54.12,3,in_store,
T002699,S02,2025-04-30 18:44,39.5,4,in_store,
T000258,S01,2025-04-14 14:36,8.98,1,online,
T000393,S01,2025-04-17 09:17,33.1,2,in_store,
T005538,S04,2025-04-19 17:12,61.63,5,online,
T003094,S02,2025-05-14 13:32,21.04,1,in_store,
T003006,S02,2025-05-11 13:20,19.7,2,in_store,
T005369,S04,2025-04-14 19:28,224.81,5,in_store,
T007481,S05,2025-04-27 09:23,33.47,3,in_store,
T007281,S05,2025-04-19 13:24,28.22,2,online,
T005860,S04,2025-04-29 16:01,70.2,4,in_store,
T001506,S01,2025-05-19 12:10,28.56,2,online,
T000475,S01,2025-04-20 19:33,58.59,4,in_store,
T007397,S05,2025-04-24 15:22,41.02,3,in_store,
T004215,S03,2025-05-01 14:39,40.57,3,in_store,
T004275,S03,2025-05-04 14:57,86.24,6,in_store,
T007533,S05,2025-04-29 11:42,28.75,3,in_store,
T003410,S02,2025-05-25 14:33,73.72,3,in_store,
T000687,S01,2025-04-26 13:54,41.95,2,in_store,
T001634,S01,2025-05-22 16:50,29.35,2,in_store,
T002346,S02,2025-04-18 09:39,70.34,4,in_store,
T002573,S02,2025-04-26 18:05,75.52,3,in_store,
T001790,S01,2025-05-26 12:40,108.06,5,in_store,
T005795,S04,2025-04-27 18:00,107.74,4,in_store,
T000762,S01,2025-04-28 18:33,42.23,2,online,
T001967,S01,2025-05-31 14:32,44.17,2,in_store,
T002514,S02,2025-04-23 20:10,62.03,3,in_store,
T002158,S02,2025-04-12 20:54,31.01,3,online,
T005534,S04,2025-04-19 14:39,42.05,2,in_store,
T007836,S05,2025-05-10 09:55,49.8,4,in_store,
T001664,S01,2025-05-23 11:26,58.93,3,in_store,
T004161,S03,2025-04-28 14:27,79.81,4,in_store,
T002591,S02,2025-04-26 16:48,47.15,2,in_store,
T003792,S03,2025-04-13 16:07,38.79,2,in_store,
T007743,S05,2025-05-07 17:56,36.29,2,in_store,
T003378,S02,2025-05-24 14:09,48.96,3,online,
T005032,S03,2025-05-29 11:37,50.66,3,in_store,
T000650,S01,2025-04-25 16:23,50.47,3,in_store,
T008163,S05,2025-05-23 20:25,78.07,3,in_store,
T006857,S04,2025-05-29 09:22,30.03,4,in_store,
T003716,S03,2025-04-09 18:35,20.8,2,online,
T000368,S01,2025-04-17 17:23,29.28,3,in_store,
T007189,S05,2025-04-16 13:38,18.21,3,in_store,
T005481,S04,2025-04-17 18:28,83.83,4,in_store,
T005339,S04,2025-04-13 16:14,64.52,4,in_store,
T001035,S01,2025-05-07 17:32,10.47,1,online,
T000733,S01,2025-04-27 19:47,114.27,4,in_store,
T007062,S05,2025-04-11 17:59,15.01,1,in_store,
T007270,S05,2025-04-19 18:37,150.97,7,in_store,
T000685,S01,2025-04-26 13:41,20.2,1,in_store,
T003845,S03,2025-04-15 17:53,68.85,3,online,
T004236,S03,2025-05-02 16:39,16.78,1,online,
T007820,S05,2025-05-09 19:00,16.82,1,in_store,
T004320,S03,2025-05-05 18:16,29.38,2,in_store,
T002124,S02,2025-04-11 14:10,98.95,5,in_store,
T001882,S01,2025-05-29 18:16,38.11,4,in_store,
T003625,S02,2025-06-01 17:39,36.02,2,in_store,
T007562,S05,2025-04-30 10:19,22.68,2,in_store,
T005581,S04,2025-04-20 20:56,163.06,7,online,
T008046,S05,2025-05-18 11:58,78.02,4,in_store,
T002931,S02,2025-05-09 15:32,93.63,4,in_store,
T001825,S01,2025-05-27 16:02,50.8,4,in_store,
T007915,S05,2025-05-13 09:03,55.7,4,in_store,
T004165,S03,2025-04-29 14:12,52.59,3,in_store,
T005580,S04,2025-04-20 16:30,118.76,7,in_store,
T007374,S05,2025-04-23 17:37,14.01,2,in_store,
T000644,S01,2025-04-25 10:11,22.78,1,in_store,
T003381,S02,2025-05-24 12:48,27.56,2,in_store,
T004685,S03,2025-05-15 16:14,169.81,7,in_store,
T003110,S02,2025-05-14 10:09,24.12,2,online,
T003920,S03,2025-04-18 11:23,55.36,3,in_store,
T003580,S02,2025-05-30 16:10,42.39,2,in_store,
T007529,S05,2025-04-29 09:12,72.49,2,online,
T001551,S01,2025-05-20 19:33,47.23,2,online,
T005952,S04,2025-05-02 09:22,32.37,2,in_store,
T001598,S01,2025-05-22 13:59,55.64,4,online,
T003358,S02,2025-05-24 18:21,79.59,4,in_store,
T003922,S03,2025-04-19 16:11,41.45,3,in_store,
T001718,S01,2025-05-25 12:53,45.13,2,online,
T002757,S02,2025-05-02 17:27,29.24,2,in_store,
T003668,S03,2025-04-07 12:18,25.13,3,in_store,
T007293,S05,2025-04-20 10:53,20.33,1,online,
T006768,S04,2025-05-27 15:02,36.98,3,in_store,
T006868,S04,2025-05-30 17:45,85.95,3,online,
T008404,S05,2025-06-01 13:40,34.94,2,in_store,
T008248,S05,2025-05-26 17:42,20.36,1,in_store,
T007072,S05,2025-04-12 09:20,18.54,2,in_store,
T004896,S03,2025-05-24 12:42,105.39,5,online,
T002444,S02,2025-04-21 15:10,76.89,3,in_store,
T000840,S01,2025-05-01 12:33,29.78,2,in_store,
T001614,S01,2025-05-22 17:40,59.35,2,in_store,
T005305,S04,2025-04-12 18:08,53.29,2,online,
T005881,S04,2025-04-29 18:07,64.21,3,online,
T007224,S05,2025-04-18 09:09,68.89,4,online,
T005411,S04,2025-04-15 12:24,43.87,2,in_store,
T006623,S04,2025-05-22 10:57,44.64,2,in_store,
T003870,S03,2025-04-16 10:00,37.59,4,in_store,
T000011,S01,2025-04-07 17:34,42.0,3,online,
T000166,S01,2025-04-11 19:25,17.18,1,in_store,
T006069,S04,2025-05-05 19:14,32.7,3,in_store,
T004652,S03,2025-05-14 10:22,40.29,3,in_store,
T002497,S02,2025-04-23 17:19,130.8,5,in_store,
T008281,S05,2025-05-27 11:50,50.24,2,in_store,
T004212,S03,2025-05-01 11:57,36.14,4,in_store,
T004779,S03,2025-05-19 15:10,49.35,3,in_store,
T004407,S03,2025-05-08 14:17,24.85,2,in_store,
T002370,S02,2025-04-19 13:50,55.18,3,in_store,
T004572,S03,2025-05-11 20:50,65.98,4,in_store,SPRING25
T006565,S04,2025-05-20 11:55,49.95,2,online,
T005319,S04,2025-04-12 15:38,21.18,1,in_store,
T006699,S04,2025-05-25 11:35,47.05,3,in_store,
T004976,S03,2025-05-27 19:46,109.52,4,online,
T008097,S05,2025-05-21 11:56,66.06,2,online,
T003386,S02,2025-05-24 19:06,28.25,2,in_store,
T004315,S03,2025-05-05 18:16,19.69,1,online,
T000212,S01,2025-04-12 10:55,25.39,5,in_store,
T002683,S02,2025-04-30 17:48,51.88,4,online,
T001667,S01,2025-05-23 20:25,28.58,2,online,
T003979,S03,2025-04-20 20:13,52.65,3,online,
T006199,S04,2025-05-10 09:09,76.38,3,online,
T008249,S05,2025-05-26 11:17,22.14,3,online,
T003127,S02,2025-05-15 09:58,35.06,4,in_store,
T001556,S01,2025-05-20 14:05,8.11,1,in_store,
T004537,S03,2025-05-11 13:51,89.47,5,in_store,SPRING25
T004745,S03,2025-05-17 20:36,96.66,4,in_store,
T008449,S09,2025-05-16 13:31,37.08,3,in_store,
T006116,S04,2025-05-07 12:09,50.67,2,online,
T007182,S05,2025-04-16 15:38,41.74,3,online,
T001595,S01,2025-05-21 14:27,34.79,2,in_store,
T005109,S03,2025-06-01 13:23,63.2,3,in_store,
T003760,S03,2025-04-11 19:45,12.37,1,in_store,
T003395,S02,2025-05-24 20:55,39.85,5,in_store,
T001354,S01,2025-05-16 20:15,82.71,4,in_store,
T001916,S01,2025-05-30 19:45,25.33,1,online,
T001517,S01,2025-05-19 16:31,32.53,3,in_store,
T006863,S04,2025-05-30 19:44,69.42,4,in_store,
T007734,S05,2025-05-06 12:37,38.9,4,in_store,
T001934,S01,2025-05-31 16:08,49.2,3,in_store,
T007394,S05,2025-04-23 09:23,41.49,6,in_store,
T008284,S05,2025-05-27 17:01,44.93,2,in_store,
T002196,S02,2025-04-13 19:25,259.72,10,in_store,
T007960,S05,2025-05-15 17:57,20.45,1,in_store,
T003002,S02,2025-05-11 18:01,170.96,9,online,
T006399,S04,2025-05-15 18:17,104.84,4,in_store,
T005986,S04,2025-05-03 09:11,57.49,4,in_store,
T002155,S02,2025-04-12 16:08,54.99,5,online,
T000566,S01,2025-04-23 16:04,46.5,4,in_store,
T006537,S04,2025-05-19 13:17,20.81,2,online,
T000521,S01,2025-04-21 11:31,81.58,5,online,
T008443,S09,2025-05-07 19:39,75.82,3,online,
T000231,S01,2025-04-13 16:57,101.9,4,online,
T003789,S03,2025-04-13 12:45,78.21,4,online,
T002195,S02,2025-04-13 18:01,53.77,4,in_store,
T004145,S03,2025-04-28 12:30,26.96,1,in_store,
T001020,S01,2025-05-06 14:00,42.26,2,in_store,
T006312,S04,2025-05-12 15:00,36.26,2,online,
T001529,S01,2025-05-19 17:09,26.44,2,online,
T005053,S03,2025-05-30 14:41,42.53,2,online,
T000053,S01,2025-04-08 18:16,164.18,6,in_store,
T001756,S01,2025-05-25 11:56,56.94,4,online,
T004905,S03,2025-05-24 13:32,86.91,5,online,
T007725,S05,2025-05-06 19:37,17.12,1,online,
T003759,S03,2025-04-11 12:55,34.37,2,in_store,
T007832,S05,2025-05-10 19:59,21.72,1,in_store,
T004748,S03,2025-05-17 15:32,97.81,5,in_store,
T007331,S05,2025-04-21 12:45,31.18,2,in_store,
T000469,S01,2025-04-19 17:36,12.43,1,in_store,
T003670,S03,2025-04-07 18:58,78.14,4,in_store,
T004097,S03,2025-04-26 14:09,14.66,1,in_store,
T000348,S01,2025-04-16 19:21,11.8,1,in_store,
T002329,S02,2025-04-17 10:27,44.43,2,in_store,
T000991,S01,2025-05-05 13:37,61.7,3,in_store,
T008334,S05,2025-05-29 09:04,23.16,2,in_store,
T001484,S01,2025-05-19 14:38,34.44,2,online,
T000010,S01,2025-04-07 17:25,49.41,3,in_store,
T002789,S02,2025-05-03 17:16,23.44,2,in_store,
T001669,S01,2025-05-23 11:12,17.61,1,in_store,
T008165,S05,2025-05-23 15:41,21.25,1,in_store,
T006277,S04,2025-05-11 13:58,45.31,2,in_store,
T007844,S05,2025-05-10 09:18,48.56,2,in_store,
T003943,S03,2025-04-19 10:08,70.27,4,in_store,
T000286,S01,2025-04-14 18:44,61.57,4,online,
T005749,S04,2025-04-25 10:28,155.86,5,in_store,
T002392,S02,2025-04-19 10:34,40.15,3,online,
T001876,S01,2025-05-29 18:45,112.31,5,online,
T006528,S04,2025-05-19 09:47,20.53,3,in_store,
T004878,S03,2025-05-23 09:04,43.45,3,in_store,
T004900,S03,2025-05-24 11:27,40.44,2,in_store,
T002262,S02,2025-04-15 17:43,62.46,2,in_store,
T000496,S01,2025-04-20 18:29,32.4,2,in_store,
T002191,S02,2025-04-13 14:58,17.98,1,in_store,
T007837,S05,2025-05-10 12:51,10.22,2,in_store,
T003656,S03,2025-04-07 15:17,30.24,3,in_store,
T002210,S02,2025-04-13 15:48,61.2,5,in_store,
T003715,S03,2025-04-09 19:48,19.0,1,online,
T001867,S01,2025-05-28 14:07,52.33,2,online,
T008001,S05,2025-05-17 11:45,31.01,2,in_store,
T003089,S02,2025-05-13 20:49,51.12,3,in_store,
T004104,S03,2025-04-26 14:47,63.53,3,in_store,
T006318,S04,2025-05-12 09:12,35.05,2,in_store,
T002495,S02,2025-04-23 13:23,32.33,2,online,
T002447,S02,2025-04-21 20:20,77.39,4,online,
T002915,S02,2025-05-08 20:42,47.78,3,in_store,
T003546,S02,2025-05-29 11:01,30.36,2,online,
T003955,S03,2025-04-20 10:44,45.87,3,online,
T004999,S03,2025-05-28 18:50,13.08,1,online,
T001181,S01,2025-05-11 12:24,111.57,5,in_store,
T003185,S02,2025-05-17 15:54,154.3,5,in_store,
T006851,S04,2025-05-29 17:31,39.8,2,in_store,
T003049,S02,2025-05-12 11:01,25.82,3,online,
T003889,S03,2025-04-17 11:07,84.68,4,in_store,
T000020,S01,2025-04-07 14:38,26.49,1,in_store,
T002011,S01,2025-06-01 12:37,44.79,3,online,
T002908,S02,2025-05-08 19:30,72.55,4,in_store,
T003784,S03,2025-04-13 12:16,56.75,4,online,
T006573,S04,2025-05-20 18:34,15.17,1,in_store,
T002325,S02,2025-04-17 09:29,75.15,4,in_store,
T005587,S04,2025-04-20 12:16,43.64,2,in_store,
T007398,S05,2025-04-24 16:57,71.44,4,online,
T001894,S01,2025-05-29 16:17,63.68,3,in_store,
T006175,S04,2025-05-09 14:46,96.95,3,in_store,
T006905,S04,2025-05-31 17:54,78.67,4,in_store,
T002422,S02,2025-04-20 18:26,35.78,2,in_store,
T007863,S05,2025-05-11 14:14,40.66,2,in_store,
T005343,S04,2025-04-13 11:32,33.09,3,in_store,
T001225,S01,2025-05-12 11:25,90.19,4,in_store,
T004535,S03,2025-05-11 10:01,103.31,7,online,
T006487,S04,2025-05-18 12:14,65.44,4,in_store,
T006656,S04,2025-05-23 14:41,37.82,3,online,
T001656,S01,2025-05-23 11:14,20.51,1,in_store,
T004003,S03,2025-04-21 17:29,96.41,4,in_store,
T006373,S04,2025-05-14 16:21,133.22,4,in_store,
T004614,S03,2025-05-12 11:50,38.69,2,in_store,
T002083,S02,2025-04-09 11:42,40.56,2,in_store,
T004105,S03,2025-04-26 12:33,117.36,4,in_store,
T005731,S04,2025-04-25 10:51,53.0,2,online,
T007241,S05,2025-04-18 15:27,75.05,3,in_store,
T004191,S03,2025-04-30 18:27,32.08,3,in_store,
T004942,S03,2025-05-26 16:29,137.65,5,in_store,
T007115,S05,2025-04-13 20:34,87.97,3,in_store,
T000210,S01,2025-04-12 11:47,20.89,1,in_store,
T001200,S01,2025-05-11 11:44,24.66,2,online,
T001505,S01,2025-05-19 13:51,50.94,2,online,
T004006,S03,2025-04-22 12:16,58.92,3,in_store,
T004378,S03,2025-05-08 18:49,43.08,2,in_store,
T006039,S04,2025-05-04 09:58,45.97,4,in_store,
T003852,S03,2025-04-15 10:49,75.51,3,in_store,
T002438,S02,2025-04-21 13:11,68.5,2,in_store,
T007093,S05,2025-04-12 16:03,25.6,2,online,
T002300,S02,2025-04-16 10:10,49.25,3,in_store,
T001158,S01,2025-05-10 13:10,72.57,4,in_store,
T007558,S05,2025-04-30 18:44,72.97,6,online,
T004156,S03,2025-04-28 10:52,99.45,5,in_store,
T001352,S01,2025-05-16 12:15,57.86,3,in_store,
T005868,S04,2025-04-29 11:05,66.04,3,in_store,
T001037,S01,2025-05-07 18:17,88.77,4,in_store,
T006888,S04,2025-05-31 12:22,32.17,1,in_store,
T004765,S03,2025-05-18 10:26,39.16,2,online,
T004114,S03,2025-04-27 14:35,11.69,1,in_store,
T002925,S02,2025-05-09 10:21,50.91,2,in_store,
T005076,S03,2025-05-31 14:58,11.1,2,in_store,
T003062,S02,2025-05-12 09:42,71.2,3,in_store,
T002770,S02,2025-05-03 09:54,12.51,3,in_store,
T005359,S04,2025-04-13 09:41,45.05,2,online,
T006358,S04,2025-05-14 16:53,83.14,4,in_store,
T003289,S02,2025-05-21 17:16,99.7,5,in_store,
T005734,S04,2025-04-25 14:38,20.72,1,online,
T007991,S05,2025-05-16 10:14,82.55,3,in_store,
T003495,S02,2025-05-27 18:28,36.23,2,in_store,
T007722,S05,2025-05-06 17:21,17.02,1,in_store,
T002134,S02,2025-04-11 20:26,118.6,4,in_store,
T007415,S05,2025-04-24 19:41,117.63,8,online,
T007024,S05,2025-04-10 18:15,38.14,3,in_store,
T001964,S01,2025-05-31 19:51,43.32,5,online,
T000418,S01,2025-04-18 13:51,89.67,4,in_store,
T007815,S05,2025-05-09 13:11,27.46,4,online,
T000197,S01,2025-04-12 18:07,67.44,3,in_store,
T005346,S04,2025-04-13 16:36,106.79,6,in_store,
T005849,S04,2025-04-28 18:27,16.92,1,in_store,
T000285,S01,2025-04-14 11:13,7.74,1,online,
T008147,S05,2025-05-23 11:22,49.7,4,in_store,
T005232,S04,2025-04-10 09:19,15.28,2,online,
T001569,S01,2025-05-21 09:21,62.33,3,in_store,
T006811,S04,2025-05-28 14:31,64.68,3,in_store,
T007986,S05,2025-05-16 14:39,76.11,3,online,
T003572,S02,2025-05-30 12:58,70.3,3,in_store,
T007157,S05,2025-04-15 10:04,70.54,4,in_store,
T008350,S05,2025-05-30 15:54,68.59,4,in_store,
T007557,S05,2025-04-30 15:12,31.02,2,in_store,
T007575,S05,2025-04-30 13:12,66.02,3,in_store,
T006509,S04,2025-05-18 13:21,34.71,2,in_store,
T004671,S03,2025-05-15 12:31,33.77,2,online,
T006128,S04,2025-05-07 19:01,116.95,6,online,
T002753,S02,2025-05-02 14:46,37.03,2,in_store,
T003774,S03,2025-04-12 20:37,59.17,2,in_store,
T000113,S01,2025-04-10 17:30,60.59,4,online,
T007271,S05,2025-04-19 12:21,193.02,6,in_store,
T000415,S01,2025-04-18 13:48,48.76,2,in_store,
T006734,S04,2025-05-25 12:45,67.1,4,in_store,
T000339,S01,2025-04-16 10:11,11.75,1,in_store,
T005173,S04,2025-04-08 13:41,107.24,4,in_store,
T001090,S01,2025-05-08 12:34,6.68,1,in_store,
T005366,S04,2025-04-14 12:47,143.47,5,in_store,
T007939,S05,2025-05-14 13:00,51.15,3,in_store,
T003394,S02,2025-05-24 19:32,112.25,3,in_store,
T002892,S02,2025-05-07 20:42,40.33,2,in_store,
T007111,S05,2025-04-13 12:56,75.92,4,in_store,
T000928,S01,2025-05-03 15:27,96.56,4,in_store,
T006023,S04,2025-05-04 19:32,117.05,7,online,
T006203,S04,2025-05-10 19:55,45.1,2,in_store,
T004256,S03,2025-05-03 18:15,18.72,2,in_store,
T002586,S02,2025-04-26 16:14,67.93,3,online,
T002235,S02,2025-04-14 20:41,82.75,4,online,
T003440,S02,2025-05-26 18:56,75.36,4,in_store,
T002206,S02,2025-04-13 09:41,63.59,4,in_store,
T003796,S03,2025-04-13 11:06,24.8,1,online,
T006467,S04,2025-05-17 16:50,60.25,4,in_store,
T003946,S03,2025-04-19 19:51,36.12,2,online,
T001084,S01,2025-05-08 13:40,54.82,3,online,
T007381,S05,2025-04-23 20:41,54.94,2,online,
T002826,S02,2025-05-05 18:42,17.29,1,in_store,
T004785,S03,2025-05-19 14:28,21.73,1,in_store,
T005641,S04,2025-04-22 17:02,74.86,3,in_store,
T004039,S03,2025-04-23 09:18,83.72,4,online,
T005891,S04,2025-04-29 19:52,20.48,2,in_store,
T000274,S01,2025-04-14 09:05,9.99,1,in_store,
T007020,S05,2025-04-09 17:48,6.61,1,in_store,
T005172,S04,2025-04-08 12:34,100.54,5,online,
T005914,S04,2025-04-30 16:25,129.68,7,in_store,
T007838,S05,2025-05-10 10:47,27.18,2,in_store,
T002138,S02,2025-04-11 13:09,47.91,3,in_store,
T007655,S05,2025-05-04 09:49,32.39,2,in_store,
T004147,S03,2025-04-28 10:20,61.71,4,online,
T004950,S03,2025-05-26 09:58,31.22,2,online,
T006560,S04,2025-05-20 10:42,42.76,2,in_store,
T000582,S01,2025-04-23 20:40,16.45,1,in_store,
T002450,S02,2025-04-21 11:16,54.33,2,in_store,
T000699,S01,2025-04-27 20:36,96.17,4,in_store,
T001762,S01,2025-05-26 20:06,23.1,1,online,
T000718,S01,2025-04-27 19:25,54.09,3,online,
T005984,S04,2025-05-03 10:59,59.05,3,in_store,
T001464,S01,2025-05-18 14:13,33.82,2,online,
T006061,S04,2025-05-05 11:42,48.42,3,in_store,
T000239,S01,2025-04-13 13:08,51.51,2,online,
T001360,S01,2025-05-16 13:24,21.98,1,in_store,
T007942,S05,2025-05-14 11:29,53.45,2,in_store,
T002372,S02,2025-04-19 19:20,22.87,1,in_store,
T006773,S04,2025-05-27 18:03,83.57,3,in_store,
T004866,S03,2025-05-22 14:34,16.08,1,in_store,
T001772,S01,2025-05-26 14:32,71.6,4,in_store,
T003739,S03,2025-04-10 13:10,111.41,5,in_store,
T005529,S04,2025-04-19 15:28,107.88,7,in_store,
T002399,S02,2025-04-20 09:46,52.47,4,in_store,
T005912,S04,2025-04-30 13:28,21.8,3,online,
T000052,S01,2025-04-08 18:16,39.13,4,in_store,
T003109,S02,2025-05-14 10:00,22.05,3,in_store,
T003682,S03,2025-04-07 13:01,109.9,5,online,
T003086,S02,2025-05-13 11:50,47.11,2,in_store,
T001700,S01,2025-05-24 14:16,76.48,3,in_store,
T002624,S02,2025-04-27 15:13,113.57,6,in_store,
T004330,S03,2025-05-06 17:42,91.66,3,in_store,
T005297,S04,2025-04-12 17:50,68.82,4,online,
T001286,S01,2025-05-14 15:26,55.37,4,online,
T000479,S01,2025-04-20 13:22,14.52,1,in_store,
T008103,S05,2025-05-21 15:52,49.29,3,in_store,
T001802,S01,2025-05-27 09:45,9.86,1,in_store,
T004980,S03,2025-05-27 16:29,71.03,4,in_store,
T003705,S03,2025-04-09 14:22,68.52,4,online,
T006616,S04,2025-05-22 19:17,108.48,5,online,
T002943,S02,2025-05-09 10:47,16.81,2,online,
T002540,S02,2025-04-24 18:20,64.58,4,online,
T005922,S04,2025-04-30 10:57,32.73,4,in_store,
T005668,S04,2025-04-23 12:03,24.42,4,in_store,
T008157,S05,2025-05-23 20:21,61.51,4,in_store,
T003904,S03,2025-04-18 17:00,19.55,1,online,
T006074,S04,2025-05-05 15:56,13.17,1,in_store,
T002755,S02,2025-05-02 17:05,45.3,2,in_store,
T003762,S03,2025-04-11 20:50,53.01,3,online,
T004303,S03,2025-05-05 11:43,36.03,2,in_store,
T007345,S05,2025-04-21 14:14,51.82,4,in_store,
T000001,S01,2025-04-07 12:37,8.27,2,in_store,
T002010,S01,2025-06-01 17:10,15.47,1,in_store,
T001785,S01,2025-05-26 15:04,12.54,1,online,
T001764,S01,2025-05-26 16:52,14.92,1,in_store,
T004144,S03,2025-04-28 10:47,52.96,3,online,
T005407,S04,2025-04-15 09:57,52.57,2,in_store,
T000386,S01,2025-04-17 12:24,71.09,4,online,
T001266,S01,2025-05-13 18:23,59.76,4,online,
T004727,S03,2025-05-17 17:52,72.03,4,online,
T004480,S03,2025-05-10 14:07,141.86,5,in_store,SPRING25
T005052,S03,2025-05-30 09:14,23.3,2,online,
T007159,S05,2025-04-15 19:33,74.32,3,online,
T000115,S01,2025-04-10 17:38,25.41,2,in_store,
T004590,S03,2025-05-11 10:10,119.31,7,in_store,
T006270,S04,2025-05-11 11:35,46.36,2,in_store,
T004608,S03,2025-05-12 17:17,38.68,4,in_store,
T006221,S04,2025-05-10 17:07,70.78,3,online,
T002979,S02,2025-05-10 19:13,31.9,2,in_store,
T000819,S01,2025-05-01 18:27,23.18,2,in_store,
T000788,S01,2025-04-30 15:08,107.36,3,in_store,
T004112,S03,2025-04-26 17:19,79.62,3,in_store,
T004532,S03,2025-05-11 13:54,247.82,9,in_store,
T003578,S02,2025-05-30 15:04,21.39,1,in_store,
T007857,S05,2025-05-11 18:56,97.18,4,in_store,
T004051,S03,2025-04-24 10:26,37.56,2,in_store,
T001428,S01,2025-05-17 20:26,20.56,1,in_store,
T003919,S03,2025-04-18 19:08,14.79,1,in_store,
T006180,S04,2025-05-09 14:23,64.35,4,in_store,
T007092,S05,2025-04-12 17:59,80.57,6,in_store,
T005293,S04,2025-04-12 14:01,38.33,2,in_store,
T003030,S02,2025-05-12 11:57,26.45,2,online,
T000242,S01,2025-04-13 13:44,64.05,5,in_store,
T001773,S01,2025-05-26 19:57,64.91,3,online,
T003205,S02,2025-05-18 20:44,64.4,2,in_store,
T003619,S02,2025-06-01 20:16,51.36,3,online,
T007031,S05,2025-04-10 14:05,45.45,4,in_store,
T001752,S01,2025-05-25 11:57,62.42,6,in_store,
T002006,S01,2025-06-01 09:45,42.69,2,in_store,
T003710,S03,2025-04-09 14:16,51.25,3,in_store,
T003251,S02,2025-05-20 10:57,35.43,3,in_store,
T002301,S02,2025-04-16 16:24,40.38,2,in_store,
T001630,S01,2025-05-22 16:03,47.56,3,in_store,
T007430,S05,2025-04-25 17:33,38.89,2,in_store,
T001125,S01,2025-05-09 09:30,52.4,2,in_store,
T005288,S04,2025-04-12 20:51,82.7,6,in_store,
T000315,S01,2025-04-15 19:35,32.39,2,online,
T001778,S01,2025-05-26 13:47,39.92,3,online,
T003945,S03,2025-04-19 12:50,50.93,2,in_store,
T005060,S03,2025-05-30 15:49,67.76,4,in_store,
T001686,S01,2025-05-24 13:37,39.28,2,in_store,
T008104,S05,2025-05-21 20:56,52.48,2,in_store,
T002891,S02,2025-05-07 20:02,36.75,4,in_store,
T003519,S02,2025-05-28 15:31,54.32,3,in_store,
T006290,S04,2025-05-11 10:05,98.5,4,in_store,
T000363,S01,2025-04-17 09:36,35.19,2,in_store,
T003733,S03,2025-04-10 13:08,77.79,4,in_store,
T000631,S01,2025-04-25 16:48,39.31,3,online,
T001789,S01,2025-05-26 12:04,113.07,5,in_store,
T005774,S04,2025-04-26 17:32,34.13,2,in_store,
T005751,S04,2025-04-25 10:58,93.57,4,online,
T002805,S02,2025-05-04 17:54,20.83,1,in_store,
T003959,S03,2025-04-20 13:55,29.05,3,online,
T000120,S01,2025-04-10 15:40,65.55,4,in_store,
T007715,S05,2025-05-05 12:29,74.44,4,online,
T001063,S01,2025-05-07 10:23,19.97,1,in_store,
T000494,S01,2025-04-20 11:31,15.61,2,online,
T000444,S01,2025-04-19 19:21,19.86,1,in_store,
T006483,S04,2025-05-18 09:41,43.26,2,in_store,
T008212,S05,2025-05-25 09:34,35.31,2,in_store,
T000419,S01,2025-04-18 14:44,37.87,2,in_store,
T007244,S05,2025-04-18 13:33,15.16,1,in_store,
T007549,S05,2025-04-30 12:56,129.19,8,online,
T000930,S01,2025-05-03 13:50,20.98,3,in_store,
T006597,S04,2025-05-21 16:08,30.08,2,in_store,
T002502,S02,2025-04-23 15:03,60.52,3,in_store,
T004257,S03,2025-05-03 09:15,94.01,5,in_store,
T004400,S03,2025-05-08 11:54,108.77,4,online,
T006163,S04,2025-05-08 12:07,61.03,3,in_store,
T005164,S04,2025-04-08 17:40,51.52,3,in_store,
T005394,S04,2025-04-15 12:17,21.81,1,in_store,
T005564,S04,2025-04-20 20:55,37.0,2,in_store,
T000935,S01,2025-05-04 19:39,19.44,1,in_store,
T007259,S05,2025-04-19 13:45,42.92,2,in_store,
T001946,S01,2025-05-31 17:24,41.41,2,online,
T000276,S01,2025-04-14 19:43,5.77,1,in_store,
T005967,S04,2025-05-02 17:11,32.02,3,in_store,
T006259,S04,2025-05-11 19:30,26.29,1,in_store,
T007749,S05,2025-05-07 10:11,61.96,4,in_store,
T006872,S04,2025-05-30 18:45,89.67,4,in_store,
T008073,S05,2025-05-19 19:10,59.66,4,in_store,
T005252,S04,2025-04-11 17:48,45.54,2,online,
T008177,S05,2025-05-24 16:02,73.48,4,online,
T006146,S04,2025-05-08 14:06,60.49,5,online,
T001724,S01,2025-05-25 19:41,70.7,4,in_store,
T004324,S03,2025-05-05 19:09,32.62,3,in_store,
T007859,S05,2025-05-11 19:29,80.13,3,in_store,
T008326,S05,2025-05-29 13:19,67.08,6,in_store,
T006393,S04,2025-05-15 12:26,27.21,2,online,
T001308,S01,2025-05-14 16:19,29.71,2,in_store,
T006584,S04,2025-05-20 12:59,120.19,5,online,
T003215,S02,2025-05-18 12:10,100.17,4,online,
T004909,S03,2025-05-24 10:56,15.55,1,in_store,
T005259,S04,2025-04-11 12:00,47.5,3,in_store,
T003162,S02,2025-05-17 10:44,14.13,1,in_store,
T006983,S05,2025-04-08 11:58,50.84,5,in_store,
T003996,S03,2025-04-21 13:14,36.97,2,online,
T003096,S02,2025-05-14 10:30,74.62,3,in_store,
T001395,S01,2025-05-17 16:57,40.23,5,online,
T001351,S01,2025-05-16 13:56,16.87,1,online,
T004754,S03,2025-05-18 15:27,46.24,2,in_store,
T003154,S02,2025-05-16 09:41,16.67,1,online,
T007637,S05,2025-05-03 10:04,20.02,1,online,
T001256,S01,2025-05-13 09:54,142.75,6,in_store,
T008333,S05,2025-05-29 18:14,121.41,6,in_store,
T006691,S04,2025-05-24 17:05,34.28,2,online,
T003886,S03,2025-04-17 19:28,11.11,1,in_store,
T007934,S05,2025-05-14 09:10,34.78,2,in_store,
T005725,S04,2025-04-25 17:12,67.58,4,in_store,
T006766,S04,2025-05-27 17:38,16.24,1,in_store,
T003865,S03,2025-04-16 18:08,61.34,3,in_store,
T000584,S01,2025-04-23 10:31,42.74,3,in_store,
T008455,S09,2025-05-01 16:59,59.26,5,in_store,
T001294,S01,2025-05-14 15:58,71.18,6,in_store,
T004024,S03,2025-04-23 12:24,40.86,3,in_store,
T007260,S05,2025-04-19 17:19,43.55,2,in_store,
T005201,S04,2025-04-09 12:54,99.72,6,in_store,
T003776,S03,2025-04-12 17:25,96.25,5,in_store,
